Ticker,Company,CIK,Rating Score,Net Income,Revenue,Total Assets,Total Liabilities
NVDA,NVIDIA CORP,0001045810,100,120067000000.0,215938000000.0,206803000000.0,49510000000.0
GOOGL,Alphabet Inc.,0001652044,100,132170000000.0,402836000000.0,595281000000.0,180016000000.0
TROW,PRICE T ROWE GROUP INC,0001113169,100,2087100000.0,2370700000.0,14341800000.0,2288600000.0
MRVL,"Marvell Technology, Inc.",0001835632,100,2670100000.0,8194600000.0,22285300000.0,7976900000.0
SNDK,Sandisk Corp,0002023554,100,11433000000.0,20248000000.0,22507000000.0,6771000000.0
CDW,CDW Corp,0001402057,100,1066600000.0,2713300000.0,16028200000.0,5981100000.0
GOOGN,Alphabet Inc.,0001652044,100,132170000000.0,402836000000.0,595281000000.0,180016000000.0
WDC,WESTERN DIGITAL CORP,0000106040,100,9424000000.0,12919000000.0,13861000000.0,4997000000.0
ISRG,INTUITIVE SURGICAL INC,0001035267,100,2856000000.0,10064700000.0,20458700000.0,2517000000.0
GOOGM,Alphabet Inc.,0001652044,100,132170000000.0,402836000000.0,595281000000.0,180016000000.0
BIO,"BIO-RAD LABORATORIES, INC.",0000012208,100,759900000.0,2583200000.0,10576500000.0,3122900000.0
TMUSI,"T-Mobile US, Inc.",0001283699,100,10992000000.0,10759000000.0,219237000000.0,6830508000.0
TMUSZ,"T-Mobile US, Inc.",0001283699,100,10992000000.0,10759000000.0,219237000000.0,6830508000.0
VICI,VICI PROPERTIES INC.,0001705696,100,2775493000.0,4006116000.0,46724168000.0,18501581000.0
ANET,"Arista Networks, Inc.",0001596532,100,3511400000.0,9005700000.0,19448600000.0,7078100000.0
TMUS,"T-Mobile US, Inc.",0001283699,100,10992000000.0,10759000000.0,219237000000.0,6830508000.0
DHR,DANAHER CORP /DE/,0000313616,100,3614000000.0,5363500000.0,83464000000.0,8444400000.0
VRTX,VERTEX PHARMACEUTICALS INC / MA,0000875320,100,3953200000.0,651634000.0,25643000000.0,6977200000.0
TMUSL,"T-Mobile US, Inc.",0001283699,100,10992000000.0,10759000000.0,219237000000.0,6830508000.0
REGN,"REGENERON PHARMACEUTICALS, INC.",0000872589,100,4504900000.0,1582447000.0,40558700000.0,9301800000.0
OTEX,OPEN TEXT CORP,0001002638,100,643022000.0,2815241000.0,13106504000.0,502044000.0
GOOG,Alphabet Inc.,0001652044,100,132170000000.0,402836000000.0,595281000000.0,180016000000.0
PHM,PULTEGROUP INC/MI/,0000822416,100,2218730000.0,3192363000.0,18048423000.0,5062981000.0
BAM,Brookfield Asset Management Ltd.,0001937926,100,2398000000.0,4817000000.0,17047000000.0,6737000000.0
COO,"COOPER COMPANIES, INC.",0000711404,100,374900000.0,651500000.0,12394800000.0,4155700000.0
MU,MICRON TECHNOLOGY INC,0000723125,100,8539000000.0,8440000000.0,82798000000.0,28633000000.0
BIO-B,"BIO-RAD LABORATORIES, INC.",0000012208,100,759900000.0,2583200000.0,10576500000.0,3122900000.0
CPRT,COPART INC,0000900075,100,1552449000.0,525659000.0,10090902000.0,883411000.0
REXR-PB,"Rexford Industrial Realty, Inc.",0001571283,100,212029000.0,1003133000.0,12612713000.0,3774694000.0
REXR-PC,"Rexford Industrial Realty, Inc.",0001571283,100,212029000.0,1003133000.0,12612713000.0,3774694000.0
REXR,"Rexford Industrial Realty, Inc.",0001571283,100,212029000.0,1003133000.0,12612713000.0,3774694000.0
EQT,EQT Corp,0000033213,100,2039247000.0,8644211000.0,41792874000.0,14432726000.0
ZM,"Zoom Communications, Inc.",0001585521,100,1900148000.0,4868769000.0,11960416000.0,2152158000.0
TDY,TELEDYNE TECHNOLOGIES INC,0001094285,100,894800000.0,1020400000.0,15285300000.0,4771400000.0
JCI,Johnson Controls International plc,0000833444,100,3291000000.0,9902000000.0,37939000000.0,8245000000.0
COHR,COHERENT CORP.,0000820318,100,804998000.0,321075000.0,18299852000.0,7061652000.0
FSLR,"FIRST SOLAR, INC.",0001274494,100,1528229000.0,5219376000.0,13321310000.0,3783317000.0
FWONA,Liberty Media Corp,0001560385,90,555000000.0,2009000000.0,15398000000.0,6948000000.0
SMCIP,"Super Micro Computer, Inc.",0001375365,90,1048854000.0,678168000.0,14018429000.0,7716558000.0
OAK-PB,"Brookfield Oaktree Holdings, LLC",0001403528,90,249238000.0,143899000.0,6800312000.0,1464479000.0
PLDGP,"Prologis, Inc.",0001045609,90,3328231000.0,2252712000.0,98724256000.0,40970248000.0
LIN,LINDE PLC,0001707925,90,6898000000.0,33986000000.0,86817000000.0,47076000000.0
CLH,CLEAN HARBORS INC,0000822818,90,390974000.0,747403000.0,7624056000.0,2568565000.0
WPC,W. P. Carey Inc.,0001025378,90,466359000.0,1716485000.0,17990232000.0,9856090000.0
NBIX,NEUROCRINE BIOSCIENCES INC,0000914475,90,478600000.0,94517000.0,4631500000.0,1378400000.0
SUI,SUN COMMUNITIES INC,0000912593,90,1413900000.0,2306100000.0,12522900000.0,5194400000.0
KIM,KIMCO REALTY CORP,0000879101,90,584741000.0,2140116000.0,19688250000.0,9120372000.0
TYL,TYLER TECHNOLOGIES INC,0000860731,90,315603000.0,127440000.0,5638908000.0,1936119000.0
MAA,MID AMERICA APARTMENT COMMUNITIES INC.,0000912595,90,446909000.0,2209126000.0,11975383000.0,6135738000.0
IIPR-PA,INNOVATIVE INDUSTRIAL PROPERTIES INC,0001677576,90,118247000.0,265955000.0,2370858000.0,522854000.0
AKAM,AKAMAI TECHNOLOGIES INC,0001086222,90,452031000.0,663452000.0,11479643000.0,6502272000.0
DLR-PJ,"DIGITAL REALTY TRUST, INC.",0001297996,90,1308589000.0,6112692000.0,49410468000.0,24564494000.0
PSA-PJ,Public Storage,0001393311,90,1784348000.0,4824113000.0,20208604000.0,10866770000.0
PSA-PK,Public Storage,0001393311,90,1784348000.0,4824113000.0,20208604000.0,10866770000.0
RVTY,"REVVITY, INC.",0000031791,90,241201000.0,741214000.0,12168411000.0,4918051000.0
TXN,TEXAS INSTRUMENTS INC,0000097476,90,5001000000.0,17682000000.0,34585000000.0,18312000000.0
EXEL,"EXELIXIS, INC.",0000939767,90,782570000.0,120072000.0,2844423000.0,683104000.0
REG,REGENCY CENTERS CORP,0000910606,90,527460000.0,1553524000.0,13001283000.0,5819677000.0
PSA-PL,Public Storage,0001393311,90,1784348000.0,4824113000.0,20208604000.0,10866770000.0
PSA-PT,Public Storage,0001393311,90,1784348000.0,4824113000.0,20208604000.0,10866770000.0
PSA-PS,Public Storage,0001393311,90,1784348000.0,4824113000.0,20208604000.0,10866770000.0
PSA-PR,Public Storage,0001393311,90,1784348000.0,4824113000.0,20208604000.0,10866770000.0
ERIE,ERIE INDEMNITY CO,0000922621,90,559335000.0,401402000.0,3355481000.0,1072107000.0
TPL,Texas Pacific Land Corp,0001811074,90,481376000.0,798190000.0,1623278000.0,164371000.0
INCY,INCYTE CORP,0000879169,90,1286650000.0,3394635000.0,6957973000.0,1790495000.0
PSA-PM,Public Storage,0001393311,90,1784348000.0,4824113000.0,20208604000.0,10866770000.0
PSA-PP,Public Storage,0001393311,90,1784348000.0,4824113000.0,20208604000.0,10866770000.0
PSA-PQ,Public Storage,0001393311,90,1784348000.0,4824113000.0,20208604000.0,10866770000.0
PSA-PF,Public Storage,0001393311,90,1784348000.0,4824113000.0,20208604000.0,10866770000.0
PSA-PG,Public Storage,0001393311,90,1784348000.0,4824113000.0,20208604000.0,10866770000.0
PSA-PI,Public Storage,0001393311,90,1784348000.0,4824113000.0,20208604000.0,10866770000.0
SEIC,SEI INVESTMENTS CO,0000350894,90,715305000.0,2297381000.0,2684606000.0,432494000.0
DTM,"DT Midstream, Inc.",0001842022,90,441000000.0,1243000000.0,10080000000.0,5202000000.0
AIT,APPLIED INDUSTRIAL TECHNOLOGIES INC,0000109563,90,414525000.0,21485000.0,3009973000.0,1148224000.0
HL,HECLA MINING CO/DE/,0000719413,90,321712000.0,645957000.0,3560645000.0,968999000.0
RGEN,REPLIGEN CORP,0000730272,90,48894000.0,41611000.0,2949699000.0,843570000.0
ALGN,ALIGN TECHNOLOGY INC,0001097149,90,410351000.0,387126000.0,6233693000.0,2184546000.0
EGP,EASTGROUP PROPERTIES INC,0000049600,90,257458000.0,721336000.0,5431807000.0,1935219000.0
PSA-PO,Public Storage,0001393311,90,1784348000.0,4824113000.0,20208604000.0,10866770000.0
PSA-PN,Public Storage,0001393311,90,1784348000.0,4824113000.0,20208604000.0,10866770000.0
OHI,OMEGA HEALTHCARE INVESTORS INC,0000888491,90,590185000.0,1190099000.0,10049059000.0,4608560000.0
BMNR,"BITMINE IMMERSION TECHNOLOGIES, INC.",0001829311,90,348577000.0,3310348.0,8795053000.0,102256000.0
DLR-PL,"DIGITAL REALTY TRUST, INC.",0001297996,90,1308589000.0,6112692000.0,49410468000.0,24564494000.0
LRCX,LAM RESEARCH CORP,0000707549,90,7265396000.0,3237693000.0,23529743000.0,11058822000.0
LGNDZ,LIGAND PHARMACEUTICALS INC,0000886163,90,124453000.0,50465000.0,1560637000.0,543425000.0
AMAT,APPLIED MATERIALS INC /DE,0000006951,90,6998000000.0,3754000000.0,36299000000.0,15884000000.0
PR,Permian Resources Corp,0001658566,90,935174000.0,5065211000.0,17912185000.0,6378302000.0
META,"Meta Platforms, Inc.",0001326801,90,60458000000.0,40653000000.0,366021000000.0,148778000000.0
SMCI,"Super Micro Computer, Inc.",0001375365,90,1048854000.0,678168000.0,14018429000.0,7716558000.0
MSFT,MICROSOFT CORP,0000789019,90,133749000000.0,16039000000.0,758376000000.0,315989000000.0
BRO,"BROWN & BROWN, INC.",0000079282,90,1054000000.0,5902000000.0,29991000000.0,3863400000.0
GPN,GLOBAL PAYMENTS INC,0001123360,90,1400107000.0,1054253000.0,53338484000.0,29559003000.0
LGNYZ,LIGAND PHARMACEUTICALS INC,0000886163,90,124453000.0,50465000.0,1560637000.0,543425000.0
LGNZZ,LIGAND PHARMACEUTICALS INC,0000886163,90,124453000.0,50465000.0,1560637000.0,543425000.0
LGNXZ,LIGAND PHARMACEUTICALS INC,0000886163,90,124453000.0,50465000.0,1560637000.0,543425000.0
ESS,"ESSEX PROPERTY TRUST, INC.",0000920522,90,390153000.0,1887345000.0,13159009000.0,7422114000.0
INVH,Invitation Homes Inc.,0001687229,90,587924000.0,2729296000.0,18680290000.0,9112398000.0
FFIV,"F5, INC.",0001048695,90,692380000.0,3088072000.0,6319492000.0,1628778000.0
CTRE,"CareTrust REIT, Inc.",0001590717,90,320538000.0,476393000.0,5148436000.0,1089468000.0
ADC,AGREE REALTY CORP,0000917251,90,204349000.0,718398000.0,9797612000.0,3526459000.0
SIRI,SIRIUS XM HOLDINGS INC.,0000908937,90,805000000.0,1403898000.0,27237000000.0,15674000000.0
KRYS,"Krystal Biotech, Inc.",0001711279,90,204831000.0,389130000.0,1333794000.0,114234000.0
BMNP,"BITMINE IMMERSION TECHNOLOGIES, INC.",0001829311,90,348577000.0,3310348.0,8795053000.0,102256000.0
DBRG-PI,"DigitalBridge Group, Inc.",0001679688,90,141874000.0,93959000.0,3419182000.0,968959000.0
NEM,NEWMONT Corp /DE/,0001164727,90,7085000000.0,6711000000.0,57121000000.0,23079000000.0
PLD,"Prologis, Inc.",0001045609,90,3328231000.0,2252712000.0,98724256000.0,40970248000.0
DBRG-PJ,"DigitalBridge Group, Inc.",0001679688,90,141874000.0,93959000.0,3419182000.0,968959000.0
DBRG-PH,"DigitalBridge Group, Inc.",0001679688,90,141874000.0,93959000.0,3419182000.0,968959000.0
BX,Blackstone Inc.,0001393818,90,3019214000.0,14450265000.0,47708975000.0,25827803000.0
JKHY,JACK HENRY & ASSOCIATES INC,0000779152,90,502776000.0,417229000.0,3145711000.0,1093762000.0
AMH-PH,American Homes 4 Rent,0001562401,90,513392000.0,1182836000.0,13242120000.0,5532614000.0
PH,Parker-Hannifin Corp,0000076334,90,2844215000.0,3817477000.0,30877000000.0,15464000000.0
CTSH,COGNIZANT TECHNOLOGY SOLUTIONS CORP,0001058290,90,2230000000.0,21108000000.0,20692000000.0,5677000000.0
AMH-PG,American Homes 4 Rent,0001562401,90,513392000.0,1182836000.0,13242120000.0,5532614000.0
BMRN,BIOMARIN PHARMACEUTICAL INC,0001048477,90,348901000.0,1313646000.0,7594022000.0,1507023000.0
XYL,Xylem Inc.,0001524472,90,957000000.0,9035000000.0,17634000000.0,5885000000.0
TRNO,Terreno Realty Corp,0001476150,90,402992000.0,476383000.0,5388083000.0,1241805000.0
SSRM,SSR MINING INC.,0000921638,90,395754000.0,1629637000.0,6093898000.0,1779644000.0
TGTX,"TG THERAPEUTICS, INC.",0001001316,90,447179000.0,2785000.0,1063253000.0,415233000.0
VNO,VORNADO REALTY TRUST,0000899689,90,904955000.0,1810425000.0,15521118000.0,8716595000.0
DUOL,"Duolingo, Inc.",0001562088,90,414065000.0,1037589000.0,1992182000.0,645176000.0
FWONB,Liberty Media Corp,0001560385,90,555000000.0,2009000000.0,15398000000.0,6948000000.0
MAA-PI,MID AMERICA APARTMENT COMMUNITIES INC.,0000912595,90,446909000.0,2209126000.0,11975383000.0,6135738000.0
VNORP,VORNADO REALTY TRUST,0000899689,90,904955000.0,1810425000.0,15521118000.0,8716595000.0
RDDT,"Reddit, Inc.",0001713445,90,529721000.0,2202506000.0,3239173000.0,310135000.0
IR,Ingersoll Rand Inc.,0001699150,90,581400000.0,2375400000.0,18297200000.0,8143200000.0
ESE,ESCO TECHNOLOGIES INC,0000866706,90,299223000.0,37000000.0,2410388000.0,869517000.0
EXR,Extra Space Storage Inc.,0001289490,90,973999000.0,3377542000.0,29264046000.0,14940010000.0
RMD,RESMED INC,0000943819,90,1523293000.0,2957013000.0,8965950000.0,2380557000.0
BIIB,BIOGEN INC.,0000875045,90,1292900000.0,9890600000.0,29439500000.0,11182700000.0
MGY,Magnolia Oil & Gas Corp,0001698990,90,325252000.0,1311845000.0,2903092000.0,24554828.0
ACT,"Enact Holdings, Inc.",0001823529,90,674244000.0,1235827000.0,6893466000.0,1538285000.0
HL-PB,HECLA MINING CO/DE/,0000719413,90,321712000.0,645957000.0,3560645000.0,968999000.0
SSRGF,SSR MINING INC.,0000921638,90,395754000.0,1629637000.0,6093898000.0,1779644000.0
VNO-PL,VORNADO REALTY TRUST,0000899689,90,904955000.0,1810425000.0,15521118000.0,8716595000.0
VNO-PM,VORNADO REALTY TRUST,0000899689,90,904955000.0,1810425000.0,15521118000.0,8716595000.0
MTG,MGIC INVESTMENT CORP,0000876437,90,738347000.0,1213636000.0,6639486000.0,1491935000.0
EPRT,"ESSENTIAL PROPERTIES REALTY TRUST, INC.",0001728951,90,253013000.0,561219000.0,6863023000.0,2655129000.0
PSA-PU,Public Storage,0001393311,90,1784348000.0,4824113000.0,20208604000.0,10866770000.0
PSA-PH,Public Storage,0001393311,90,1784348000.0,4824113000.0,20208604000.0,10866770000.0
RSMDF,RESMED INC,0000943819,90,1523293000.0,2957013000.0,8965950000.0,2380557000.0
DLR-PK,"DIGITAL REALTY TRUST, INC.",0001297996,90,1308589000.0,6112692000.0,49410468000.0,24564494000.0
ESNT,Essent Group Ltd.,0001448893,90,689969000.0,1260935000.0,7441003000.0,1684276000.0
HLNE,Hamilton Lane INC,0001433642,90,249180000.0,758993000.0,2304896000.0,838357000.0
EPAM,"EPAM Systems, Inc.",0001352010,90,377678000.0,1450448000.0,4902136000.0,1224328000.0
AMH,American Homes 4 Rent,0001562401,90,513392000.0,1182836000.0,13242120000.0,5532614000.0
LGND,LIGAND PHARMACEUTICALS INC,0000886163,90,124453000.0,50465000.0,1560637000.0,543425000.0
UI,Ubiquiti Inc.,0001511737,90,960303000.0,2573545000.0,2198190000.0,757944000.0
FWONK,Liberty Media Corp,0001560385,90,555000000.0,2009000000.0,15398000000.0,6948000000.0
AVB,AVALONBAY COMMUNITIES INC,0000915912,90,1081994000.0,3040725000.0,22192137000.0,10357820000.0
RPRX,Royalty Pharma plc,0001802768,90,770947000.0,2378193000.0,19620780000.0,9905841000.0
VEEV,VEEVA SYSTEMS INC,0001393052,90,908906000.0,311508000.0,8979343000.0,1764591000.0
UNF,UNIFIRST CORP,0000717954,90,148271000.0,434063000.0,2778155000.0,609198000.0
ACMR,"ACM Research, Inc.",0001680062,90,94078000.0,74643000.0,2872185000.0,941676000.0
VMRK,VIVMARK RESIDENTIAL,0000906107,90,1120089000.0,2701075000.0,20746023000.0,9336889000.0
BRC,BRADY CORP,0000746598,90,189256000.0,306130000.0,1734253000.0,542042000.0
MRP,"Millrose Properties, Inc.",0002017206,90,379864000.0,600461000.0,9258107000.0,3401845000.0
WTM,WHITE MOUNTAINS INSURANCE GROUP LTD,0000776867,90,1106400000.0,3735000000.0,12306500000.0,6051400000.0
INTU,INTUIT INC.,0000896878,90,3869000000.0,18831000000.0,36958000000.0,17248000000.0
SPGI,S&P Global Inc.,0000064040,90,4471000000.0,1589000000.0,61200000000.0,25048000000.0
NOW,"ServiceNow, Inc.",0001373715,90,1748000000.0,1933026000.0,26038000000.0,13074000000.0
HQY,"HEALTHEQUITY, INC.",0001428336,90,215201000.0,60436000.0,3380332000.0,1273136000.0
AZZ,AZZ INC,0000008947,90,317260000.0,245365000.0,2213474000.0,876443000.0
DOCS,"Doximity, Inc.",0001516513,90,196051000.0,644863000.0,1123687000.0,172850000.0
INSW,"International Seaways, Inc.",0001679049,90,309261000.0,843302000.0,2668642000.0,648365000.0
ACAD,ACADIA PHARMACEUTICALS INC,0001070494,90,391000000.0,231041000.0,1564195000.0,336805000.0
FRSH,Freshworks Inc.,0001544522,90,183723000.0,838809000.0,1602712000.0,570062000.0
NMIH,"NMI Holdings, Inc.",0001547903,90,388926000.0,706440000.0,3841098000.0,1249112000.0
OLED,UNIVERSAL DISPLAY CORP \PA\,0001005284,90,242075000.0,650611000.0,1963762000.0,202743000.0
CRDO,Credo Technology Group Holding Ltd,0001807794,90,472279000.0,1335116000.0,2295619000.0,232007000.0
BSM,"Black Stone Minerals, L.P.",0001621434,90,271326000.0,469919000.0,1335554000.0,207098000.0
CLSK,"CLEANSPARK, INC.",0000827876,90,364464000.0,766314000.0,3183631000.0,1008504000.0
ARL,AMERICAN REALTY INVESTORS INC,0001102238,90,9782000.0,13011000.0,1097325000.0,277598000.0
OAK-PA,"Brookfield Oaktree Holdings, LLC",0001403528,90,249238000.0,143899000.0,6800312000.0,1464479000.0
CRM,"Salesforce, Inc.",0001108524,90,7457000000.0,2293988000.0,112305000000.0,53163000000.0
A,"AGILENT TECHNOLOGIES, INC.",0001090872,90,1303000000.0,4472000000.0,12727000000.0,5986000000.0
DHI,HORTON D R INC /DE/,0000882184,90,3585200000.0,34250400000.0,35471200000.0,10729000000.0
LRN,"Stride, Inc.",0001157408,90,338192000.0,238874000.0,2435552000.0,803223000.0
DBRG,"DigitalBridge Group, Inc.",0001679688,90,141874000.0,93959000.0,3419182000.0,968959000.0
GPOR,GULFPORT ENERGY CORP,0000874499,90,427810000.0,1422583000.0,3029540000.0,1194822000.0
SPSC,SPS COMMERCE INC,0001092699,90,93339000.0,58200000.0,1169859000.0,195966000.0
NTCT,NETSCOUT SYSTEMS INC,0001078075,90,95531000.0,229351000.0,2354517000.0,705257000.0
HLIO,"HELIOS TECHNOLOGIES, INC.",0001024795,90,48400000.0,200727000.0,1514500000.0,583000000.0
IVT,InvenTrust Properties Corp.,0001307748,90,111421000.0,299169000.0,2788647000.0,994385000.0
EHTH,"eHealth, Inc.",0001333493,90,40044000.0,134917000.0,1262468000.0,288816000.0
SNPS,SYNOPSYS INC,0000883241,90,1332220000.0,5081542000.0,48224461000.0,19897446000.0
WDAY,"Workday, Inc.",0001327811,90,693000000.0,582480000.0,18074000000.0,10269000000.0
LPG,DORIAN LPG LTD.,0001596993,90,193665933.0,153270708.0,1871692717.0,732696339.0
PURR,Hyperliquid Strategies Inc,0002078856,90,305542000.0,9460000.0,2060008000.0,187137000.0
ALAB,"Astera Labs, Inc.",0001736297,90,219134000.0,852525000.0,1531823000.0,168189000.0
LHX,"L3HARRIS TECHNOLOGIES, INC. /DE/",0000202058,90,1606000000.0,6182000000.0,41195000000.0,21560000000.0
STRA,"Strategic Education, Inc.",0001013934,90,126614000.0,263772000.0,2038540000.0,392134000.0
CURB,Curbline Properties Corp.,0002027317,90,39881000.0,182893000.0,2469790000.0,556320000.0
AGO,ASSURED GUARANTY LTD,0001273813,90,503000000.0,1110000000.0,12176000000.0,6387000000.0
IIPR,INNOVATIVE INDUSTRIAL PROPERTIES INC,0001677576,90,118247000.0,265955000.0,2370858000.0,522854000.0
PLAB,PHOTRONICS INC,0000810136,90,136405000.0,144660000.0,1804534000.0,207227000.0
WAB,WESTINGHOUSE AIR BRAKE TECHNOLOGIES CORP,0000943452,90,1170000000.0,2391122000.0,22069000000.0,10879000000.0
AZTA,"Azenta, Inc.",0000933974,90,50877000.0,159192000.0,2059582000.0,332596000.0
EW,Edwards Lifesciences Corp,0001099800,90,1073500000.0,6067600000.0,13697200000.0,3359600000.0
SMPL,Simply Good Foods Co,0001702744,90,103614000.0,222286000.0,2396045000.0,589212000.0
PSA,Public Storage,0001393311,90,1784348000.0,4824113000.0,20208604000.0,10866770000.0
FANG,"Diamondback Energy, Inc.",0001539838,90,1664000000.0,15026000000.0,71059000000.0,28092000000.0
FPH,"Five Point Holdings, LLC",0001574197,90,70966000.0,110020000.0,3249003000.0,860407000.0
TCI,TRANSCONTINENTAL REALTY INVESTORS INC,0000733590,90,8292000.0,12057000.0,1132520000.0,266359000.0
DLR,"DIGITAL REALTY TRUST, INC.",0001297996,90,1308589000.0,6112692000.0,49410468000.0,24564494000.0
MPWR,"MONOLITHIC POWER SYSTEMS, INC.",0001280452,90,621483000.0,333067000.0,4194199000.0,662702000.0
NFLX,NETFLIX INC,0001065280,90,10981201000.0,45183036000.0,55596993000.0,28981505000.0
AVGO,Broadcom Inc.,0001730168,90,5895000000.0,5444000000.0,171092000000.0,89800000000.0
JNJ,JOHNSON & JOHNSON,0000200406,90,26804000000.0,94193000000.0,199210000000.0,117666000000.0
AME,AMETEK INC/,0001037868,90,1480142000.0,7401116000.0,16067543000.0,5438757000.0
STE,STERIS plc,0001757898,90,782300000.0,5935900000.0,10737200000.0,3540000000.0
TW,Tradeweb Markets Inc.,0001758730,90,812792000.0,233076000.0,8189557000.0,1000320000.0
RGLD,ROYAL GOLD INC,0000085535,90,466281000.0,1030471000.0,9537524000.0,2332177000.0
UTHR,UNITED THERAPEUTICS Corp,0001082554,90,1334700000.0,1483300000.0,7880000000.0,783800000.0
EXE,EXPAND ENERGY Corp,0000895126,90,1819000000.0,12124000000.0,28287000000.0,9709000000.0
PLTR,Palantir Technologies Inc.,0001321655,90,1625033000.0,4475446000.0,8900392000.0,1412381000.0
KIM-PM,KIMCO REALTY CORP,0000879101,90,584741000.0,2140116000.0,19688250000.0,9120372000.0
KIM-PL,KIMCO REALTY CORP,0000879101,90,584741000.0,2140116000.0,19688250000.0,9120372000.0
KIM-PN,KIMCO REALTY CORP,0000879101,90,584741000.0,2140116000.0,19688250000.0,9120372000.0
ADC-PA,AGREE REALTY CORP,0000917251,90,204349000.0,718398000.0,9797612000.0,3526459000.0
CLSKW,"CLEANSPARK, INC.",0000827876,90,364464000.0,766314000.0,3183631000.0,1008504000.0
VNO-PO,VORNADO REALTY TRUST,0000899689,90,904955000.0,1810425000.0,15521118000.0,8716595000.0
VNO-PN,VORNADO REALTY TRUST,0000899689,90,904955000.0,1810425000.0,15521118000.0,8716595000.0
REGCP,REGENCY CENTERS CORP,0000910606,90,527460000.0,1553524000.0,13001283000.0,5819677000.0
REGCO,REGENCY CENTERS CORP,0000910606,90,527460000.0,1553524000.0,13001283000.0,5819677000.0
NEMCL,NEWMONT Corp /DE/,0001164727,90,7085000000.0,6711000000.0,57121000000.0,23079000000.0
BRK-B,BERKSHIRE HATHAWAY INC,0001067983,80,66968000000.0,371444000000.0,1222176000000.0,502473000000.0
NOVTU,NOVANTA INC,0001076930,80,53829000.0,521290000.0,1807106000.0,492819000.0
MGR,"AFFILIATED MANAGERS GROUP, INC.",0001004434,80,716600000.0,2074400000.0,9207400000.0,4785300000.0
MGRB,"AFFILIATED MANAGERS GROUP, INC.",0001004434,80,716600000.0,2074400000.0,9207400000.0,4785300000.0
MGRD,"AFFILIATED MANAGERS GROUP, INC.",0001004434,80,716600000.0,2074400000.0,9207400000.0,4785300000.0
NEE-PN,NEXTERA ENERGY INC,0000753308,80,6835000000.0,3375000000.0,212721000000.0,146242000000.0
NEE-PS,NEXTERA ENERGY INC,0000753308,80,6835000000.0,3375000000.0,212721000000.0,146242000000.0
VAL-WT,Valaris Ltd,0000314808,80,982800000.0,2369000000.0,5304800000.0,2133100000.0
ALL-PI,ALLSTATE CORP,0000899051,80,10282000000.0,17345000000.0,119758000000.0,89169000000.0
ALL-PB,ALLSTATE CORP,0000899051,80,10282000000.0,17345000000.0,119758000000.0,89169000000.0
ALL-PJ,ALLSTATE CORP,0000899051,80,10282000000.0,17345000000.0,119758000000.0,89169000000.0
SOFI,"SoFi Technologies, Inc.",0001818874,80,481320000.0,619353000.0,50660478000.0,40170983000.0
PTC,PTC INC.,0000857005,80,733997000.0,2739226000.0,6617172000.0,2790943000.0
NVR,NVR INC,0000906163,80,1339816000.0,10323959000.0,5856930000.0,1992061000.0
HST,"HOST HOTELS & RESORTS, INC.",0001070750,80,765000000.0,5387000000.0,13049000000.0,6317000000.0
WCC,WESCO INTERNATIONAL INC,0000929008,80,640200000.0,2099452000.0,16494900000.0,11468500000.0
RBC,RBC Bearings INC,0001324948,80,287600000.0,1870900000.0,5122700000.0,1761700000.0
JBHT,HUNT J B TRANSPORT SERVICES INC,0000728535,80,598282000.0,1990160000.0,7927155000.0,4362070000.0
WST,WEST PHARMACEUTICAL SERVICES INC,0000105770,80,493700000.0,2886900000.0,4270000000.0,1094000000.0
BLK,"BlackRock, Inc.",0002012383,80,5553000000.0,12794000000.0,169998000000.0,108456000000.0
GME-WT,GameStop Corp.,0001326380,80,418400000.0,3629900000.0,10388400000.0,4944000000.0
PBYI,"PUMA BIOTECHNOLOGY, INC.",0001401667,80,31111000.0,21608000.0,216302000.0,85962000.0
MASS,908 Devices Inc.,0001555279,80,19489000.0,56197000.0,190071000.0,46372000.0
FPI,Farmland Partners Inc.,0001591670,80,31545000.0,52178000.0,719065000.0,181095000.0
ACTG,ACACIA RESEARCH CORP,0000934549,80,21682000.0,12004000.0,770956000.0,186924000.0
IMXI,"International Money Express, Inc.",0001683695,80,32671000.0,83243000.0,517691000.0,10132259.0
SBC,SBC Medical Group Holdings Inc,0001930313,80,50985613.0,173607489.0,380447946.0,117143240.0
VALU,VALUE LINE INC,0000717720,80,21630000.0,36257000.0,151916000.0,44026000.0
ABEO,ABEONA THERAPEUTICS INC.,0000318306,80,71183000.0,2998000.0,219570000.0,60354000.0
MPTI,"M-tron Industries, Inc.",0001902314,80,3425000.0,14233000.0,68383000.0,5168000.0
NLCP,"NewLake Capital Partners, Inc.",0001854964,80,26318000.0,51071000.0,420829000.0,26141000.0
PNRG,PRIMEENERGY RESOURCES CORP,0000056868,80,48664000.0,189052000.0,323895000.0,108210000.0
ELMD,"Electromed, Inc.",0001488917,80,11301000.0,54716000.0,66267000.0,12288000.0
ELTP,ELITE PHARMACEUTICALS INC /NV/,0001053369,80,44872686.0,25380749.0,138289840.0,39406865.0
PDYN,Palladyne AI Corp.,0001826681,80,10039000.0,5246000.0,95712000.0,21037000.0
GENC,GENCOR INDUSTRIES INC,0000064472,80,15661000.0,48943000.0,222596000.0,10794000.0
PCYO,PURE CYCLE CORP,0000276720,80,13110000.0,658.0,162279000.0,19541000.0
PKE,PARK AEROSPACE CORP,0000076267,80,11272000.0,13530000.0,142228000.0,12278000.0
LEGH,Legacy Housing Corp,0001436208,80,41809000.0,164567000.0,580337000.0,51723000.0
GYRE,"GYRE THERAPEUTICS, INC.",0001124105,80,9880000.0,127000.0,166132000.0,23850000.0
ETD,ETHAN ALLEN INTERIORS INC,0000896156,80,63816000.0,91568000.0,737099000.0,254830000.0
OSPN,OneSpan Inc.,0001044777,80,72904000.0,243180000.0,397702000.0,125859000.0
SD,SANDRIDGE ENERGY INC,0001349436,80,70203000.0,59852000.0,644021000.0,133150000.0
NVEC,NVE CORP /NEW/,0000724910,80,15199195.0,26331218.0,60379532.0,2130033.0
CRH,CRH PUBLIC LTD CO,0000849395,80,3753000000.0,37447000000.0,58329000000.0,32851000000.0
ALL,ALLSTATE CORP,0000899051,80,10282000000.0,17345000000.0,119758000000.0,89169000000.0
LNG,"Cheniere Energy, Inc.",0000003570,80,5330000000.0,19976000000.0,47882000000.0,34804000000.0
TEL,TE Connectivity plc,0001385157,80,1842000000.0,17262000000.0,25081000000.0,12351000000.0
AFL,AFLAC INC,0000004977,80,3646000000.0,17164000000.0,116470000000.0,86980000000.0
MPLX,MPLX LP,0001552000,80,3928000000.0,12998000000.0,43005000000.0,28477000000.0
SRTA,"Strata Critical Medical, Inc.",0001779128,80,41347000.0,197141000.0,325472000.0,46400000.0
IDR,"Idaho Strategic Resources, Inc.",0001030192,80,16715674.0,42406253.0,116238730.0,5396782.0
QTTB,Q32 Bio Inc.,0001661998,80,29821000.0,53737000.0,61776000.0,19762000.0
ACFN,"ACORN ENERGY, INC.",0000880984,80,2510000.0,4350000.0,13334000.0,5018000.0
QDMI,QDM International Inc.,0001094032,80,7533321.0,21475746.0,17443441.0,1068822.0
TRS,TRIMAS CORP,0000842633,80,81700000.0,155490000.0,1485080000.0,779490000.0
NSSC,"NAPCO SECURITY TECHNOLOGIES, INC",0000069633,80,43027000.0,202316000.0,238668000.0,47666000.0
MUX,McEwen Inc.,0000314203,80,38126000.0,64623000.0,820218000.0,273981000.0
IRMD,IRADIMED CORP,0001325618,80,22480000.0,83814000.0,108776000.0,14158000.0
MALG,MICROALLIANCE GROUP INC.,0001309251,80,18675547.0,37393802.0,30992313.0,2746306.0
EVER,"EverQuote, Inc.",0001640428,80,99311000.0,97292000.0,326913000.0,88873000.0
KOPN,KOPIN CORP,0000771266,80,2606549.0,1530311.0,108394257.0,36720613.0
RIGL,RIGEL PHARMACEUTICALS INC,0001034842,80,367024000.0,294282000.0,513594000.0,122114000.0
CYRX,"Cryoport, Inc.",0001124524,80,78301000.0,176177000.0,764989000.0,262351000.0
DJCO,DAILY JOURNAL CORP,0000783412,80,112137000.0,10914000.0,548118000.0,157057000.0
O,REALTY INCOME CORP,0000726728,80,1058590000.0,5749377000.0,72795612000.0,32671644000.0
NDAQ,"NASDAQ, INC.",0001120193,80,1788000000.0,4277000000.0,31053000000.0,18821000000.0
NUE,NUCOR CORP,0000073309,80,1744000000.0,25067279000.0,35104000000.0,12980000000.0
REPX,"Riley Exploration Permian, Inc.",0001001614,80,160840000.0,747000.0,1169578000.0,535336000.0
AMSC,AMERICAN SUPERCONDUCTOR CORP /DE/,0000880807,80,133809000.0,900000.0,739481000.0,184034000.0
TER,"TERADYNE, INC",0000097210,80,554047000.0,3190024000.0,4183599000.0,1387847000.0
KMI,"KINDER MORGAN, INC.",0001506307,80,3056000000.0,16937000000.0,72748000000.0,40299000000.0
AJG,Arthur J. Gallagher & Co.,0000354190,80,1494000000.0,1721400000.0,70665000000.0,47318000000.0
SITC,SITE Centers Corp.,0000894315,80,177861000.0,123649000.0,418737000.0,83972000.0
TRAK,"ReposiTrak, Inc.",0000050471,80,6978127.0,21007076.0,55329047.0,5809866.0
BNC,CEA Industries Inc.,0001482541,80,115245000.0,9581968.0,337846000.0,33070000.0
AXR,AMREP CORP.,0000006207,80,10288000.0,12831000.0,144778000.0,4035000.0
BUDA,"BUDA JUICE, INC.",0002079720,80,3533000.0,12609000.0,4970000.0,1232000.0
RSKIA,"GEORGE RISK INDUSTRIES, INC.",0000084112,80,11388000.0,3957000.0,71372000.0,8017000.0
FATN,Fatpipe Inc/UT,0001993400,80,4969961.0,19208294.0,34523087.0,9307457.0
BYRN,Byrna Technologies Inc.,0001354866,80,9687000.0,16566295.0,84488000.0,18731000.0
AFCG,Advanced Flower Capital Inc.,0001822523,80,20951999.0,24563601.0,275594747.0,100026760.0
OPXS,Optex Systems Holdings Inc,0001397016,80,5147000.0,24530000.0,30056000.0,5765000.0
EUBG,ENTREPRENEUR UNIVERSE BRIGHT GROUP,0001171326,80,1905145.0,5682985.0,12233330.0,1792734.0
IDN,"Intellicheck, Inc.",0001040896,80,1273000.0,1330000.0,24481000.0,3784000.0
LTC,LTC PROPERTIES INC,0000887905,80,117972000.0,262854000.0,2062060000.0,899676000.0
AUPH,Aurinia Pharmaceuticals Inc.,0001600620,80,210794000.0,77114000.0,751587000.0,170256000.0
ADMA,"ADMA BIOLOGICS, INC.",0001368514,80,146930000.0,42219783.0,624242000.0,146922000.0
EZPW,EZCORP INC,0000876523,80,109613000.0,182069000.0,1951209000.0,925724000.0
RUN,Sunrun Inc.,0001469367,80,449947000.0,243937000.0,22610596000.0,17626622000.0
GTY,GETTY REALTY CORP /MD/,0001052752,80,79192000.0,221727000.0,2173368000.0,1101239000.0
INOD,INNODATA INC,0000903651,80,32181000.0,86775000.0,168593000.0,61531000.0
INVX,"Innovex International, Inc.",0001042893,80,83298000.0,424060000.0,1268307000.0,210608000.0
KEYS,"Keysight Technologies, Inc.",0001601046,80,850000000.0,5375000000.0,11301000000.0,5420000000.0
COIN,"Coinbase Global, Inc.",0001679788,80,1260327000.0,7181325000.0,29671832000.0,14878774000.0
LMAT,LEMAITRE VASCULAR INC,0001158895,80,57734000.0,249602000.0,615690000.0,222174000.0
TGLS,Tecnoglass Holdings Inc.,0001534675,80,159566000.0,97863000.0,1260392000.0,547340000.0
INSP,"Inspire Medical Systems, Inc.",0001609550,80,145422000.0,26906000.0,907317000.0,126157000.0
CSWC,CAPITAL SOUTHWEST CORP,0000017313,80,27479000.0,10835000.0,2177518000.0,1166526000.0
XZO,"Exzeo Group, Inc.",0001873951,80,82749000.0,216980000.0,347734000.0,93578000.0
ICFI,"ICF International, Inc.",0001362004,80,91588000.0,321174000.0,2050171000.0,1021689000.0
HCI,"HCI Group, Inc.",0001400810,80,299005000.0,246243000.0,2528928000.0,1414284000.0
SLB,SLB LIMITED/NV,0000087347,80,3374000000.0,30440000000.0,54868000000.0,27577000000.0
LOAN,"MANHATTAN BRIDGE CAPITAL, INC",0001080340,80,5110977.0,8666307.0,62350731.0,19251187.0
IDXG,"INTERPACE BIOSCIENCES, INC.",0001054102,80,24575000.0,5678000.0,33838000.0,11475000.0
RSRV,RESERVE PETROLEUM CO,0000083350,80,4864269.0,16170884.0,41608523.0,7609157.0
ETST,"Earth Science Tech, Inc.",0001538495,80,3630776.0,80279.0,8969337.0,1928573.0
CKX,"CKX LANDS, INC.",0000352955,80,3009972.0,838543.0,22285768.0,840356.0
MSGM,Motorsport Games Inc.,0001821175,80,6928067.0,741000.0,11968066.0,4386835.0
NEON,Neonode Inc.,0000087050,80,8493000.0,3108000.0,26885000.0,2196000.0
OTLC,"Oncotelic Therapeutics, Inc.",0000908259,80,249279832.0,70000.0,393088242.0,131356683.0
PFHO,PACIFIC HEALTH CARE ORGANIZATION INC,0001138476,80,1387647.0,6715175.0,13463446.0,745600.0
DFNS,T3 Defense Inc.,0001787518,80,78549000.0,5913461.0,202386000.0,45186000.0
NXTT,Next Technology Holding Inc.,0001784970,80,143164948.0,11614772.0,524131414.0,68552005.0
PAYX,PAYCHEX INC,0000723531,80,1760100000.0,6512000000.0,16174500000.0,12439400000.0
MCRI,MONARCH CASINO & RESORT INC,0000907242,80,101392000.0,395377000.0,712849000.0,175179000.0
HRMY,"Harmony Biosciences Holdings, Inc.",0001802665,80,158687000.0,868453000.0,1271631000.0,401413000.0
NIHK,"Video River Networks, Inc.",0001084475,80,1462828.0,1628136.0,1552732.0,91899.0
KUBR,Kuber Resources Corp,0001081834,80,1217956.0,2249288.0,5711371.0,1537393.0
YYAI,AIRWA INC.,0001674440,80,3491287.0,15000000.0,32905794.0,6487171.0
FXC,Invesco CurrencyShares Canadian Dollar Trust,0001353612,80,387150.0,713801.0,74931453.0,60372.0
FXB,Invesco CurrencyShares British Pound Sterling Trust,0001353611,80,1862108.0,2169345.0,84332823.0,6675755.0
FXE,Invesco CurrencyShares Euro Trust,0001328598,80,3435396.0,5084664.0,428832588.0,5975329.0
GSG,iShares S&P GSCI Commodity-Indexed Trust,0001332174,80,56966505.0,42543734.0,798917906.0,11798140.0
FXA,Invesco CurrencyShares Australian Dollar Trust,0001353614,80,878882.0,1184327.0,89294509.0,3419615.0
IDXX,IDEXX LABORATORIES INC /DE,0000874716,80,1059464000.0,4303702000.0,3350759000.0,1745376000.0
APAM,Artisan Partners Asset Management Inc.,0001517302,80,290320000.0,1196688000.0,1577292000.0,794873000.0
MMS,"MAXIMUS, INC.",0001032220,80,319034000.0,558446000.0,4069639000.0,2395604000.0
ADEA,Adeia Inc.,0001803696,80,111075000.0,443386000.0,1039303000.0,558762000.0
FCPT,"Four Corners Property Trust, Inc.",0001650132,80,112364000.0,294132000.0,2920726000.0,1290887000.0
BKV,BKV Corp,0001838406,80,173132000.0,893781000.0,3129707000.0,1069385000.0
CALX,"CALIX, INC",0001406666,80,17884000.0,137899000.0,1058522000.0,199303000.0
RAMP,"LiveRamp Holdings, Inc.",0000733269,80,145952000.0,812940000.0,1294177000.0,142079000.0
FRPT,"Freshpet, Inc.",0001611647,80,139137000.0,1102015000.0,1777775000.0,569116000.0
KDP,Keurig Dr Pepper Inc.,0001418135,80,2079000000.0,16603000000.0,55459000000.0,29943000000.0
ROP,ROPER TECHNOLOGIES INC,0000882835,80,1536300000.0,7902500000.0,34577000000.0,14695500000.0
NHI,NATIONAL HEALTH INVESTORS INC,0000877860,80,142177000.0,375628000.0,2796887000.0,1256983000.0
LXP,LXP Industrial Trust,0000910108,80,113160000.0,350228000.0,3537022000.0,1488644000.0
ARLP,ALLIANCE RESOURCE PARTNERS LP,0001086600,80,311163000.0,2002857000.0,2853788000.0,993566000.0
GPK,GRAPHIC PACKAGING HOLDING CO,0001408075,80,444000000.0,8617000000.0,11775000000.0,10800000.0
USLM,UNITED STATES LIME & MINERALS INC,0000082020,80,134275000.0,34634000.0,681044000.0,50284000.0
VCYT,"VERACYTE, INC.",0001384101,80,66353000.0,517145000.0,1406019000.0,96443000.0
TMDX,"TransMedics Group, Inc.",0001756262,80,190291000.0,605494000.0,1068373000.0,595273000.0
GRBK,"Green Brick Partners, Inc.",0001373670,80,313225000.0,2098471000.0,2534767000.0,601782000.0
RCL,ROYAL CARIBBEAN CRUISES LTD,0000884887,80,4268000000.0,2332301000.0,41619000000.0,31374000000.0
NSC,NORFOLK SOUTHERN CORP,0000702165,80,2873000000.0,2669000000.0,45236000000.0,29689000000.0
DTST,Data Storage Corp,0001419951,80,523214.0,1382929.0,43022474.0,2337011.0
BABB,"BAB, INC.",0001123596,80,559044.0,2173331.0,4780596.0,1316144.0
JTAI,Jet.AI Inc.,0001861622,80,4589474.0,9177767.0,25684076.0,3709069.0
RDN,RADIAN GROUP INC,0000890926,80,154843000.0,300512000.0,8122397000.0,3340883000.0
WAY,Waystar Holding Corp.,0001990354,80,112089000.0,1099278000.0,5785100000.0,1906274000.0
TREX,TREX CO INC,0001069878,80,190415000.0,1174267000.0,1453441000.0,419177000.0
EPR,EPR PROPERTIES,0001045450,80,274936000.0,718357000.0,5699762000.0,3370591000.0
DAVE,Dave Inc./DE,0001841408,80,195865000.0,554182000.0,487418000.0,134691000.0
BNL,"Broadstone Net Lease, Inc.",0001424182,80,96495000.0,454138000.0,5717267000.0,2683806000.0
ONC,BeOne Medicines Ltd.,0001651308,80,286933000.0,18174000.0,8188573000.0,3827379000.0
HSY,HERSHEY CO,0000047111,80,883259000.0,2185244000.0,13741297000.0,9104547000.0
CRK,COMSTOCK RESOURCES INC,0000023194,80,395611000.0,555231000.0,7007062000.0,4044159000.0
CNS,"COHEN & STEERS, INC.",0001284812,80,153217000.0,116460000.0,876694000.0,242846000.0
CALM,CAL-MAINE FOODS INC,0000016160,80,316682000.0,2911632000.0,3107570000.0,467038000.0
APLE,"Apple Hospitality REIT, Inc.",0001418121,80,175364000.0,1238622000.0,4902178000.0,1753583000.0
JOE,ST JOE Co,0000745308,80,115627000.0,513246000.0,1518426000.0,742801000.0
QTWO,"Q2 Holdings, Inc.",0001410384,80,52008000.0,51703000.0,1276277000.0,614466000.0
LOPE,"Grand Canyon Education, Inc.",0001434588,80,216170000.0,162443000.0,992305000.0,245372000.0
ACLS,AXCELIS TECHNOLOGIES INC,0001113232,80,120238000.0,839048000.0,1361351000.0,326674000.0
VMC,Vulcan Materials CO,0001396009,80,1076700000.0,7781900000.0,16700400000.0,8151500000.0
UNG,"United States Natural Gas Fund, LP",0001376227,80,3703605.0,5373309.0,579489846.0,28849518.0
BSCL,"BILI Social International, Inc.",0001109262,80,1059288.0,1916320.0,1581923.0,462856.0
MXC,MEXCO ENERGY CORP,0000066418,80,1305722.0,2705235.0,21692463.0,1705644.0
ESP,ESPEY MFG & ELECTRONICS CORP,0000033533,80,2931651.0,9596194.0,79116564.0,28267564.0
HLX,HELIX ENERGY SOLUTIONS GROUP INC,0000866829,80,30827000.0,226837000.0,2615904000.0,1035992000.0
ITT,ITT INC.,0000216228,80,488000000.0,3938500000.0,6310400000.0,2219100000.0
DCI,DONALDSON Co INC,0000029644,80,367000000.0,726900000.0,2977200000.0,1523700000.0
MSM,MSC INDUSTRIAL DIRECT CO INC,0001003078,80,199328000.0,842670000.0,2462064000.0,1065562000.0
TT,Trane Technologies plc,0001466258,80,2918600000.0,14782000000.0,21420700000.0,12819800000.0
MCO,MOODYS CORP /DE/,0001059556,80,2459000000.0,1165500000.0,15830000000.0,11625000000.0
SBRA,"Sabra Health Care REIT, Inc.",0001492298,80,155609000.0,774632000.0,5493396000.0,2669608000.0
GNTX,GENTEX CORP,0000355811,80,384841367.0,2534268965.0,2928592834.0,437660897.0
GHC,Graham Holdings Co,0000104889,80,292291000.0,763478000.0,8395713000.0,3528562000.0
BOOT,"Boot Barn Holdings, Inc.",0001610250,80,225880000.0,192755000.0,2450075000.0,1131419000.0
FHI,"FEDERATED HERMES, INC.",0001056288,80,403299000.0,278312000.0,2229337000.0,965860000.0
ICE,"Intercontinental Exchange, Inc.",0001571949,80,3315000000.0,5843000000.0,136887000000.0,107896000000.0
BRK-A,BERKSHIRE HATHAWAY INC,0001067983,80,66968000000.0,371444000000.0,1222176000000.0,502473000000.0
ALL-PH,ALLSTATE CORP,0000899051,80,10282000000.0,17345000000.0,119758000000.0,89169000000.0
LEN-B,LENNAR CORP /NEW/,0000920760,80,2078179000.0,34186934000.0,34430437000.0,12289828000.0
HWM,Howmet Aerospace Inc.,0000004281,80,1508000000.0,8252000000.0,11179000000.0,5826000000.0
HOOD,"Robinhood Markets, Inc.",0001783879,80,1883000000.0,4473000000.0,38137000000.0,28986000000.0
CSX,CSX CORP,0000277948,80,2889000000.0,2816000000.0,43682000000.0,30522000000.0
ACGL,ARCH CAPITAL GROUP LTD.,0000947484,80,4399000000.0,19929000000.0,79241000000.0,55035000000.0
PEGA,PEGASYSTEMS INC,0001013857,80,393437000.0,204355000.0,1631844000.0,844463000.0
WHD,"Cactus, Inc.",0001699136,80,166014000.0,1079051000.0,1871617000.0,438569000.0
CNX,CNX Resources Corp,0001070412,80,633162000.0,2239134000.0,9094446000.0,4757430000.0
KRG,KITE REALTY GROUP TRUST,0001286043,80,298663000.0,844365000.0,6664497000.0,3472723000.0
PIPR,PIPER SANDLER COMPANIES,0001230245,80,113968000.0,666992000.0,2592646000.0,1009853000.0
ACIW,"ACI WORLDWIDE, INC.",0000935036,80,226658000.0,1009780000.0,3104907000.0,1585829000.0
NOVT,NOVANTA INC,0001076930,80,53829000.0,521290000.0,1807106000.0,492819000.0
WAT,WATERS CORP /DE/,0001000697,80,642629000.0,932362000.0,5076550000.0,2515308000.0
AMCCF,Amcor plc,0001748790,80,1106000000.0,5082000000.0,37095000000.0,25294000000.0
TRTN-PA,Triton International Ltd,0001660734,80,474089000.0,95998000.0,11232868000.0,8295870000.0
LXP-PC,LXP Industrial Trust,0000910108,80,113160000.0,350228000.0,3537022000.0,1488644000.0
TALK,"Talkspace, Inc.",0001803901,80,7793000.0,27600000.0,134863000.0,17848000.0
CPTP,CAPITAL PROPERTIES INC /RI/,0000202947,80,2003000.0,4810000.0,9051000.0,1305000.0
ABNB,"Airbnb, Inc.",0001559720,80,2511000000.0,12241000000.0,22208000000.0,14009000000.0
MDT,Medtronic plc,0001613103,80,4801000000.0,36364000000.0,93028000000.0,42956000000.0
LNTH,"Lantheus Holdings, Inc.",0001521036,80,233559000.0,343374000.0,2227399000.0,1137602000.0
ORA,"ORMAT TECHNOLOGIES, INC.",0001296445,80,123898000.0,179382000.0,6246508000.0,3555232000.0
G,Genpact LTD,0001398659,80,552494000.0,601530000.0,5843267000.0,3293866000.0
RYN,RAYONIER INC,0000052827,80,474380000.0,484485000.0,3404653000.0,1684947000.0
DLB,"Dolby Laboratories, Inc.",0001308547,80,255018000.0,1281256000.0,3227760000.0,595814000.0
QLYS,"QUALYS, INC.",0001107843,80,198320000.0,94801000.0,1095081000.0,533928000.0
VAL,Valaris Ltd,0000314808,80,982800000.0,2369000000.0,5304800000.0,2133100000.0
MKTX,MARKETAXESS HOLDINGS INC,0001278021,80,246627000.0,397471000.0,1934886000.0,776627000.0
WM,WASTE MANAGEMENT INC,0000823768,80,2708000000.0,3652000000.0,45835000000.0,35844000000.0
FIXX,Q32 Bio Inc.,0001661998,80,29821000.0,53737000.0,61776000.0,19762000.0
EP-PC,"KINDER MORGAN, INC.",0001506307,80,3056000000.0,16937000000.0,72748000000.0,40299000000.0
FGRS,"Figure Technology Solutions, Inc.",0002064124,80,133858000.0,506865000.0,2317523000.0,1080325000.0
DFNSW,T3 Defense Inc.,0001787518,80,78549000.0,5913461.0,202386000.0,45186000.0
MPLXP,MPLX LP,0001552000,80,3928000000.0,12998000000.0,43005000000.0,28477000000.0
DAVEW,Dave Inc./DE,0001841408,80,195865000.0,554182000.0,487418000.0,134691000.0
TKR,TIMKEN CO,0000098362,80,288400000.0,80100000.0,6676800000.0,2902000000.0
ALKS,Alkermes plc.,0001520262,80,241664000.0,1475899000.0,2486993000.0,667698000.0
GME,GameStop Corp.,0001326380,80,418400000.0,3629900000.0,10388400000.0,4944000000.0
SSD,"Simpson Manufacturing Co., Inc.",0000920371,80,345083000.0,2332808000.0,3073626000.0,1038149000.0
STAG,"STAG Industrial, Inc.",0001479094,80,273519000.0,845184000.0,7208069000.0,3537040000.0
VCTR,"Victory Capital Holdings, Inc.",0001570827,80,330062000.0,218554000.0,4247850000.0,1823121000.0
CHE,CHEMED CORP,0000019584,80,265238000.0,2529978000.0,1538189000.0,558784000.0
ENS,EnerSys,0001289308,80,293557000.0,216125000.0,4003324000.0,2094452000.0
DXCM,DEXCOM INC,0001093557,80,836300000.0,221000000.0,6339900000.0,3593900000.0
MKC-V,MCCORMICK & CO INC,0000063754,80,789400000.0,6840300000.0,13200400000.0,7432300000.0
MLM,MARTIN MARIETTA MATERIALS INC,0000916076,80,279000000.0,1534000000.0,18711000000.0,8677000000.0
CBOE,"Cboe Global Markets, Inc.",0001374310,80,1100000000.0,2229100000.0,9305300000.0,4167000000.0
OWL,BLUE OWL CAPITAL INC.,0001823945,80,78833000.0,567754000.0,12467684000.0,6413485000.0
KNTK,Kinetik Holdings Inc.,0001692787,80,178260000.0,160617000.0,7095611000.0,4165229000.0
NNN,"NNN REIT, INC.",0000751364,80,389777000.0,926213000.0,9379355000.0,4971053000.0
IDCC,"InterDigital, Inc.",0001405495,80,406644000.0,75326000.0,2064290000.0,963170000.0
VICR,VICOR CORP,0000751978,80,118556000.0,452701000.0,785831000.0,74015000.0
PATH,"UiPath, Inc.",0001734722,80,282330000.0,1610572000.0,3179200000.0,1096613000.0
FR,FIRST INDUSTRIAL REALTY TRUST INC,0000921825,80,247443000.0,727076000.0,5688081000.0,2929151000.0
FIGR,"Figure Technology Solutions, Inc.",0002064124,80,133858000.0,506865000.0,2317523000.0,1080325000.0
ESTC,Elastic N.V.,0001707753,80,367766000.0,1739331000.0,3152676000.0,1876176000.0
EQIX,EQUINIX INC,0001101239,80,1350000000.0,1564115000.0,40141000000.0,25963000000.0
AATC,AUTOSCOPE TECHNOLOGIES CORP,0000943034,80,2295000.0,8500000.0,22367000.0,2573000.0
SFES,SAFEGUARD SCIENTIFICS INC,0000086115,80,110597000.0,34839000.0,22836000.0,2856000.0
TAIT,TAITRON COMPONENTS INC,0000942126,80,902000.0,4141000.0,17636000.0,2737000.0
WDLF,"Decentral Life, Inc.",0001281984,80,727386.0,220592.0,845666.0,252093.0
TRTN-PB,Triton International Ltd,0001660734,80,474089000.0,95998000.0,11232868000.0,8295870000.0
BEIGF,BeOne Medicines Ltd.,0001651308,80,286933000.0,18174000.0,8188573000.0,3827379000.0
TRTN-PG,Triton International Ltd,0001660734,80,474089000.0,95998000.0,11232868000.0,8295870000.0
TRTN-PF,Triton International Ltd,0001660734,80,474089000.0,95998000.0,11232868000.0,8295870000.0
TRTN-PE,Triton International Ltd,0001660734,80,474089000.0,95998000.0,11232868000.0,8295870000.0
TRTN-PD,Triton International Ltd,0001660734,80,474089000.0,95998000.0,11232868000.0,8295870000.0
TRTN-PC,Triton International Ltd,0001660734,80,474089000.0,95998000.0,11232868000.0,8295870000.0
EPR-PG,EPR PROPERTIES,0001045450,80,274936000.0,718357000.0,5699762000.0,3370591000.0
EPR-PE,EPR PROPERTIES,0001045450,80,274936000.0,718357000.0,5699762000.0,3370591000.0
EPR-PC,EPR PROPERTIES,0001045450,80,274936000.0,718357000.0,5699762000.0,3370591000.0
PNR,PENTAIR plc,0000077360,80,653800000.0,755200000.0,6868800000.0,2999600000.0
CGNX,COGNEX CORP,0000851205,80,114442000.0,994359000.0,2016555000.0,524654000.0
HSIC,HENRY SCHEIN INC,0001000228,80,398000000.0,3375202000.0,11215000000.0,6421000000.0
RRC,RANGE RESOURCES CORP,0000315852,80,658024000.0,3115515000.0,7421948000.0,3103267000.0
AMG,"AFFILIATED MANAGERS GROUP, INC.",0001004434,80,716600000.0,2074400000.0,9207400000.0,4785300000.0
ZTS,Zoetis Inc.,0001555280,80,2673000000.0,9467000000.0,15467000000.0,12136000000.0
COP,CONOCOPHILLIPS,0001163165,80,7988000000.0,58944000000.0,121939000000.0,57452000000.0
UBER,"Uber Technologies, Inc",0001543151,80,10053000000.0,52017000000.0,61802000000.0,33719000000.0
QCOM,QUALCOMM INC/DE,0000804328,80,5541000000.0,44284000000.0,50143000000.0,28937000000.0
AR,ANTERO RESOURCES Corp,0001433270,80,606722000.0,5275823000.0,13245407000.0,5529758000.0
CART,Maplebear Inc.,0001579091,80,447000000.0,3742000000.0,3687000000.0,974000000.0
AMKR,"AMKOR TECHNOLOGY, INC.",0001047127,80,373895000.0,1178464000.0,8136309000.0,3630022000.0
GMED,GLOBUS MEDICAL INC,0001237831,80,537868000.0,2938931000.0,5302761000.0,729511000.0
FDS,FACTSET RESEARCH SYSTEMS INC,0001013237,80,597040000.0,1435351000.0,4304272000.0,2117859000.0
CPT,CAMDEN PROPERTY TRUST,0000906345,80,384462000.0,12967000.0,9042989000.0,4604736000.0
SWKS,"SKYWORKS SOLUTIONS, INC.",0000004127,80,477100000.0,4086900000.0,7917000000.0,2159900000.0
ON,ON SEMICONDUCTOR CORP,0001097864,80,121000000.0,1446300000.0,12524100000.0,4832200000.0
SYK,STRYKER CORP,0000310764,80,849000000.0,7171000000.0,47844000000.0,25424000000.0
SBCWW,SBC Medical Group Holdings Inc,0001930313,80,50985613.0,173607489.0,380447946.0,117143240.0
NEE,NEXTERA ENERGY INC,0000753308,80,6835000000.0,3375000000.0,212721000000.0,146242000000.0
ADBE,ADOBE INC.,0000796343,80,7130000000.0,23769000000.0,29496000000.0,17873000000.0
FCX,FREEPORT-MCMORAN INC,0000831259,80,4152000000.0,25915000000.0,58167000000.0,27401000000.0
BNCWZ,CEA Industries Inc.,0001482541,80,115245000.0,9581968.0,337846000.0,33070000.0
KLAC,KLA CORP,0000319201,80,4830771000.0,13579476000.0,17951535000.0,11601715000.0
UNP,UNION PACIFIC CORP,0000100885,80,7138000000.0,5141000000.0,69698000000.0,51231000000.0
CACI,CACI INTERNATIONAL INC /DE/,0000016058,80,535808000.0,1170086000.0,11819644000.0,7356947000.0
MLI,MUELLER INDUSTRIES INC,0000089439,80,765191000.0,4178547000.0,3733029000.0,497123000.0
UDR,"UDR, Inc.",0000074208,80,377704000.0,1712317000.0,10605674000.0,6456911000.0
SGI,SOMNIGROUP INTERNATIONAL INC.,0001206264,80,384100000.0,648200000.0,11600700000.0,8483800000.0
RNR,RENAISSANCERE HOLDINGS LTD,0000913144,80,2682334000.0,12848074000.0,53800390000.0,34589641000.0
GLPI,"Gaming & Leisure Properties, Inc.",0001575965,80,825111000.0,1594752000.0,12909609000.0,7901349000.0
PEN,Penumbra Inc,0001321732,80,177687000.0,1403665000.0,1826519000.0,398916000.0
HUBS,HUBSPOT INC,0001404655,80,45911000.0,144022000.0,3854151000.0,1787907000.0
EIX,EDISON INTERNATIONAL,0000827052,80,4459000000.0,19317000000.0,94026000000.0,74767000000.0
Q,"Qnity Electronics, Inc.",0002058873,80,729000000.0,4754000000.0,14070000000.0,6704000000.0
PDYNW,Palladyne AI Corp.,0001826681,80,10039000.0,5246000.0,95712000.0,21037000.0
ACGP,"Associated Capital Group, Inc.",0001642122,80,44328000.0,11585000.0,935289000.0,36991000.0
PFE,PFIZER INC,0000078003,80,7771000000.0,62579000000.0,208160000000.0,121385000000.0
GRBK-PA,"Green Brick Partners, Inc.",0001373670,80,313225000.0,2098471000.0,2534767000.0,601782000.0
HCIIP,"HCI Group, Inc.",0001400810,80,299005000.0,246243000.0,2528928000.0,1414284000.0
CFOR,CapForce Inc.,0001293818,80,23620056.0,30200000.0,38055173.0,6198515.0
ISMCF,iShares S&P GSCI Commodity-Indexed Trust,0001332174,80,56966505.0,42543734.0,798917906.0,11798140.0
ACGLO,ARCH CAPITAL GROUP LTD.,0000947484,80,4399000000.0,19929000000.0,79241000000.0,55035000000.0
ACGLN,ARCH CAPITAL GROUP LTD.,0000947484,80,4399000000.0,19929000000.0,79241000000.0,55035000000.0
PANW,Palo Alto Networks Inc,0001327567,80,1133900000.0,2273100000.0,23576200000.0,15751800000.0
AMRZ,Amrize Ltd,0002035989,80,1185000000.0,11815000000.0,24249000000.0,10995000000.0
STRL,"STERLING INFRASTRUCTURE, INC.",0000874238,80,290153000.0,253911000.0,2633831000.0,1527396000.0
FN,Fabrinet,0001408710,80,473027000.0,4641097000.0,3910961000.0,1456705000.0
MKC,MCCORMICK & CO INC,0000063754,80,789400000.0,6840300000.0,13200400000.0,7432300000.0
TRMB,TRIMBLE INC.,0000864749,80,424000000.0,3798700000.0,9312000000.0,3475800000.0
IVZ,Invesco Ltd.,0000914208,80,538000000.0,5314100000.0,27094000000.0,14089100000.0
AFRM,"Affirm Holdings, Inc.",0001820953,80,1929793000.0,4261082000.0,15790148000.0,10306324000.0
RWDMU,Redwood Mortgage Investors IX,0001448038,80,1825000.0,5078000.0,59140000.0,89000.0
BNCWW,CEA Industries Inc.,0001482541,80,115245000.0,9581968.0,337846000.0,33070000.0
MGRE,"AFFILIATED MANAGERS GROUP, INC.",0001004434,80,716600000.0,2074400000.0,9207400000.0,4785300000.0
AAPL,Apple Inc.,0000320193,80,112010000000.0,62900000000.0,359241000000.0,285508000000.0
PG,PROCTER & GAMBLE Co,0000080424,80,16046000000.0,87032000000.0,126521000000.0,72210000000.0
CW,CURTISS WRIGHT CORP,0000026324,80,484228000.0,2391336000.0,5221292000.0,2687718000.0
FIS,"Fidelity National Information Services, Inc.",0001136893,80,511000000.0,2812000000.0,33488000000.0,19586000000.0
WES,"Western Midstream Partners, LP",0001423902,80,1180983000.0,3843403000.0,14998420000.0,10835298000.0
SNA,Snap-on Inc,0000091440,80,1016900000.0,5156100000.0,8412300000.0,2455500000.0
SSNC,SS&C Technologies Holdings Inc,0001402436,80,796900000.0,438365000.0,20711700000.0,13769900000.0
ROL,ROLLINS INC,0000084839,80,526705000.0,2161220000.0,3140523000.0,1766202000.0
OVV,Ovintiv Inc.,0001792580,80,1242000000.0,8908000000.0,20390000000.0,9195000000.0
ONTO,ONTO INNOVATION INC.,0000704532,80,136759000.0,1005263000.0,2367741000.0,267094000.0
CRS,CARPENTER TECHNOLOGY CORP,0000017843,80,162400000.0,618000000.0,3838300000.0,1610700000.0
NEE-PV,NEXTERA ENERGY INC,0000753308,80,6835000000.0,3375000000.0,212721000000.0,146242000000.0
NEE-PW,NEXTERA ENERGY INC,0000753308,80,6835000000.0,3375000000.0,212721000000.0,146242000000.0
NEE-PU,NEXTERA ENERGY INC,0000753308,80,6835000000.0,3375000000.0,212721000000.0,146242000000.0
NEE-PT,NEXTERA ENERGY INC,0000753308,80,6835000000.0,3375000000.0,212721000000.0,146242000000.0
REFI,"Chicago Atlantic Real Estate Finance, Inc.",0001867949,80,36010478.0,48857628.0,424915648.0,117101172.0
IMMR,IMMERSION CORP,0001058811,80,4524000.0,10867000.0,1052342000.0,484937000.0
HQI,"HireQuest, Inc.",0001140102,80,6330000.0,30640000.0,88227000.0,19906000.0
UTMD,UTAH MEDICAL PRODUCTS INC,0000706698,80,2565000.0,9044000.0,122542000.0,3274000.0
KROS,"Keros Therapeutics, Inc.",0001664710,80,87014000.0,243864000.0,338021000.0,34889000.0
SIGA,SIGA TECHNOLOGIES INC,0001010086,80,23279143.0,4264000.0,219467434.0,20645862.0
AMPY,Amplify Energy Corp.,0001533924,80,43968000.0,69643000.0,600900000.0,142177000.0
CHCI,"Comstock Holding Companies, Inc.",0001299969,80,17051000.0,62861000.0,84962000.0,14996000.0
CYPH,CYPHERPUNK TECHNOLOGIES INC.,0001509745,80,4822000.0,1500000.0,163182000.0,9676000.0
RNR-PG,RENAISSANCERE HOLDINGS LTD,0000913144,80,2682334000.0,12848074000.0,53800390000.0,34589641000.0
RNR-PF,RENAISSANCERE HOLDINGS LTD,0000913144,80,2682334000.0,12848074000.0,53800390000.0,34589641000.0
CSCO,"CISCO SYSTEMS, INC.",0000858877,80,10180000000.0,12844000000.0,122291000000.0,75448000000.0
V,VISA INC.,0001403161,80,20058000000.0,21846000000.0,99627000000.0,61718000000.0
AMCR,Amcor plc,0001748790,80,1106000000.0,5082000000.0,37095000000.0,25294000000.0
THC,TENET HEALTHCARE CORP,0000070318,80,1119000000.0,4806000000.0,29677000000.0,20704000000.0
LEN,LENNAR CORP /NEW/,0000920760,80,2078179000.0,34186934000.0,34430437000.0,12289828000.0
KEY,KEYCORP /NEW/,0000091576,70,1829000000.0,7513000000.0,184381000000.0,164000000000.0
WAL-PA,WESTERN ALLIANCE BANCORPORATION,0001212545,70,969000000.0,135800000.0,92774000000.0,84828000000.0
MS,MORGAN STANLEY,0000895421,70,16861000000.0,7764000000.0,1420270000000.0,1307618000000.0
FBRT-PE,"Franklin BSP Realty Trust, Inc.",0001562528,70,82271000.0,270071000.0,6057250000.0,4436025000.0
CGABL,Carlyle Group Inc.,0001527166,70,808700000.0,4779800000.0,29116000000.0,22058900000.0
HAPN,"Happen, Inc.",0001409970,70,135677000.0,314702000.0,11567816000.0,10067388000.0
EFX,EQUIFAX INC,0000033185,70,660300000.0,6074500000.0,11864200000.0,7126000000.0
OKTA,"Okta, Inc.",0001660134,70,235000000.0,2919000000.0,9710000000.0,2711000000.0
MKL,MARKEL GROUP INC.,0001096343,70,2107010000.0,15513233000.0,68905050000.0,49802861000.0
CHD,CHURCH & DWIGHT CO INC /DE/,0000313927,70,736800000.0,6203200000.0,8912400000.0,4910200000.0
MS-PO,MORGAN STANLEY,0000895421,70,16861000000.0,7764000000.0,1420270000000.0,1307618000000.0
MS-PP,MORGAN STANLEY,0000895421,70,16861000000.0,7764000000.0,1420270000000.0,1307618000000.0
MS-PA,MORGAN STANLEY,0000895421,70,16861000000.0,7764000000.0,1420270000000.0,1307618000000.0
OSS,"ONE STOP SYSTEMS, INC.",0001394056,70,5087694.0,37027382.0,52821543.0,6815478.0
NAGE,"Niagen Bioscience, Inc.",0001386570,70,17382000.0,129423000.0,106406000.0,29873000.0
BR,"BROADRIDGE FINANCIAL SOLUTIONS, INC.",0001383312,70,1124300000.0,1345700000.0,8945300000.0,6104700000.0
HTH,Hilltop Holdings Inc.,0001265131,70,41584000.0,152188000.0,15844994000.0,13647388000.0
KMT,KENNAMETAL INC,0000055242,70,342389000.0,2356698000.0,3166752000.0,1553315000.0
SHO,"Sunstone Hotel Investors, Inc.",0001295810,70,24568000.0,272952000.0,3029005000.0,1084387000.0
WTFCN,WINTRUST FINANCIAL CORP,0001015328,70,823844000.0,265635000.0,71142046000.0,63883331000.0
MS-PQ,MORGAN STANLEY,0000895421,70,16861000000.0,7764000000.0,1420270000000.0,1307618000000.0
USB-PQ,US BANCORP DE,0000036104,70,7570000000.0,28656000000.0,692345000000.0,626694000000.0
FRT-PC,FEDERAL REALTY INVESTMENT TRUST,0000034903,70,411077000.0,1278975000.0,9130460000.0,5629819000.0
USB-PR,US BANCORP DE,0000036104,70,7570000000.0,28656000000.0,692345000000.0,626694000000.0
USB-PS,US BANCORP DE,0000036104,70,7570000000.0,28656000000.0,692345000000.0,626694000000.0
OFLX,"Omega Flex, Inc.",0001317945,70,14827000.0,98296000.0,104954000.0,20946000.0
ARES,Ares Management Corp,0001176948,70,527362000.0,4755618000.0,28633369000.0,19931981000.0
ADUS,Addus HomeCare Corp,0001468328,70,95910000.0,1422530000.0,1437308000.0,352005000.0
ALG,ALAMO GROUP INC,0000897077,70,103801000.0,1603715000.0,1606616000.0,457913000.0
DV,"DoubleVerify Holdings, Inc.",0001819928,70,50650000.0,748291000.0,1354082000.0,222750000.0
SPB,"Spectrum Brands Holdings, Inc.",0000109177,70,99900000.0,993000000.0,3379600000.0,1469900000.0
IOSP,INNOSPEC INC.,0001054905,70,119500000.0,1778000000.0,1832400000.0,499500000.0
PMTV,PennyMac Mortgage Investment Trust,0001464423,70,127872000.0,155036000.0,21346882000.0,19459551000.0
PMTU,PennyMac Mortgage Investment Trust,0001464423,70,127872000.0,155036000.0,21346882000.0,19459551000.0
PMTW,PennyMac Mortgage Investment Trust,0001464423,70,127872000.0,155036000.0,21346882000.0,19459551000.0
SAM,BOSTON BEER CO INC,0000949870,70,108469000.0,1964994000.0,1193595000.0,347315000.0
WFC-PZ,WELLS FARGO & COMPANY/MN,0000072971,70,21338000000.0,85063000000.0,2148631000000.0,1965593000000.0
WFCNP,WELLS FARGO & COMPANY/MN,0000072971,70,21338000000.0,85063000000.0,2148631000000.0,1965593000000.0
WWD,"Woodward, Inc.",0000108312,70,442111000.0,3567064000.0,4630143000.0,2063753000.0
FLOC,Flowco Holdings Inc.,0002035149,70,41398000.0,759719000.0,1646351000.0,288427000.0
UFPT,UFP TECHNOLOGIES INC,0000914156,70,17566000.0,148915000.0,655077000.0,231200000.0
XYZ,"Block, Inc.",0001512673,70,1305636000.0,24193683000.0,39549887000.0,17380005000.0
PMT-PC,PennyMac Mortgage Investment Trust,0001464423,70,127872000.0,155036000.0,21346882000.0,19459551000.0
BL,"BLACKLINE, INC.",0001666134,70,24518000.0,50233000.0,1759519000.0,1388072000.0
PBH,Prestige Consumer Healthcare Inc.,0001295947,70,190301000.0,975777000.0,3494313000.0,1606797000.0
UNIT,Uniti Group Inc.,0002020795,70,1304700000.0,2234500000.0,12036700000.0,11656300000.0
BXMT,"BLACKSTONE MORTGAGE TRUST, INC.",0001061630,70,109569000.0,58258000.0,20002946000.0,16498556000.0
XRN-PA,Chiron Real Estate Inc.,0001533615,70,18342000.0,148208000.0,1242465000.0,712400000.0
XRN-PB,Chiron Real Estate Inc.,0001533615,70,18342000.0,148208000.0,1242465000.0,712400000.0
DCOM,"Dime Commercial Bancshares, Inc. /NY/",0000846617,70,110682000.0,19907000.0,15341631000.0,13865862000.0
GCT,GigaCloud Technology Inc,0001857816,70,137372000.0,1161042000.0,1202459000.0,716660000.0
IEX,IDEX CORP /DE/,0000832101,70,483200000.0,3457500000.0,6927000000.0,2900800000.0
EWBC,EAST WEST BANCORP INC,0001069157,70,1325188000.0,55316000.0,80434997000.0,71535795000.0
HIG-PG,"HARTFORD INSURANCE GROUP, INC.",0000874766,70,3836000000.0,28368000000.0,85997000000.0,67018000000.0
ONBPO,OLD NATIONAL BANCORP /IN/,0000707179,70,669257000.0,125616000.0,72151967000.0,63657179000.0
ONBPP,OLD NATIONAL BANCORP /IN/,0000707179,70,669257000.0,125616000.0,72151967000.0,63657179000.0
WFC-PD,WELLS FARGO & COMPANY/MN,0000072971,70,21338000000.0,85063000000.0,2148631000000.0,1965593000000.0
ANIP,ANI PHARMACEUTICALS INC,0001023024,70,78337000.0,47966000.0,1440377000.0,899653000.0
EVTC,"EVERTEC, Inc.",0001559865,70,141590000.0,453869000.0,2243296000.0,1529304000.0
ATEX,Anterix Inc.,0001304492,70,90635000.0,6501000.0,465210000.0,202889000.0
KALU,KAISER ALUMINUM CORP,0000811596,70,112500000.0,389400000.0,2564800000.0,1738700000.0
TPHS,Trinity Place Holdings Inc.,0000724742,70,5603000.0,3542000.0,3727000.0,1526000.0
TVE,Tennessee Valley Authority,0001376986,70,1360000000.0,12054000000.0,60882000000.0,39893000000.0
TVC,Tennessee Valley Authority,0001376986,70,1360000000.0,12054000000.0,60882000000.0,39893000000.0
MPC,Marathon Petroleum Corp,0001510295,70,4047000000.0,31092000000.0,83955000000.0,59869000000.0
APP,AppLovin Corp,0001751008,70,3333751000.0,5480717000.0,7259610000.0,5124939000.0
GTBIF,Green Thumb Industries Inc.,0001795139,70,83203000.0,1175295000.0,2790056000.0,879413000.0
PGR,PROGRESSIVE CORP/OH/,0000080661,70,11308000000.0,87671000000.0,123039000000.0,92716000000.0
PPG,PPG INDUSTRIES INC,0000079879,70,1576000000.0,15108000000.0,22098000000.0,14001000000.0
NVT,nVent Electric plc,0001720635,70,710200000.0,3893100000.0,6851900000.0,3121700000.0
FCNCA,FIRST CITIZENS BANCSHARES INC /DE/,0000798941,70,2206000000.0,9541000000.0,229698000000.0,207460000000.0
WFC-PA,WELLS FARGO & COMPANY/MN,0000072971,70,21338000000.0,85063000000.0,2148631000000.0,1965593000000.0
MTB-PL,M&T BANK CORP,0000036270,70,2851000000.0,9643000000.0,213510000000.0,184333000000.0
MTB-PH,M&T BANK CORP,0000036270,70,2851000000.0,9643000000.0,213510000000.0,184333000000.0
MTB-PK,M&T BANK CORP,0000036270,70,2851000000.0,9643000000.0,213510000000.0,184333000000.0
MTB-PJ,M&T BANK CORP,0000036270,70,2851000000.0,9643000000.0,213510000000.0,184333000000.0
RS,"RELIANCE, INC.",0000861884,70,739400000.0,14805900000.0,10373300000.0,3193800000.0
ZBH,"ZIMMER BIOMET HOLDINGS, INC.",0001136869,70,705100000.0,8231500000.0,23091700000.0,10386000000.0
CG,Carlyle Group Inc.,0001527166,70,808700000.0,4779800000.0,29116000000.0,22058900000.0
FBNC,FIRST BANCORP /NC/,0000811589,70,111048000.0,67623000.0,12668339000.0,11014171000.0
WAFD,WAFD INC,0000936528,70,226068000.0,29650000.0,26699699000.0,23660124000.0
FTNT,"Fortinet, Inc.",0001262039,70,1853400000.0,6799600000.0,10389200000.0,9151700000.0
ADP,AUTOMATIC DATA PROCESSING INC,0000008670,70,4413500000.0,21947400000.0,63193300000.0,57162100000.0
BNY,Bank of New York Mellon Corp,0001390777,70,5549000000.0,20080000000.0,472300000000.0,427492000000.0
CB,Chubb Ltd,0000896159,70,10310000000.0,59402000000.0,272327000000.0,192548000000.0
ENDI,ENDI Corp.,0001908984,70,1208269.0,9587523.0,25516988.0,2403898.0
LANDP,GLADSTONE LAND Corp,0001495240,70,13529000.0,88339000.0,1239172000.0,568886000.0
SOJF,SOUTHERN CO,0000092122,70,4341000000.0,29553000000.0,155720000000.0,116853000000.0
T-PA,AT&T INC.,0000732717,70,21953000000.0,125648000000.0,420198000000.0,279032000000.0
T-PC,AT&T INC.,0000732717,70,21953000000.0,125648000000.0,420198000000.0,279032000000.0
PAA,PLAINS ALL AMERICAN PIPELINE LP,0001070423,70,342000000.0,10565000000.0,30169000000.0,9130000000.0
SN,"SharkNinja, Inc.",0001957132,70,701374000.0,6399188000.0,5349434000.0,2673223000.0
RBA,RB GLOBAL INC.,0001046102,70,428400000.0,4590700000.0,12143000000.0,6075300000.0
BEN,FRANKLIN RESOURCES INC,0000038777,70,524900000.0,5774500000.0,32368300000.0,18179500000.0
STZ,"CONSTELLATION BRANDS, INC.",0000016918,70,201800000.0,1920200000.0,21900500000.0,13513600000.0
BBT,Beacon Financial Corp,0001108134,70,53366000.0,110180000.0,23220372000.0,20724311000.0
SLDE,"Slide Insurance Holdings, Inc.",0001886428,70,443958000.0,1155901000.0,2918465000.0,1805224000.0
HPE-PC,Hewlett Packard Enterprise Co,0001645590,70,57000000.0,34296000000.0,75906000000.0,14276000000.0
PHIN,PHINIA INC.,0001968915,70,130000000.0,882000000.0,3817000000.0,2230000000.0
UMH-PD,"UMH PROPERTIES, INC.",0000752642,70,51088000.0,261754000.0,1699036000.0,791840000.0
CVX,CHEVRON CORP,0000093410,70,12299000000.0,189031000000.0,324012000000.0,131836000000.0
SOJD,SOUTHERN CO,0000092122,70,4341000000.0,29553000000.0,155720000000.0,116853000000.0
SOJE,SOUTHERN CO,0000092122,70,4341000000.0,29553000000.0,155720000000.0,116853000000.0
SOMN,SOUTHERN CO,0000092122,70,4341000000.0,29553000000.0,155720000000.0,116853000000.0
CTS,CTS CORP,0000026058,70,65317000.0,541318000.0,764311000.0,212525000.0
PMT-PA,PennyMac Mortgage Investment Trust,0001464423,70,127872000.0,155036000.0,21346882000.0,19459551000.0
PMT-PB,PennyMac Mortgage Investment Trust,0001464423,70,127872000.0,155036000.0,21346882000.0,19459551000.0
WLY,"JOHN WILEY & SONS, INC.",0000107140,70,221617000.0,477300000.0,2591818000.0,1743576000.0
WOR,"WORTHINGTON ENTERPRISES, INC.",0000108516,70,156085000.0,1381292000.0,1848064000.0,821024000.0
MGRC,MCGRATH RENTCORP,0000752714,70,156308000.0,944235000.0,2357117000.0,1120094000.0
NBTB,NBT BANCORP INC,0000790359,70,169235000.0,182952000.0,15995121000.0,14098905000.0
PATK,PATRICK INDUSTRIES INC,0000076605,70,135056000.0,29000000.0,3076174000.0,1891877000.0
FOR,Forestar Group Inc.,0001406587,70,167900000.0,1662400000.0,3137000000.0,1368100000.0
WLYB,"JOHN WILEY & SONS, INC.",0000107140,70,221617000.0,477300000.0,2591818000.0,1743576000.0
WRB-PE,BERKLEY W R CORP,0000011544,70,1779403000.0,14707856000.0,44071071000.0,34359177000.0
HUBB,HUBBELL INC,0000048898,70,224200000.0,1492700000.0,8228800000.0,4370900000.0
CINF,CINCINNATI FINANCIAL CORP,0000020286,70,2393000000.0,12631000000.0,41002000000.0,25091000000.0
DCOM-P,"Dime Commercial Bancshares, Inc. /NY/",0000846617,70,110682000.0,19907000.0,15341631000.0,13865862000.0
DCBG,"Dime Commercial Bancshares, Inc. /NY/",0000846617,70,110682000.0,19907000.0,15341631000.0,13865862000.0
SOLV,Solventum Corp,0001964738,70,1556000000.0,8325000000.0,14294000000.0,9245000000.0
YUMC,"Yum China Holdings, Inc.",0001673358,70,929000000.0,11797000000.0,10783000000.0,4684000000.0
TRU,TransUnion,0001552033,70,455400000.0,4576300000.0,11112900000.0,6567600000.0
WFC,WELLS FARGO & COMPANY/MN,0000072971,70,21338000000.0,85063000000.0,2148631000000.0,1965593000000.0
WBS-PF,WEBSTER FINANCIAL CORP,0000801337,70,1002802000.0,2899413000.0,84073663000.0,74581427000.0
BELFA,BEL FUSE INC /NJ,0000729580,70,61536000.0,119940000.0,935200000.0,416526000.0
UE,Urban Edge Properties,0001611547,70,93535000.0,471935000.0,3311871000.0,1935399000.0
BELFB,BEL FUSE INC /NJ,0000729580,70,61536000.0,119940000.0,935200000.0,416526000.0
BPOPO,"POPULAR, INC.",0000763901,70,833159000.0,756100000.0,75348267000.0,69099188000.0
LIFX,"Life360, Inc.",0001581760,70,150832000.0,489481000.0,959688000.0,411506000.0
HAYW,"Hayward Holdings, Inc.",0001834622,70,151570000.0,1122155000.0,3150984000.0,1557976000.0
COLM,COLUMBIA SPORTSWEAR CO,0001050797,70,177224000.0,915623000.0,2928493000.0,1218350000.0
ZIONP,"ZIONS BANCORPORATION, NATIONAL ASSOCIATION /UT/",0000109380,70,263000000.0,662000000.0,88990000000.0,81810000000.0
JPM-PL,JPMORGAN CHASE & CO,0000019617,70,57048000000.0,182447000000.0,4424900000000.0,4062462000000.0
JPM-PM,JPMORGAN CHASE & CO,0000019617,70,57048000000.0,182447000000.0,4424900000000.0,4062462000000.0
VYLD,JPMORGAN CHASE & CO,0000019617,70,57048000000.0,182447000000.0,4424900000000.0,4062462000000.0
AMJB,JPMORGAN CHASE & CO,0000019617,70,57048000000.0,182447000000.0,4424900000000.0,4062462000000.0
SPOK,"Spok Holdings, Inc",0001289945,70,15881000.0,139708000.0,206111000.0,59732000.0
BOH,BANK OF HAWAII CORP,0000046195,70,205902000.0,121925000.0,24176364000.0,22325152000.0
XPEL,"XPEL, Inc.",0001767258,70,51226000.0,476200000.0,382526000.0,97341000.0
KEY-PK,KEYCORP /NEW/,0000091576,70,1829000000.0,7513000000.0,184381000000.0,164000000000.0
TEVJF,TEVA PHARMACEUTICAL INDUSTRIES LTD,0000818686,70,1410000000.0,1500000000.0,40748000000.0,32834000000.0
BF-A,BROWN FORMAN CORP,0000014693,70,715000000.0,3928000000.0,7894000000.0,3874000000.0
KEY-PI,KEYCORP /NEW/,0000091576,70,1829000000.0,7513000000.0,184381000000.0,164000000000.0
WBS,WEBSTER FINANCIAL CORP,0000801337,70,1002802000.0,2899413000.0,84073663000.0,74581427000.0
UMH,"UMH PROPERTIES, INC.",0000752642,70,51088000.0,261754000.0,1699036000.0,791840000.0
TEVA,TEVA PHARMACEUTICAL INDUSTRIES LTD,0000818686,70,1410000000.0,1500000000.0,40748000000.0,32834000000.0
EBAY,EBAY INC,0001065088,70,2031000000.0,17902000000.0,17610000000.0,12995000000.0
CBZ,"CBIZ, Inc.",0000944148,70,115444000.0,199023000.0,4409528000.0,2647461000.0
PFS,PROVIDENT FINANCIAL SERVICES INC,0001178970,70,291160000.0,73109000.0,24980710000.0,22147498000.0
FIZZ,NATIONAL BEVERAGE CORP,0000069891,70,183648000.0,1180552000.0,851647000.0,215933000.0
CELG-RI,BRISTOL MYERS SQUIBB CO,0000014272,70,7054000000.0,48194000000.0,90038000000.0,71533000000.0
FHN-PE,FIRST HORIZON CORP,0000036966,70,982000000.0,3419000000.0,83876000000.0,74734000000.0
FHN-PF,FIRST HORIZON CORP,0000036966,70,982000000.0,3419000000.0,83876000000.0,74734000000.0
FHN-PH,FIRST HORIZON CORP,0000036966,70,982000000.0,3419000000.0,83876000000.0,74734000000.0
BAC-PL,BANK OF AMERICA CORP /DE/,0000070858,70,30509000000.0,113097000000.0,3411738000000.0,3108495000000.0
LOGI,LOGITECH INTERNATIONAL S.A.,0001032975,70,711187000.0,4840761000.0,3848588000.0,1637194000.0
LULU,lululemon athletica inc.,0001397187,70,1579183000.0,11102600000.0,8456743000.0,3494903000.0
ALLE,Allegion plc,0001579241,70,643800000.0,2408200000.0,5223700000.0,3156100000.0
ULS,UL Solutions Inc.,0001901440,70,325000000.0,3053000000.0,2921000000.0,1627000000.0
PYPL,"PayPal Holdings, Inc.",0001633917,70,5233000000.0,33172000000.0,80173000000.0,59917000000.0
STT,STATE STREET CORP,0000093751,70,2945000000.0,13944000000.0,366047000000.0,338206000000.0
SOJC,SOUTHERN CO,0000092122,70,4341000000.0,29553000000.0,155720000000.0,116853000000.0
PNC,"PNC FINANCIAL SERVICES GROUP, INC.",0000713676,70,6997000000.0,23099000000.0,573572000000.0,512936000000.0
USB,US BANCORP DE,0000036104,70,7570000000.0,28656000000.0,692345000000.0,626694000000.0
BAC-PM,BANK OF AMERICA CORP /DE/,0000070858,70,30509000000.0,113097000000.0,3411738000000.0,3108495000000.0
MER-PK,BANK OF AMERICA CORP /DE/,0000070858,70,30509000000.0,113097000000.0,3411738000000.0,3108495000000.0
JPM-PD,JPMORGAN CHASE & CO,0000019617,70,57048000000.0,182447000000.0,4424900000000.0,4062462000000.0
JPM-PJ,JPMORGAN CHASE & CO,0000019617,70,57048000000.0,182447000000.0,4424900000000.0,4062462000000.0
JPM-PK,JPMORGAN CHASE & CO,0000019617,70,57048000000.0,182447000000.0,4424900000000.0,4062462000000.0
BKTI,BK Technologies Corp,0000002186,70,13536000.0,74094000.0,63760000.0,19062000.0
FHB,"FIRST HAWAIIAN, INC.",0000036377,70,276266000.0,880788000.0,23955252000.0,21185887000.0
GLW,CORNING INC /NY,0000024741,70,1596000000.0,15629000000.0,30976000000.0,18669000000.0
FUL,FULLER H B CO,0000039368,70,151967000.0,739106000.0,5182706000.0,3179512000.0
SO,SOUTHERN CO,0000092122,70,4341000000.0,29553000000.0,155720000000.0,116853000000.0
FCNCB,FIRST CITIZENS BANCSHARES INC /DE/,0000798941,70,2206000000.0,9541000000.0,229698000000.0,207460000000.0
STT-PG,STATE STREET CORP,0000093751,70,2945000000.0,13944000000.0,366047000000.0,338206000000.0
CARG,"CarGurus, Inc.",0001494259,70,155903000.0,90597000.0,661897000.0,287699000.0
SHO-PH,"Sunstone Hotel Investors, Inc.",0001295810,70,24568000.0,272952000.0,3029005000.0,1084387000.0
SHO-PI,"Sunstone Hotel Investors, Inc.",0001295810,70,24568000.0,272952000.0,3029005000.0,1084387000.0
MGNI,"MAGNITE, INC.",0001595974,70,144613000.0,48486000.0,3164375000.0,2242025000.0
WRB,BERKLEY W R CORP,0000011544,70,1779403000.0,14707856000.0,44071071000.0,34359177000.0
LH,LABCORP HOLDINGS INC.,0000920148,70,876500000.0,13951700000.0,18392700000.0,9756000000.0
HEI-A,HEICO CORP,0000046619,70,690385000.0,4485044000.0,8500434000.0,3653901000.0
SPG-PJ,SIMON PROPERTY GROUP INC.,0001063761,70,3539882000.0,1791462000.0,40606466000.0,33901073000.0
BSQKZ,"Block, Inc.",0001512673,70,1305636000.0,24193683000.0,39549887000.0,17380005000.0
MS-PK,MORGAN STANLEY,0000895421,70,16861000000.0,7764000000.0,1420270000000.0,1307618000000.0
MS-PE,MORGAN STANLEY,0000895421,70,16861000000.0,7764000000.0,1420270000000.0,1307618000000.0
USB-PH,US BANCORP DE,0000036104,70,7570000000.0,28656000000.0,692345000000.0,626694000000.0
USB-PP,US BANCORP DE,0000036104,70,7570000000.0,28656000000.0,692345000000.0,626694000000.0
WFC-PY,WELLS FARGO & COMPANY/MN,0000072971,70,21338000000.0,85063000000.0,2148631000000.0,1965593000000.0
WFC-PL,WELLS FARGO & COMPANY/MN,0000072971,70,21338000000.0,85063000000.0,2148631000000.0,1965593000000.0
TBB,AT&T INC.,0000732717,70,21953000000.0,125648000000.0,420198000000.0,279032000000.0
WFC-PC,WELLS FARGO & COMPANY/MN,0000072971,70,21338000000.0,85063000000.0,2148631000000.0,1965593000000.0
JPM-PC,JPMORGAN CHASE & CO,0000019617,70,57048000000.0,182447000000.0,4424900000000.0,4062462000000.0
BML-PG,BANK OF AMERICA CORP /DE/,0000070858,70,30509000000.0,113097000000.0,3411738000000.0,3108495000000.0
BML-PL,BANK OF AMERICA CORP /DE/,0000070858,70,30509000000.0,113097000000.0,3411738000000.0,3108495000000.0
BAC-PB,BANK OF AMERICA CORP /DE/,0000070858,70,30509000000.0,113097000000.0,3411738000000.0,3108495000000.0
BAC-PK,BANK OF AMERICA CORP /DE/,0000070858,70,30509000000.0,113097000000.0,3411738000000.0,3108495000000.0
LIFE,Ethos Technologies Inc.,0001788451,70,71151000.0,387608000.0,515337000.0,135456000.0
PLMR,"Palomar Holdings, Inc.",0001761312,70,197070000.0,875967000.0,3050967000.0,2108300000.0
LEU,CENTRUS ENERGY CORP,0001065059,70,77800000.0,193000000.0,2445900000.0,1680800000.0
BWXT,"BWX Technologies, Inc.",0001486957,70,92989000.0,430138000.0,4271495000.0,3038483000.0
BML-PJ,BANK OF AMERICA CORP /DE/,0000070858,70,30509000000.0,113097000000.0,3411738000000.0,3108495000000.0
BAC-PN,BANK OF AMERICA CORP /DE/,0000070858,70,30509000000.0,113097000000.0,3411738000000.0,3108495000000.0
BAC-PO,BANK OF AMERICA CORP /DE/,0000070858,70,30509000000.0,113097000000.0,3411738000000.0,3108495000000.0
BAC-PP,BANK OF AMERICA CORP /DE/,0000070858,70,30509000000.0,113097000000.0,3411738000000.0,3108495000000.0
BAC-PQ,BANK OF AMERICA CORP /DE/,0000070858,70,30509000000.0,113097000000.0,3411738000000.0,3108495000000.0
BAC-PS,BANK OF AMERICA CORP /DE/,0000070858,70,30509000000.0,113097000000.0,3411738000000.0,3108495000000.0
BAC-PE,BANK OF AMERICA CORP /DE/,0000070858,70,30509000000.0,113097000000.0,3411738000000.0,3108495000000.0
BML-PH,BANK OF AMERICA CORP /DE/,0000070858,70,30509000000.0,113097000000.0,3411738000000.0,3108495000000.0
TXT,TEXTRON INC,0000217346,70,921000000.0,14799000000.0,18129000000.0,10254000000.0
WBS-PG,WEBSTER FINANCIAL CORP,0000801337,70,1002802000.0,2899413000.0,84073663000.0,74581427000.0
NXT,Nextpower Inc.,0001852131,70,585883000.0,3559390000.0,4073212000.0,1738815000.0
PINS,"PINTEREST, INC.",0001506293,70,416855000.0,4221767000.0,5492132000.0,746894000.0
CSGP,"COSTAR GROUP, INC.",0001057352,70,7000000.0,253991000.0,10538000000.0,2167000000.0
BF-B,BROWN FORMAN CORP,0000014693,70,715000000.0,3928000000.0,7894000000.0,3874000000.0
CORT,CORCEPT THERAPEUTICS INC,0001088856,70,99652000.0,761407000.0,836651000.0,188846000.0
EGAN,EGAIN Corp,0001066194,70,32254000.0,15589000.0,148005000.0,67274000.0
ELS,EQUITY LIFESTYLE PROPERTIES INC,0000895417,70,402061000.0,1531382000.0,5745393000.0,3930567000.0
HG,"Hamilton Insurance Group, Ltd.",0001593275,70,840029000.0,2905524000.0,9571613000.0,6749342000.0
WAFDP,WAFD INC,0000936528,70,226068000.0,29650000.0,26699699000.0,23660124000.0
CBU,"COMMUNITY FINANCIAL SYSTEM, INC.",0000723188,70,210455000.0,818007000.0,17303296000.0,15297262000.0
USB-PA,US BANCORP DE,0000036104,70,7570000000.0,28656000000.0,692345000000.0,626694000000.0
NHC,NATIONAL HEALTHCARE CORP,0001047335,70,120015000.0,1517781000.0,1526419000.0,451904000.0
CRVL,CORVEL CORP,0000874866,70,110344000.0,958527000.0,642986000.0,248755000.0
MCHB,Mechanics Bancorp,0001518715,70,265739000.0,49728000.0,22351475000.0,19489100000.0
HIW,"HIGHWOODS PROPERTIES, INC.",0000921082,70,162650000.0,806112000.0,6273838000.0,3838184000.0
WLDN,"Willdan Group, Inc.",0001370450,70,18713000.0,64161000.0,544211000.0,239360000.0
VRMK,ERP OPERATING LTD PARTNERSHIP,0000931182,70,382587000.0,1943711000.0,15417515000.0,9984722000.0
ASIC,Ategrity Specialty Insurance Co Holdings,0002040491,70,74002000.0,424339000.0,1474313000.0,859454000.0
JCAP,"Jefferson Capital, Inc. / DE",0002046042,70,187965000.0,613289000.0,2087373000.0,1611238000.0
ASB-PE,ASSOCIATED BANC-CORP,0000007789,70,474777000.0,1102756000.0,45202596000.0,40227249000.0
ASB-PF,ASSOCIATED BANC-CORP,0000007789,70,474777000.0,1102756000.0,45202596000.0,40227249000.0
SCHW-PD,SCHWAB CHARLES CORP,0000316709,70,8852000000.0,23921000000.0,490995000000.0,441570000000.0
SCHW-PJ,SCHWAB CHARLES CORP,0000316709,70,8852000000.0,23921000000.0,490995000000.0,441570000000.0
BOH-PA,BANK OF HAWAII CORP,0000046195,70,205902000.0,121925000.0,24176364000.0,22325152000.0
BACRP,BANK OF AMERICA CORP /DE/,0000070858,70,30509000000.0,113097000000.0,3411738000000.0,3108495000000.0
QNST,"QUINSTREET, INC",0001117297,70,81235000.0,282140000.0,721302000.0,398210000.0
WT,"WisdomTree, Inc.",0000880631,70,109133000.0,493753000.0,1512941000.0,1099269000.0
LIF,"Life360, Inc.",0001581760,70,150832000.0,489481000.0,959688000.0,411506000.0
BFAM,BRIGHT HORIZONS FAMILY SOLUTIONS INC.,0001437578,70,193116000.0,478241000.0,3889603000.0,2550312000.0
THRM,Gentherm Inc,0000903129,70,95393000.0,554979000.0,1396429000.0,676106000.0
BOH-PB,BANK OF HAWAII CORP,0000046195,70,205902000.0,121925000.0,24176364000.0,22325152000.0
WRB-PF,BERKLEY W R CORP,0000011544,70,1779403000.0,14707856000.0,44071071000.0,34359177000.0
WRB-PG,BERKLEY W R CORP,0000011544,70,1779403000.0,14707856000.0,44071071000.0,34359177000.0
WRB-PH,BERKLEY W R CORP,0000011544,70,1779403000.0,14707856000.0,44071071000.0,34359177000.0
NTRSO,NORTHERN TRUST CORP,0000073124,70,1736900000.0,8086400000.0,177132700000.0,164174800000.0
ASBA,ASSOCIATED BANC-CORP,0000007789,70,474777000.0,1102756000.0,45202596000.0,40227249000.0
LNN,LINDSAY CORP,0000836157,70,74052000.0,676368000.0,840836000.0,307986000.0
TNC,TENNANT CO,0000097134,70,43800000.0,294800000.0,1268900000.0,665500000.0
PARR,"PAR PACIFIC HOLDINGS, INC.",0000821483,70,369391000.0,2443066000.0,3833689000.0,2281173000.0
CME,CME GROUP INC.,0001156375,70,4072200000.0,6520600000.0,198424200000.0,169696000000.0
DASH,"DoorDash, Inc.",0001792789,70,935000000.0,13717000000.0,19659000000.0,9613000000.0
USPH,U S PHYSICAL THERAPY INC /NV,0000885978,70,39583000.0,780990000.0,1204010000.0,433811000.0
RDVT,"Red Violet, Inc.",0001720116,70,13154000.0,90252000.0,112012000.0,11086000.0
MHO,"M/I HOMES, INC.",0000799292,70,402941000.0,4417781000.0,4777125000.0,1610935000.0
SEZL,Sezzle Inc.,0001662991,70,133130000.0,450279000.0,400229000.0,230418000.0
PFSI,"PennyMac Financial Services, Inc.",0001745916,70,501077000.0,251201000.0,29388689000.0,25079713000.0
VRTS,"VIRTUS INVESTMENT PARTNERS, INC.",0000883237,70,208131000.0,171646000.0,4291200000.0,3253421000.0
SAFE,Safehold Inc.,0001095651,70,114469000.0,385552000.0,7249275000.0,4809396000.0
CFR-PB,"CULLEN/FROST BANKERS, INC.",0000039263,70,648557000.0,2235244000.0,53041424000.0,48468388000.0
BPOPM,"POPULAR, INC.",0000763901,70,833159000.0,756100000.0,75348267000.0,69099188000.0
FCNCN,FIRST CITIZENS BANCSHARES INC /DE/,0000798941,70,2206000000.0,9541000000.0,229698000000.0,207460000000.0
CFG-PE,CITIZENS FINANCIAL GROUP INC/RI,0000759944,70,1831000000.0,8247000000.0,226351000000.0,200034000000.0
CFG-PH,CITIZENS FINANCIAL GROUP INC/RI,0000759944,70,1831000000.0,8247000000.0,226351000000.0,200034000000.0
UTGN,UTG INC,0000832480,70,17079919.0,42345719.0,491368581.0,258676314.0
NC,NACCO INDUSTRIES INC,0000789933,70,17574000.0,104778000.0,661228000.0,231985000.0
IRT,"INDEPENDENCE REALTY TRUST, INC.",0001466085,70,33265000.0,167127000.0,6021750000.0,2432324000.0
BFH,"BREAD FINANCIAL HOLDINGS, INC.",0001101215,70,518000000.0,1109800000.0,22663000000.0,19336000000.0
SEB,SEABOARD CORP /DE/,0000088121,70,501000000.0,5809000000.0,8246000000.0,3011000000.0
DY,DYCOM INDUSTRIES INC,0000067215,70,281189000.0,789159000.0,5979182000.0,4120046000.0
UPWK,"UPWORK, INC",0001627475,70,115425000.0,787784000.0,1299580000.0,669265000.0
HD,"HOME DEPOT, INC.",0000354950,70,14156000000.0,66176000000.0,105095000000.0,92282000000.0
HRTG,"Heritage Insurance Holdings, Inc.",0001598665,70,66675000.0,215316000.0,2195822000.0,1690571000.0
MWA,"Mueller Water Products, Inc.",0001350593,70,191700000.0,1429700000.0,1838900000.0,857200000.0
WSFS,WSFS FINANCIAL CORP,0000828944,70,287349000.0,963949000.0,21314076000.0,18586001000.0
TOL,"Toll Brothers, Inc.",0000794170,70,446716000.0,7143258000.0,14519866000.0,6233802000.0
ODC,Oil-Dri Corp of America,0000074046,70,53996000.0,485572000.0,391677000.0,132617000.0
EBF,"ENNIS, INC.",0000033002,70,42627000.0,392403000.0,356911000.0,48179000.0
HEI,HEICO CORP,0000046619,70,690385000.0,4485044000.0,8500434000.0,3653901000.0
SEVN,Seven Hills Realty Trust,0001452477,70,15434000.0,29383000.0,820856000.0,492205000.0
CFG-PI,CITIZENS FINANCIAL GROUP INC/RI,0000759944,70,1831000000.0,8247000000.0,226351000000.0,200034000000.0
EVR,Evercore Inc.,0001360901,70,591922000.0,3880084000.0,5358097000.0,3038231000.0
FHN,FIRST HORIZON CORP,0000036966,70,982000000.0,3419000000.0,83876000000.0,74734000000.0
ALSN,Allison Transmission Holdings Inc,0001411207,70,623000000.0,3010000000.0,6082000000.0,4215000000.0
UCB,UNITED COMMUNITY BANKS INC,0000857855,70,328095000.0,1063152000.0,28002554000.0,24363868000.0
SPG,SIMON PROPERTY GROUP INC.,0001063761,70,3539882000.0,1791462000.0,40606466000.0,33901073000.0
FLEX,FLEX LTD.,0000866374,70,880000000.0,6858851000.0,22060000000.0,16916000000.0
HIG,"HARTFORD INSURANCE GROUP, INC.",0000874766,70,3836000000.0,28368000000.0,85997000000.0,67018000000.0
IQV,IQVIA HOLDINGS INC.,0001478242,70,1360000000.0,9739000000.0,29944000000.0,23314000000.0
WCN,"Waste Connections, Inc.",0001318220,70,1076557000.0,9466915000.0,21129363000.0,12883982000.0
KEY-PJ,KEYCORP /NEW/,0000091576,70,1829000000.0,7513000000.0,184381000000.0,164000000000.0
KEY-PL,KEYCORP /NEW/,0000091576,70,1829000000.0,7513000000.0,184381000000.0,164000000000.0
HBANL,HUNTINGTON BANCSHARES INC /MD/,0000049196,70,2211000000.0,1562000000.0,225106000000.0,200727000000.0
HBANZ,HUNTINGTON BANCSHARES INC /MD/,0000049196,70,2211000000.0,1562000000.0,225106000000.0,200727000000.0
HBANM,HUNTINGTON BANCSHARES INC /MD/,0000049196,70,2211000000.0,1562000000.0,225106000000.0,200727000000.0
HBANP,HUNTINGTON BANCSHARES INC /MD/,0000049196,70,2211000000.0,1562000000.0,225106000000.0,200727000000.0
HPE,Hewlett Packard Enterprise Co,0001645590,70,57000000.0,34296000000.0,75906000000.0,14276000000.0
URI,"UNITED RENTALS, INC.",0001067701,70,653000000.0,4208000000.0,29866000000.0,20898000000.0
TRV,"TRAVELERS COMPANIES, INC.",0000086312,70,6288000000.0,48828000000.0,143708000000.0,110814000000.0
TCBI,TEXAS CAPITAL BANCSHARES INC/TX,0001077428,70,330244000.0,1605000.0,31540274000.0,27908892000.0
KRC,KILROY REALTY CORP,0001025996,70,78642000.0,1112667000.0,10915076000.0,5277333000.0
ITRI,"ITRON, INC.",0000780571,70,301055000.0,2367194000.0,3720707000.0,1982511000.0
KFY,KORN FERRY,0000056679,70,277434000.0,1819519000.0,4064776000.0,2085873000.0
FBP,FIRST BANCORP /PR/,0001057706,70,344866000.0,1255034000.0,19132892000.0,17166027000.0
PMT,PennyMac Mortgage Investment Trust,0001464423,70,127872000.0,155036000.0,21346882000.0,19459551000.0
PAYC,"Paycom Software, Inc.",0001590955,70,453400000.0,150332000.0,7598700000.0,5867200000.0
AEIS,ADVANCED ENERGY INDUSTRIES INC,0000927003,70,54214000.0,453095000.0,2545800000.0,1175200000.0
FCNCO,FIRST CITIZENS BANCSHARES INC /DE/,0000798941,70,2206000000.0,9541000000.0,229698000000.0,207460000000.0
FCNCP,FIRST CITIZENS BANCSHARES INC /DE/,0000798941,70,2206000000.0,9541000000.0,229698000000.0,207460000000.0
PAAPU,PLAINS ALL AMERICAN PIPELINE LP,0001070423,70,342000000.0,10565000000.0,30169000000.0,9130000000.0
BSY,BENTLEY SYSTEMS INC,0001031308,70,277861000.0,734849000.0,3555167000.0,2365675000.0
CVCO,"CAVCO INDUSTRIES, INC.",0000278166,70,190551000.0,2142713000.0,1491139000.0,387957000.0
OLLI,"Ollie's Bargain Outlet Holdings, Inc.",0001639300,70,240596000.0,2649198000.0,2954953000.0,1066877000.0
AMPH,"Amphastar Pharmaceuticals, Inc.",0001297184,70,98094000.0,719887000.0,1629299000.0,840494000.0
BUR,Burford Capital Ltd,0001714174,70,62572000.0,413360000.0,6641172000.0,3513442000.0
PTPI,"Petros Pharmaceuticals, Inc.",0001815903,70,1913595.0,5112043.0,5163598.0,2292744.0
CVSA,Covista Inc.,0000730464,70,251566000.0,1954085000.0,3012708000.0,1566523000.0
AERA,AI Era Corp.,0001605331,70,1455448.0,6368563.0,6664156.0,3598731.0
MYSZ,"My Size, Inc.",0001211805,70,535000.0,66000.0,10204000.0,5047000.0
KBR,"KBR, INC.",0001357615,70,415000000.0,1466000000.0,6584000000.0,5072000000.0
FTK,FLOTEK INDUSTRIES INC/CN/,0000928054,70,30528000.0,136092000.0,220049000.0,106991000.0
WRLD,WORLD ACCEPTANCE CORP,0000108385,70,35290000.0,175907000.0,1054120644.0,703115353.0
PSIX,"POWER SOLUTIONS INTERNATIONAL, INC.",0001137091,70,113987000.0,131476000.0,424745000.0,246136000.0
IBM,INTERNATIONAL BUSINESS MACHINES CORP,0000051143,70,10593000000.0,67535000000.0,151880000000.0,119139000000.0
VFF,"Village Farms International, Inc.",0001584549,70,32441000.0,215937000.0,423096000.0,113034000.0
MITK,MITEK SYSTEMS INC,0000807863,70,8796000.0,21037000.0,459109000.0,218851000.0
SKY,"Champion Homes, Inc.",0000090896,70,206898000.0,2663639000.0,2131546000.0,13720000.0
GLGI,"GREYSTONE LOGISTICS, INC.",0001088413,70,2351010.0,3404334.0,45972917.0,26096608.0
HASI,"HA Sustainable Infrastructure Capital, Inc.",0001561894,70,184547000.0,400502000.0,8187965000.0,5530096000.0
IVDN,INNOVATIVE DESIGNS INC,0001190370,70,494703.0,2765149.0,2212017.0,152438.0
LAUR,"LAUREATE EDUCATION, INC.",0000912766,70,281630000.0,1484288000.0,2206350000.0,1017590000.0
LPX,LOUISIANA-PACIFIC CORP,0000060519,70,146000000.0,2708000000.0,2627000000.0,896000000.0
FBRT,"Franklin BSP Realty Trust, Inc.",0001562528,70,82271000.0,270071000.0,6057250000.0,4436025000.0
VG,"Venture Global, Inc.",0002007855,70,2733000000.0,13769000000.0,53446000000.0,41450000000.0
AIG,"AMERICAN INTERNATIONAL GROUP, INC.",0000005272,70,3096000000.0,26775000000.0,161254000000.0,120092000000.0
EBC,"Eastern Bankshares, Inc.",0001810546,70,88219000.0,134091000.0,30586856000.0,26246303000.0
CLDT,Chatham Lodging Trust,0001476045,70,15053000.0,295075000.0,1170381000.0,392332000.0
CRMD,CorMedix Inc.,0001410098,70,163055000.0,311709000.0,826142000.0,420835000.0
NE-WTA,Noble Corp plc,0001895262,70,216717000.0,3285568000.0,7529767000.0,2980917000.0
NE-WT,Noble Corp plc,0001895262,70,216717000.0,3285568000.0,7529767000.0,2980917000.0
WTFC,WINTRUST FINANCIAL CORP,0001015328,70,823844000.0,265635000.0,71142046000.0,63883331000.0
FRT,FEDERAL REALTY INVESTMENT TRUST,0000034903,70,411077000.0,1278975000.0,9130460000.0,5629819000.0
ARES-PB,Ares Management Corp,0001176948,70,527362000.0,4755618000.0,28633369000.0,19931981000.0
SMID,SMITH MIDLAND CORP,0000924719,70,12506000.0,93446000.0,87729000.0,33425000.0
TUSK,"MAMMOTH ENERGY SERVICES, INC.",0001679268,70,4597000.0,44292000.0,334894000.0,76606000.0
CFR,"CULLEN/FROST BANKERS, INC.",0000039263,70,648557000.0,2235244000.0,53041424000.0,48468388000.0
BPOP,"POPULAR, INC.",0000763901,70,833159000.0,756100000.0,75348267000.0,69099188000.0
WMS,"ADVANCED DRAINAGE SYSTEMS, INC.",0001604028,70,426465000.0,3050376000.0,4505623000.0,2549659000.0
ADT,ADT Inc.,0001703056,70,595951000.0,5128607000.0,15818511000.0,12039901000.0
AROC,"Archrock, Inc.",0001389050,70,322290000.0,1489818000.0,4349304000.0,2857825000.0
CSW,"CSW INDUSTRIALS, INC.",0001624794,70,112045000.0,1082549000.0,2316684000.0,1247286000.0
LDDD,Longduoduo Co Ltd,0001892316,70,460435.0,4262663.0,2126496.0,830464.0
AX,"Axos Financial, Inc.",0001299709,70,490372000.0,81254000.0,29961869000.0,26795451000.0
MDXG,"MIMEDX GROUP, INC.",0001376339,70,48578000.0,418630000.0,342653000.0,86105000.0
WETH,Wetouch Technology Inc.,0001826660,70,7160510.0,45136818.0,140637048.0,3243571.0
TWLO,TWILIO INC,0001447669,70,33834000.0,399020000.0,9770890000.0,1949344000.0
NTRS,NORTHERN TRUST CORP,0000073124,70,1736900000.0,8086400000.0,177132700000.0,164174800000.0
CFG,CITIZENS FINANCIAL GROUP INC/RI,0000759944,70,1831000000.0,8247000000.0,226351000000.0,200034000000.0
ZION,"ZIONS BANCORPORATION, NATIONAL ASSOCIATION /UT/",0000109380,70,263000000.0,662000000.0,88990000000.0,81810000000.0
STLY,"HG Holdings, Inc.",0000797465,70,1529000.0,14736000.0,50686000.0,9133000.0
ACCS,ACCESS Newswire Inc.,0000843006,70,4291000.0,22619000.0,41992000.0,11647000.0
NTAP,"NetApp, Inc.",0001002047,70,1276000000.0,6237000000.0,10744000000.0,9393000000.0
PECO,"Phillips Edison & Company, Inc.",0001476204,70,111303000.0,726594000.0,5286438000.0,2697060000.0
SON,SONOCO PRODUCTS CO,0000091767,70,1003011000.0,7518753000.0,11162334000.0,7530502000.0
TBTC,TABLE TRAC INC,0001090396,70,1626620.0,11048237.0,14365994.0,1521530.0
SPIR,"Spire Global, Inc.",0001816017,70,51305000.0,110451000.0,210992000.0,98064000.0
EXLS,"ExlService Holdings, Inc.",0001297989,70,251019000.0,2087679000.0,1702235000.0,789530000.0
BMY,BRISTOL MYERS SQUIBB CO,0000014272,70,7054000000.0,48194000000.0,90038000000.0,71533000000.0
DE,DEERE & CO,0000315189,70,5027000000.0,45684000000.0,105996000000.0,79989000000.0
WELL,WELLTOWER INC.,0000766704,70,217610000.0,10838034000.0,67303047000.0,24100108000.0
EACO,EACO CORP,0000784539,70,32294000.0,193284000.0,230153000.0,74303000.0
XRN,Chiron Real Estate Inc.,0001533615,70,18342000.0,148208000.0,1242465000.0,712400000.0
CLDT-PA,Chatham Lodging Trust,0001476045,70,15053000.0,295075000.0,1170381000.0,392332000.0
RCKY,"ROCKY BRANDS, INC.",0000895456,70,22274000.0,75341000.0,477488000.0,225400000.0
AYI,ACUITY INC. (DE),0001144215,70,396600000.0,3461000000.0,4755200000.0,2030300000.0
FISV,FISERV INC,0000798354,70,3480000000.0,21193000000.0,80133000000.0,54324000000.0
ITIC,INVESTORS TITLE CO,0000720858,70,35180000.0,272755000.0,363138000.0,94838000.0
PRKA,"PARKS AMERICA, INC",0001297937,70,1458083.0,10741417.0,19499442.0,4234300.0
ASB,ASSOCIATED BANC-CORP,0000007789,70,474777000.0,1102756000.0,45202596000.0,40227249000.0
AII,"American Integrity Insurance Group, Inc.",0002007587,70,20869000.0,68075000.0,1225074000.0,888052000.0
GBCI,"GLACIER BANCORP, INC.",0000868671,70,239028000.0,101072000.0,31978063000.0,27764242000.0
RLI,RLI CORP,0000084246,70,403337000.0,1882448000.0,6161486000.0,4383290000.0
STWD,"STARWOOD PROPERTY TRUST, INC.",0001465128,70,411544000.0,1844289000.0,63183357000.0,55693851000.0
TTD,"Trade Desk, Inc.",0001671933,70,443304000.0,2896284000.0,6153220000.0,3668829000.0
D,"DOMINION ENERGY, INC",0000715957,70,567000000.0,4093000000.0,115857000000.0,82440000000.0
HGBL,Heritage Global Inc.,0000849145,70,3587000.0,20129000.0,88439000.0,21456000.0
SCIA,"SCI Engineered Materials, Inc.",0000830616,70,1745285.0,13448021.0,17272358.0,3094465.0
HKHC,Horizon Kinetics Holding Corp,0000088000,70,5118000.0,72846000.0,1996811000.0,97406000.0
OGE,OGE ENERGY CORP.,0001021635,70,470700000.0,3260100000.0,14370500000.0,9393200000.0
HLI,"HOULIHAN LOKEY, INC.",0001302215,70,425697000.0,2617516000.0,4308955000.0,1856024000.0
NCSM,"NCS Multistage Holdings, Inc.",0001692427,70,23748000.0,142471000.0,181199000.0,38101000.0
ONB,OLD NATIONAL BANCORP /IN/,0000707179,70,669257000.0,125616000.0,72151967000.0,63657179000.0
RAVE,"RAVE RESTAURANT GROUP, INC.",0000718332,70,2702000.0,15120000.0,16557000.0,2403000.0
EXP,EAGLE MATERIALS INC,0000918646,70,423809000.0,189894000.0,3842244000.0,2367416000.0
LOCO,"El Pollo Loco Holdings, Inc.",0001606366,70,26486000.0,95202000.0,606648000.0,315571000.0
AON,Aon plc,0000315293,70,3695000000.0,2770000000.0,50784000000.0,41236000000.0
NPO,Enpro Inc.,0001164863,70,40500000.0,381400000.0,2663000000.0,1119100000.0
CWCO,Consolidated Water Co. Ltd.,0000928340,70,18336673.0,132073368.0,257565345.0,30886006.0
ECL,ECOLAB INC.,0000031462,70,2075600000.0,16081200000.0,24696300000.0,14891800000.0
LYFT,"Lyft, Inc.",0001759509,70,2844008000.0,6316261000.0,9030053000.0,5756530000.0
UBSI,UNITED BANKSHARES INC/WV,0000729986,70,128828000.0,311957000.0,33660281000.0,28164298000.0
GATX,GATX CORP,0000040211,70,333300000.0,1740400000.0,17999500000.0,14364400000.0
BHIC,"BioScience Health Innovations, Inc.",0001784440,70,642090.0,5688717.0,1707181.0,229851.0
ACIC,AMERICAN COASTAL INSURANCE Corp,0001401521,70,106837000.0,335439000.0,1072732000.0,755167000.0
VMI,VALMONT INDUSTRIES INC,0000102729,70,350273000.0,3169556000.0,3369329000.0,1727044000.0
ACR-PD,ACRES Commercial Realty Corp.,0001332551,70,27977000.0,79946000.0,2162364000.0,1611772000.0
WTW,WILLIS TOWERS WATSON PLC,0001140536,70,1605000000.0,9708000000.0,29530000000.0,21478000000.0
MTB,M&T BANK CORP,0000036270,70,2851000000.0,9643000000.0,213510000000.0,184333000000.0
HBAN,HUNTINGTON BANCSHARES INC /MD/,0000049196,70,2211000000.0,1562000000.0,225106000000.0,200727000000.0
LB,LandBridge Co LLC,0001995807,70,30128000.0,199093000.0,1366056000.0,572071000.0
SELF,"Global Self Storage, Inc.",0001031235,70,2038451.0,12705245.0,64072646.0,17536256.0
LOAR,Loar Holdings Inc.,0002000178,70,72146000.0,496283000.0,2029875000.0,855122000.0
CQP,"Cheniere Energy Partners, L.P.",0001383650,70,2987000000.0,10758000000.0,17437000000.0,17023000000.0
STLD,STEEL DYNAMICS INC,0001022671,70,1185595000.0,22260774000.0,16419780000.0,7489369000.0
POWL,POWELL INDUSTRIES INC,0000080420,70,51420000.0,448716000.0,1108984000.0,468214000.0
LWAY,"Lifeway Foods, Inc.",0000814586,70,13859000.0,103350000.0,105610000.0,19791000.0
SPRO,"Spero Therapeutics, Inc.",0001701108,70,8572000.0,66802000.0,68919000.0,9898000.0
HAL,HALLIBURTON CO,0000045012,70,1283000000.0,17973000000.0,25010000000.0,14505000000.0
ACR-PC,ACRES Commercial Realty Corp.,0001332551,70,27977000.0,79946000.0,2162364000.0,1611772000.0
BNY-PK,Bank of New York Mellon Corp,0001390777,70,5549000000.0,20080000000.0,472300000000.0,427492000000.0
CODA,"Coda Octopus Group, Inc.",0001334325,70,3645996.0,20316161.0,57544544.0,4416021.0
KNSL,"Kinsale Capital Group, Inc.",0001669162,70,503614000.0,1873987000.0,6043561000.0,4083978000.0
NE,Noble Corp plc,0001895262,70,216717000.0,3285568000.0,7529767000.0,2980917000.0
SCHW,SCHWAB CHARLES CORP,0000316709,70,8852000000.0,23921000000.0,490995000000.0,441570000000.0
ERII,"Energy Recovery, Inc.",0001421517,70,22962000.0,134987000.0,231514000.0,25322000.0
AIV,APARTMENT INVESTMENT & MANAGEMENT CO,0000922864,70,547161000.0,138486000.0,1675733000.0,1122848000.0
HNNA,HENNESSY ADVISORS INC,0001145255,70,9960000.0,54590000.0,160459000.0,62723000.0
NFE,New Fortress Energy Inc.,0001749723,70,547882000.0,1504037000.0,10555623000.0,10245992000.0
PJT,PJT Partners Inc.,0001626115,70,180115000.0,1713671000.0,1843250000.0,834207000.0
FSS,FEDERAL SIGNAL CORP /DE/,0000277509,70,246600000.0,2180500000.0,2392600000.0,1010600000.0
APPF,APPFOLIO INC,0001433195,70,140923000.0,950822000.0,688967000.0,146388000.0
CWEN,"Clearway Energy, Inc.",0001567683,70,169000000.0,1429000000.0,16655000000.0,10741000000.0
NCLH,Norwegian Cruise Line Holdings Ltd.,0001513761,70,423246000.0,1249553000.0,22541401000.0,20331513000.0
THG,"HANOVER INSURANCE GROUP, INC.",0000944695,70,662500000.0,6594400000.0,16945900000.0,13374400000.0
CHRD,Chord Energy Corp,0001486159,70,44459000.0,4877126000.0,13074274000.0,4994320000.0
GOAI,Eva Live Inc,0001983736,70,8127313.0,17037328.0,16315862.0,6621660.0
LAND,GLADSTONE LAND Corp,0001495240,70,13529000.0,88339000.0,1239172000.0,568886000.0
EMN,EASTMAN CHEMICAL CO,0000915389,70,474000000.0,8752000000.0,14859000000.0,8822000000.0
LANDO,GLADSTONE LAND Corp,0001495240,70,13529000.0,88339000.0,1239172000.0,568886000.0
SUNS,"Sunrise Realty Trust, Inc.",0002012706,70,12142409.0,21571434.0,310228264.0,128265883.0
ACR,ACRES Commercial Realty Corp.,0001332551,70,27977000.0,79946000.0,2162364000.0,1611772000.0
ZWS,Zurn Elkay Water Solutions Corp,0001439288,70,198000000.0,1530500000.0,2679400000.0,1076100000.0
WAL,WESTERN ALLIANCE BANCORPORATION,0001212545,70,969000000.0,135800000.0,92774000000.0,84828000000.0
NEGG,"Newegg Commerce, Inc.",0001474627,70,3206151.0,21370325.0,38282939.0,4214643.0
SUNB,"Sunbelt Rentals Holdings, Inc.",0002083785,70,1325000000.0,11154000000.0,22268000000.0,14859000000.0
GEHC,GE HealthCare Technologies Inc.,0001932393,70,2084000000.0,20625000000.0,36906000000.0,26307000000.0
APH,AMPHENOL CORP /DE/,0000820313,70,4270300000.0,23094700000.0,36236900000.0,22727200000.0
T,AT&T INC.,0000732717,70,21953000000.0,125648000000.0,420198000000.0,279032000000.0
AXP,AMERICAN EXPRESS CO,0000004962,70,10833000000.0,27819000000.0,300052000000.0,266578000000.0
RNGR,"Ranger Energy Services, Inc.",0001699039,70,12300000.0,85300000.0,419300000.0,119200000.0
NOBH,NOBILITY HOMES INC,0000072205,70,8446383.0,52667970.0,67145398.0,6430555.0
AOS,SMITH A O CORP,0000091142,70,546200000.0,3830200000.0,3142800000.0,1284800000.0
FORM,FORMFACTOR INC,0001039399,70,54361000.0,784993000.0,1224362000.0,188959000.0
COLB,"COLUMBIA BANKING SYSTEM, INC.",0000887343,70,550000000.0,177000000.0,66832000000.0,58992000000.0
NEU,NEWMARKET CORP,0001282637,70,418747000.0,2725169000.0,3492465000.0,1714222000.0
FTLF,"FITLIFE BRANDS, INC.",0001374328,70,6326000.0,21744000.0,106320000.0,62681000.0
BAC,BANK OF AMERICA CORP /DE/,0000070858,70,30509000000.0,113097000000.0,3411738000000.0,3108495000000.0
TOST,"Toast, Inc.",0001650164,70,342000000.0,6153000000.0,3145000000.0,1021000000.0
TSLA,"Tesla, Inc.",0001318605,70,3794000000.0,94827000000.0,137806000000.0,54941000000.0
JPM,JPMORGAN CHASE & CO,0000019617,70,57048000000.0,182447000000.0,4424900000000.0,4062462000000.0
TCBIO,TEXAS CAPITAL BANCSHARES INC/TX,0001077428,70,330244000.0,1605000.0,31540274000.0,27908892000.0
BFH-PB,"BREAD FINANCIAL HOLDINGS, INC.",0001101215,70,518000000.0,1109800000.0,22663000000.0,19336000000.0
BFH-PA,"BREAD FINANCIAL HOLDINGS, INC.",0001101215,70,518000000.0,1109800000.0,22663000000.0,19336000000.0
MS-PF,MORGAN STANLEY,0000895421,70,16861000000.0,7764000000.0,1420270000000.0,1307618000000.0
MS-PI,MORGAN STANLEY,0000895421,70,16861000000.0,7764000000.0,1420270000000.0,1307618000000.0
PREJF,PARTNERRE LTD,0000911421,70,177000000.0,1379000000.0,21406043000.0,14503092000.0
MS-PL,MORGAN STANLEY,0000895421,70,16861000000.0,7764000000.0,1420270000000.0,1307618000000.0
BUKS,BUTLER NATIONAL CORP,0000015847,70,21933000.0,48260000.0,141842000.0,59864000.0
CNDT,CONDUENT Inc,0001677703,60,426000000.0,3042000000.0,2397000000.0,1570000000.0
VCEL,Vericel Corp,0000887359,60,16518000.0,276259000.0,487969000.0,133329000.0
FBYDP,"Falcon's Beyond Global, Inc.",0001937987,60,6312000.0,14896000.0,66702000.0,42881000.0
FBYDW,"Falcon's Beyond Global, Inc.",0001937987,60,6312000.0,14896000.0,66702000.0,42881000.0
PLUS,EPLUS INC,0001022408,60,132636000.0,2442549000.0,1800952000.0,731982000.0
TILE,INTERFACE INC,0000715787,60,116098000.0,1386854000.0,1206522000.0,565848000.0
CAVA,"CAVA GROUP, INC.",0001639438,60,63743000.0,1179664000.0,1360027000.0,580371000.0
ALNY,"ALNYLAM PHARMACEUTICALS, INC.",0001178670,60,313747000.0,1037418000.0,4966331000.0,4177155000.0
NWFL,NORWOOD FINANCIAL CORP,0001013272,60,27755000.0,7999000.0,2424842000.0,2182685000.0
RNGE,"RANGE IMPACT, INC.",0001438943,60,15909889.0,102419.0,123236692.0,85447113.0
FDSB,"Fifth District Bancorp, Inc.",0002012726,60,4088000.0,605000.0,534394000.0,404637000.0
RZC,REINSURANCE GROUP OF AMERICA INC,0000898174,60,1182000000.0,6635000000.0,156590000000.0,143039000000.0
GENVR,Gen Digital Inc.,0000849399,60,973000000.0,6676000000.0,15589000000.0,12978000000.0
C-PN,CITIGROUP INC,0000831001,60,14306000000.0,85225000000.0,2657202000000.0,2443380000000.0
C-PR,CITIGROUP INC,0000831001,60,14306000000.0,85225000000.0,2657202000000.0,2443380000000.0
INR,"INFINITY NATURAL RESOURCES, INC.",0002029118,60,13836000.0,356431000.0,1240852000.0,262928000.0
FERG,Ferguson Enterprises Inc. /DE/,0002011641,60,1856000000.0,30762000000.0,17729000000.0,11897000000.0
AMP,AMERIPRISE FINANCIAL INC,0000820027,60,3563000000.0,18911000000.0,190904000000.0,184355000000.0
GOODN,GLADSTONE COMMERCIAL CORP,0001234006,60,19286000.0,161336000.0,1246933000.0,905000000.0
LVS,LAS VEGAS SANDS CORP,0001300514,60,395000000.0,3649000000.0,21920000000.0,19986000000.0
ZG,"ZILLOW GROUP, INC.",0001617640,60,23000000.0,1076794000.0,5685000000.0,801000000.0
MCD,MCDONALDS CORP,0000063908,60,8563000000.0,26885000000.0,59515000000.0,
GILD,"GILEAD SCIENCES, INC.",0000882095,60,8510000000.0,7421000000.0,59023000000.0,
TMO,THERMO FISHER SCIENTIFIC INC.,0000097745,60,6704000000.0,6047000000.0,110343000000.0,
PCTY,Paylocity Holding Corp,0001591698,60,269741000.0,1771326000.0,4884358000.0,3662941000.0
QRVO,"Qorvo, Inc.",0001604778,60,338989000.0,3678517000.0,5825590000.0,2481291000.0
CARR,CARRIER GLOBAL Corp,0001783180,60,1484000000.0,21747000000.0,37190000000.0,23062000000.0
CNXN,PC CONNECTION INC,0001050377,60,83722000.0,2872746000.0,1350925000.0,440795000.0
EPAC,ENERPAC TOOL GROUP CORP,0000006955,60,92749000.0,616899000.0,827867000.0,394173000.0
NCNO,"nCino, Inc.",0001902733,60,5180000.0,594781000.0,1648106000.0,579454000.0
FLYW,Flywire Corp,0001580560,60,13497000.0,623025000.0,1253313000.0,418142000.0
BLBD,Blue Bird Corp,0001589526,60,127720000.0,1480099000.0,625255000.0,8410000.0
MSTR,Strategy Inc,0001050446,60,-3848152000.0,463456000.0,61641082000.0,10598110000.0
JLL,JONES LANG LASALLE INC,0001037976,60,792100000.0,26115600000.0,17801100000.0,10178100000.0
SBAC,SBA COMMUNICATIONS CORP,0001034054,60,370290000.0,719583000.0,11575012000.0,
CF,"CF Industries Holdings, Inc.",0001324404,60,1539200000.0,7084000000.0,14088000000.0,
ACU,ACME UNITED CORP,0000002098,60,10184421.0,196541816.0,170998209.0,53387100.0
FUNC,FIRST UNITED CORP/MD/,0000763907,60,24515000.0,18426000.0,2087453000.0,1883819000.0
FXNC,FIRST NATIONAL CORP /VA/,0000719402,60,17703000.0,7717000.0,2037978000.0,1851782000.0
LCNB,LCNB CORP,0001074902,60,23120000.0,6445000.0,2240769000.0,1966840000.0
MRBK,Meridian Corp,0001750735,60,21836000.0,6316000.0,2561995000.0,2362279000.0
LUV,SOUTHWEST AIRLINES CO,0000092380,60,441000000.0,2013000000.0,29061000000.0,
TRN,TRINITY INDUSTRIES INC,0000099780,60,186600000.0,611200000.0,8424400000.0,7279100000.0
SKWD,"Skyward Specialty Insurance Group, Inc.",0001519449,60,170028000.0,1416541000.0,4791852000.0,3782287000.0
ESI,Element Solutions Inc,0001590714,60,190800000.0,2551200000.0,5101400000.0,2412000000.0
RHP,"Ryman Hospitality Properties, Inc.",0001040829,60,243425000.0,345175000.0,6181183000.0,4969407000.0
CELH,"Celsius Holdings, Inc.",0001341766,60,107999000.0,1318014000.0,5119621000.0,2178179000.0
RBBN,Ribbon Communications Inc.,0001708055,60,39636000.0,226401000.0,1212255000.0,763261000.0
ELA,Envela Corp,0000701719,60,14596978.0,241021362.0,96022747.0,28962539.0
MHK,MOHAWK INDUSTRIES INC,0000851968,60,369900000.0,-116348000.0,13687300000.0,5308600000.0
LAD,LITHIA MOTORS INC,0001023128,60,819600000.0,11821400000.0,25107200000.0,18478800000.0
UGI,UGI CORP /PA/,0000884614,60,678000000.0,7287000000.0,15462000000.0,10676000000.0
GBLI,"Global Indemnity Group, LLC",0001494904,60,25333000.0,450098000.0,1720762000.0,1014172000.0
LEAT,Leatt Corp,0001456189,60,3263922.0,61907914.0,52045957.0,9813619.0
GOODO,GLADSTONE COMMERCIAL CORP,0001234006,60,19286000.0,161336000.0,1246933000.0,905000000.0
PPC,PILGRIMS PRIDE CORP,0000802481,60,1082359000.0,18497553000.0,10343530000.0,6649799000.0
HESM,Hess Midstream LP,0001789832,60,352900000.0,1621300000.0,4388300000.0,3950400000.0
SOTK,SONO TEK CORP,0000806172,60,1805681.0,20909315.0,26421495.0,6647336.0
XEL,XCEL ENERGY INC,0000072903,60,2018000000.0,2880000000.0,81371000000.0,
CMG,CHIPOTLE MEXICAN GRILL INC,0001058090,60,1535761000.0,11925601000.0,8994531000.0,6163924000.0
VTR,"Ventas, Inc.",0000740260,60,266495000.0,5833980000.0,27591945000.0,14630983000.0
GABC,"GERMAN AMERICAN BANCORP, INC.",0000714395,60,112635000.0,487401000.0,8388780000.0,7226455000.0
NBHC,National Bank Holdings Corp,0001475841,60,109574000.0,47100000.0,9883518000.0,8498404000.0
RBCAA,REPUBLIC BANCORP INC /KY/,0000921557,60,131317000.0,417495000.0,7042061000.0,5939768000.0
XHR,"Xenia Hotels & Resorts, Inc.",0001616000,60,63088000.0,1078500000.0,2808675000.0,1625138000.0
MTDR,Matador Resources Co,0001520006,60,759221000.0,3696277000.0,11710569000.0,
AIRT,AIR T INC,0000353184,60,77983000.0,286834000.0,409123000.0,317902000.0
PCB,PCB BANCORP,0001423869,60,37453000.0,2899000.0,3281771000.0,2891745000.0
FAF,First American Financial Corp,0001472787,60,621800000.0,7452200000.0,16228800000.0,10704500000.0
AGCO,AGCO CORP /DE,0000880266,60,726500000.0,10082000000.0,11927800000.0,7355100000.0
APOS,"Apollo Global Management, Inc.",0001858681,60,3492000000.0,32049000000.0,460949000000.0,418434000000.0
FIVN,"Five9, Inc.",0001288847,60,19713000.0,300282000.0,1790070000.0,1004253000.0
VISN,"Vistance Networks, Inc.",0001517228,60,1359500000.0,1931600000.0,9371000000.0,9096400000.0
BUSE,FIRST BUSEY CORP /NV/,0000314489,60,135262000.0,719584000.0,18104736000.0,15635754000.0
AYR,Aircastle LTD,0001362988,60,194048000.0,975119000.0,8989786000.0,6322135000.0
RITM-PD,Rithm Capital Corp.,0001556593,60,697057000.0,4590228000.0,53063126000.0,43808416000.0
RITM-PA,Rithm Capital Corp.,0001556593,60,697057000.0,4590228000.0,53063126000.0,43808416000.0
RITM-PB,Rithm Capital Corp.,0001556593,60,697057000.0,4590228000.0,53063126000.0,43808416000.0
RITM-PF,Rithm Capital Corp.,0001556593,60,697057000.0,4590228000.0,53063126000.0,43808416000.0
RITM-PE,Rithm Capital Corp.,0001556593,60,697057000.0,4590228000.0,53063126000.0,43808416000.0
RITM-PC,Rithm Capital Corp.,0001556593,60,697057000.0,4590228000.0,53063126000.0,43808416000.0
SODI,SOLITRON DEVICES INC,0000091668,60,807000.0,12757000.0,25940000.0,6137000.0
CZFS,CITIZENS FINANCIAL SERVICES INC,0000739421,60,36572000.0,9881000.0,3064564000.0,2726513000.0
MVBF,MVB FINANCIAL CORP,0001277902,60,4225000.0,3400000.0,3308918000.0,2974950000.0
AXS,AXIS CAPITAL HOLDINGS LTD,0001214816,60,1008898000.0,6563678000.0,34461926000.0,28105491000.0
BXCAP,BOX INC,0001372612,60,115383000.0,506142000.0,1546060000.0,1348962000.0
TCBK,TRICO BANCSHARES /,0000356171,60,121558000.0,53445000.0,9822063000.0,8494062000.0
JHX,James Hardie Industries plc,0001159152,60,104000000.0,4835800000.0,13688600000.0,7263100000.0
GEN,Gen Digital Inc.,0000849399,60,973000000.0,6676000000.0,15589000000.0,12978000000.0
LDOS,"Leidos Holdings, Inc.",0001336920,60,1448000000.0,17174000000.0,13493000000.0,8531000000.0
MEDP,"Medpace Holdings, Inc.",0001668397,60,451123000.0,2530234000.0,1975472000.0,1516401000.0
TSCO,TRACTOR SUPPLY CO /DE/,0000916365,60,1096087000.0,15524046000.0,10933679000.0,8352386000.0
DD,"DuPont de Nemours, Inc.",0001666700,60,-126000000.0,5252000000.0,21575000000.0,7472000000.0
FIGS,"FIGS, Inc.",0001846576,60,34250000.0,419591000.0,579996000.0,142534000.0
FDCTD,"FDCTECH, INC.",0001722731,60,5783223.0,536396.0,63771196.0,41360599.0
FULO,FULLNET COMMUNICATIONS INC,0001092570,60,532139.0,4191084.0,3402780.0,1780592.0
CBL,CBL & ASSOCIATES PROPERTIES INC,0000910612,60,135967000.0,578373000.0,2729099000.0,2364425000.0
MO,"ALTRIA GROUP, INC.",0000764180,60,6947000000.0,23279000000.0,35017000000.0,38469000000.0
RVLV,"Revolve Group, Inc.",0001746618,60,61709000.0,1225682000.0,765001000.0,252466000.0
LPLA,LPL Financial Holdings Inc.,0001397911,60,863024000.0,16989479000.0,18492753000.0,13148268000.0
ORCL-PD,ORACLE CORP,0001341439,60,17087000000.0,67357000000.0,261759000000.0,
CCLD,"CareCloud, Inc.",0001582982,60,10798000.0,120499000.0,87598000.0,28092000.0
ANNA,"AleAnna, Inc.",0001845123,60,3416614.0,25035737.0,101296320.0,42616258.0
MBLY,Mobileye Global Inc.,0001910139,60,-392000000.0,1894000000.0,12492000000.0,611000000.0
STRC,Strategy Inc,0001050446,60,-3848152000.0,463456000.0,61641082000.0,10598110000.0
OPBK,OP Bancorp,0001722010,60,25635000.0,3204000.0,2650226000.0,2422333000.0
HDSN,HUDSON TECHNOLOGIES INC /NY,0000925528,60,16667000.0,237118000.0,318648000.0,75258000.0
NUS,"NU SKIN ENTERPRISES, INC.",0001021561,60,160204000.0,3176718000.0,1405313000.0,600073000.0
TDC,TERADATA CORP /DE/,0000816761,60,130000000.0,626000000.0,1779000000.0,1549000000.0
QCRH,QCR HOLDINGS INC,0000906465,60,127194000.0,165999610.0,9575470000.0,8463159000.0
STRS,STRATUS PROPERTIES INC,0000885508,60,2804000.0,29914000.0,563428000.0,216349000.0
ZBRA,ZEBRA TECHNOLOGIES CORP,0000877212,60,419000000.0,5396000000.0,8502000000.0,4914000000.0
DINO,HF Sinclair Corp,0001915657,60,579000000.0,26869000000.0,16510000000.0,7261000000.0
FRPH,"FRP HOLDINGS, INC.",0000844059,60,3330000.0,42846000.0,735145000.0,279488000.0
ROLR,"High Roller Technologies, Inc.",0001947210,60,3161000.0,20453000.0,18519000.0,8877000.0
FSI,FLEXIBLE SOLUTIONS INTERNATIONAL INC,0001069394,60,786894.0,15494325.0,61832379.0,18999693.0
CHUC,"Charlie's Holdings, Inc.",0001134765,60,4499000.0,16250000.0,11564000.0,8141000.0
HXL,HEXCEL CORP /DE/,0000717605,60,109400000.0,1893900000.0,2704000000.0,1453300000.0
WEX,WEX Inc.,0001309108,60,304100000.0,2660800000.0,14399500000.0,13165000000.0
ACA,"Arcosa, Inc.",0001739445,60,208400000.0,2883400000.0,4985200000.0,2343800000.0
PBFS,"Pioneer Bancorp, Inc./MD",0001769663,60,20287000.0,15814000.0,2150684000.0,1826823000.0
CHRW,"C. H. ROBINSON WORLDWIDE, INC.",0001043277,60,587081000.0,3959786000.0,5058381000.0,3212734000.0
WY,WEYERHAEUSER CO,0000106535,60,324000000.0,6905000000.0,16613000000.0,7187000000.0
DRH,DiamondRock Hospitality Co,0001298946,60,101433000.0,1120491000.0,3003701000.0,1546616000.0
IMKTA,INGLES MARKETS INC,0000050493,60,83592501.0,5334032609.0,2566054643.0,950123066.0
DMC,DEL MONTE CORP,0001047340,60,90700000.0,4322300000.0,3059000000.0,1028800000.0
GEV,GE Vernova Inc.,0001996810,60,4884000000.0,38068000000.0,63016000000.0,50720000000.0
AMGN,AMGEN INC,0000318154,60,7711000000.0,25424000000.0,90586000000.0,
ORCL,ORACLE CORP,0001341439,60,17087000000.0,67357000000.0,261759000000.0,
KO,COCA COLA CO,0000021344,60,13107000000.0,47941000000.0,104816000000.0,
VSECU,VSE CORP,0000102752,60,11703000.0,760113000.0,2028578000.0,589770000.0
SIGIP,SELECTIVE INSURANCE GROUP INC,0000230557,60,466411000.0,5336928000.0,15155710000.0,11546735000.0
ESCA,ESCALADE INC,0000033488,60,13701000.0,180541000.0,222109000.0,48893000.0
AENT,ALLIANCE ENTERTAINMENT HOLDING CORP,0001823584,60,15078000.0,2700000.0,361228000.0,258006000.0
OMCL,"OMNICELL, INC.",0000926326,60,2052000.0,787309000.0,1974720000.0,742906000.0
RBB,RBB Bancorp,0001499422,60,10675000.0,5167000.0,4208294000.0,3684884000.0
MDNC,Medinotec Inc.,0001931055,60,794502.0,9729463.0,6812888.0,1101693.0
PROP,Prairie Operating Co.,0001162896,60,32051000.0,7939000.0,944546000.0,678236000.0
KG,Kestrel Group Ltd,0002055116,60,46725000.0,34049000.0,1009955000.0,881671000.0
WEYS,WEYCO GROUP INC,0000106532,60,23078000.0,276169000.0,319667000.0,80099000.0
WFCF,"Where Food Comes From, Inc.",0001360565,60,1536000.0,20774416.0,12899000.0,3594000.0
NOV,NOV Inc.,0001021860,60,145000000.0,8744000000.0,11291000000.0,4969000000.0
SKYH-WT,Sky Harbour Group Corp,0001823587,60,18818000.0,27540000.0,593176000.0,421210000.0
AVPT,"AvePoint, Inc.",0001777921,60,34799000.0,419497000.0,789181000.0,310482000.0
OSW,ONESPAWORLD HOLDINGS Ltd,0001758488,60,71618000.0,961001000.0,707095000.0,164518000.0
ANNAW,"AleAnna, Inc.",0001845123,60,3416614.0,25035737.0,101296320.0,42616258.0
SPNT,SiriusPoint Ltd,0001576018,60,459600000.0,3205100000.0,12569600000.0,10098700000.0
WTTR,"Select Water Solutions, Inc.",0001693256,60,21223000.0,362318000.0,1595612000.0,668545000.0
ASO,"Academy Sports & Outdoors, Inc.",0001817358,60,376768000.0,6053414000.0,5277036000.0,3105659000.0
PRG,"PROG Holdings, Inc.",0001808834,60,146788000.0,2409223000.0,1610408000.0,863991000.0
BFS-PD,"SAUL CENTERS, INC.",0000907254,60,37511000.0,289843000.0,2162678000.0,1685421000.0
INGR,Ingredion Inc,0001046257,60,165000000.0,1757000000.0,7897000000.0,3531000000.0
PEBO,PEOPLES BANCORP INC,0000318300,60,106778000.0,197000.0,9649630000.0,8443028000.0
MOG-B,MOOG INC.,0000067887,60,235028000.0,3860624000.0,4426055000.0,2433500000.0
RGA,REINSURANCE GROUP OF AMERICA INC,0000898174,60,1182000000.0,6635000000.0,156590000000.0,143039000000.0
GWRE,"Guidewire Software, Inc.",0001528396,60,69804000.0,719514000.0,2721099000.0,1263869000.0
VRSK,"Verisk Analytics, Inc.",0001442145,60,908300000.0,3072700000.0,6195500000.0,5885700000.0
DLTR,"DOLLAR TREE, INC.",0000935703,60,1282500000.0,19411800000.0,13466200000.0,9711300000.0
EG,"EVEREST GROUP, LTD.",0001095073,60,1591000000.0,17496000000.0,62514000000.0,47054000000.0
DTW,DTE ENERGY CO,0000936340,60,1462000000.0,3271000000.0,54066000000.0,
SF-PB,STIFEL FINANCIAL CORP,0000720672,60,683779000.0,6347533000.0,41270782000.0,35293465000.0
TMP,TOMPKINS FINANCIAL CORP,0001005817,60,161071000.0,75742000.0,8668268000.0,7729891000.0
GTES,Gates Industrial Corp Ltd.,0001718512,60,251400000.0,3443200000.0,7151400000.0,3462200000.0
URBN,URBAN OUTFITTERS INC,0000912615,60,464919000.0,6165376000.0,5007613000.0,2192326000.0
ITW,ILLINOIS TOOL WORKS INC,0000049826,60,3066000000.0,3580000000.0,16148000000.0,
NEPH,NEPHROS INC,0001196298,60,1194000.0,18789000.0,13641000.0,3439000.0
HRB,H&R BLOCK INC,0000012659,60,733596000.0,2392849000.0,3256351000.0,3138863000.0
AGX,ARGAN INC,0000100591,60,137774000.0,944606000.0,1186354000.0,724092000.0
IIIV,"i3 Verticals, Inc.",0001728688,60,3089000.0,54901000.0,638411000.0,120688000.0
NGS,NATURAL GAS SERVICES GROUP INC,0001084991,60,19928000.0,172315000.0,586786000.0,312070000.0
DGII,DIGI INTERNATIONAL INC,0000854775,60,40804000.0,430221000.0,922646000.0,286569000.0
WDFC,WD 40 CO,0000105132,60,90994000.0,488109000.0,475809000.0,207657000.0
AXS-PE,AXIS CAPITAL HOLDINGS LTD,0001214816,60,1008898000.0,6563678000.0,34461926000.0,28105491000.0
REX,REX AMERICAN RESOURCES Corp,0000744187,60,60935000.0,650487000.0,797731000.0,121000.0
CTO-PA,"CTO Realty Growth, Inc.",0000023795,60,10092000.0,149545000.0,1263902000.0,696556000.0
PDEX,PRO DEX INC,0000788920,60,8978000.0,66593000.0,61192000.0,24560000.0
ORGO,Organogenesis Holdings Inc.,0001661181,60,37032000.0,564169000.0,598730000.0,164812000.0
CMT,CORE MOLDING TECHNOLOGIES INC,0001026655,60,3083000.0,56122000.0,228132000.0,69961000.0
TBCH,Turtle Beach Corp,0001493761,60,15731000.0,111319000.0,269054000.0,140556000.0
BUSEP,FIRST BUSEY CORP /NV/,0000314489,60,135262000.0,719584000.0,18104736000.0,15635754000.0
IPGP,IPG PHOTONICS CORP,0001111928,60,31096000.0,1003777000.0,2424280000.0,296150000.0
YETI,"YETI Holdings, Inc.",0001670592,60,165387000.0,1868494000.0,1235418000.0,585142000.0
KNSA,"Kiniksa Pharmaceuticals International, plc",0001730430,60,59005000.0,677564000.0,763633000.0,196027000.0
CHDN,Churchill Downs Inc,0000020212,60,383000000.0,1809800000.0,7484500000.0,6428700000.0
AMSF,AMERISAFE INC,0001018979,60,47145000.0,317252000.0,1130544000.0,878946000.0
MCRB,"Seres Therapeutics, Inc.",0001609809,60,5696000.0,789000.0,138193000.0,93975000.0
VITL,"Vital Farms, Inc.",0001579733,60,66282000.0,759444000.0,518738000.0,167478000.0
CL,COLGATE PALMOLIVE CO,0000021665,60,2132000000.0,15454000000.0,16330000000.0,15965000000.0
MDLZ,"Mondelez International, Inc.",0001103982,60,2451000000.0,38537000000.0,71487000000.0,45596000000.0
PAHC,PHIBRO ANIMAL HEALTH CORP,0001069899,60,99720000.0,833350000.0,1501241000.0,1115764000.0
ROK,"ROCKWELL AUTOMATION, INC",0001024478,60,869000000.0,1729500000.0,11219000000.0,
BANC,"BANC OF CALIFORNIA, INC.",0001169770,60,228973000.0,1818792000.0,34797442000.0,31256165000.0
TJX,TJX COMPANIES INC /DE/,0000109198,60,5494000000.0,8303953000.0,35767000000.0,
OXY-WT,OCCIDENTAL PETROLEUM CORP /DE/,0000797468,60,4696000000.0,21593000000.0,84186000000.0,
PRI,"Primerica, Inc.",0001475922,60,470518000.0,3291713000.0,15012336000.0,12566434000.0
EPM,EVOLUTION PETROLEUM CORP,0001006655,60,1473000.0,13703078.0,160252000.0,88439000.0
DAR,DARLING INGREDIENTS INC.,0000916540,60,62804000.0,6135877000.0,10298782000.0,5489267000.0
AXIL,"Axil Brands, Inc.",0001718500,60,2699349.0,30847570.0,17957235.0,4813018.0
LECO,LINCOLN ELECTRIC HOLDINGS INC,0000059527,60,520533000.0,3761211000.0,3777577000.0,2307783000.0
DOC,"HEALTHPEAK PROPERTIES, INC.",0000765880,60,71347000.0,2822512000.0,20336018000.0,12033567000.0
LNWO,"Light & Wonder, Inc.",0000750004,60,276000000.0,823000000.0,6462000000.0,6217000000.0
LAWIL,"Light & Wonder, Inc.",0000750004,60,276000000.0,823000000.0,6462000000.0,6217000000.0
AIRTP,AIR T INC,0000353184,60,77983000.0,286834000.0,409123000.0,317902000.0
KKRS,KKR & Co. Inc.,0001404912,60,2370463000.0,19464307000.0,410144072000.0,328512161000.0
KKRT,KKR & Co. Inc.,0001404912,60,2370463000.0,19464307000.0,410144072000.0,328512161000.0
FIX,COMFORT SYSTEMS USA INC,0001035983,60,1022558000.0,9101641000.0,6441169000.0,3992395000.0
GRMN,GARMIN LTD,0001121788,60,1663887000.0,7245519000.0,10993669000.0,
JHIUF,James Hardie Industries plc,0001159152,60,104000000.0,4835800000.0,13688600000.0,7263100000.0
CEG,Constellation Energy Corp,0001868275,60,2319000000.0,25533000000.0,57249000000.0,42396000000.0
PSX,Phillips 66,0001534701,60,4403000000.0,132376000000.0,73680000000.0,43439000000.0
FBYD,"Falcon's Beyond Global, Inc.",0001937987,60,6312000.0,14896000.0,66702000.0,42881000.0
SNDR,"Schneider National, Inc.",0001692063,60,103600000.0,5674300000.0,4840100000.0,1815400000.0
ROAD,"Construction Partners, Inc.",0001718227,60,101781000.0,785679000.0,3238856000.0,2326893000.0
AEP,AMERICAN ELECTRIC POWER CO INC,0000004904,60,1480000000.0,21876000000.0,114460000000.0,82204000000.0
TDG,TransDigm Group INC,0001260221,60,2074000000.0,8831000000.0,22909000000.0,32588000000.0
MIND,"MIND TECHNOLOGY, INC",0000926423,60,750000.0,13257000.0,49266000.0,7849000.0
PAVM,PAVmed Inc.,0001624326,60,401000.0,3000000.0,38812000.0,16512000.0
GLRE,"GREENLIGHT CAPITAL RE, LTD.",0001385613,60,74832000.0,729777000.0,2169783000.0,1461806000.0
FDCT,"FDCTECH, INC.",0001722731,60,5783223.0,536396.0,63771196.0,41360599.0
KKR-PD,KKR & Co. Inc.,0001404912,60,2370463000.0,19464307000.0,410144072000.0,328512161000.0
DUK,Duke Energy CORP,0001326160,60,4968000000.0,5695000000.0,195736000000.0,
CVNA,CARVANA CO.,0001690820,60,1407000000.0,20322000000.0,13201000000.0,8998000000.0
RES,RPC INC,0000742278,60,32080000.0,41919000000.0,1468385000.0,369214000.0
Z,"ZILLOW GROUP, INC.",0001617640,60,23000000.0,1076794000.0,5685000000.0,801000000.0
VTOL,Bristow Group Inc.,0001525221,60,129074000.0,1490512000.0,2311261000.0,1251638000.0
QXO-PB,"QXO, Inc.",0001236275,60,-279400000.0,54516941.0,15887300000.0,6180500000.0
DUKB,Duke Energy CORP,0001326160,60,4968000000.0,5695000000.0,195736000000.0,
DUK-PA,Duke Energy CORP,0001326160,60,4968000000.0,5695000000.0,195736000000.0,
DUKU,Duke Energy CORP,0001326160,60,4968000000.0,5695000000.0,195736000000.0,
EXPO,EXPONENT INC,0000851520,60,106009000.0,582014000.0,777519000.0,387178000.0
CXW,"CoreCivic, Inc.",0001070985,60,122320000.0,2211182000.0,3256743000.0,1851494000.0
VSEC,VSE CORP,0000102752,60,11703000.0,760113000.0,2028578000.0,589770000.0
KE,"Kimball Electronics, Inc.",0001606757,60,27960000.0,1431378000.0,1092070000.0,212672000.0
OLP,ONE LIBERTY PROPERTIES INC,0000712770,60,25474000.0,21066000.0,857570000.0,557773000.0
BWFG,"Bankwell Financial Group, Inc.",0001505732,60,35198000.0,2826000.0,3359859000.0,3058370000.0
TCMD,TACTILE SYSTEMS TECHNOLOGY INC,0001027838,60,19086000.0,329522000.0,273942000.0,55040000.0
QXO,"QXO, Inc.",0001236275,60,-279400000.0,54516941.0,15887300000.0,6180500000.0
SW,Smurfit Westrock plc,0002005951,60,699000000.0,31179000000.0,45157000000.0,26803000000.0
DOV,DOVER Corp,0000029905,60,1093956000.0,1775589000.0,13422423000.0,
CPAY,"CORPAY, INC.",0001175454,60,1069826000.0,4528403000.0,26408135000.0,
FE,FIRSTENERGY CORP,0001031296,60,1020000000.0,15090000000.0,55904000000.0,41978000000.0
LII,LENNOX INTERNATIONAL INC,0001069202,60,142500000.0,1195000000.0,4081800000.0,2918700000.0
DT,"Dynatrace, Inc.",0001773383,60,162669000.0,2018387000.0,4415725000.0,1804335000.0
FIVE,"FIVE BELOW, INC",0001177609,60,358641000.0,4764147000.0,4937019000.0,2743729000.0
ABXL,"Abacus Global Management, Inc.",0001814287,60,36525269.0,235237636.0,902240258.0,478699328.0
APTV,Aptiv PLC,0001521332,60,138000000.0,5153000000.0,23413000000.0,13914000000.0
VMD,"VIEMED HEALTHCARE, INC.",0001729149,60,14934000.0,270280000.0,199154000.0,55633000.0
LGCY,Legacy Education Inc.,0001836754,60,7534232.0,64168025.0,69205138.0,28161618.0
POR,PORTLAND GENERAL ELECTRIC CO /OR/,0000784977,60,193000000.0,3576000000.0,13230000000.0,9097000000.0
DFH,"Dream Finders Homes, Inc.",0001825088,60,217197000.0,4322848000.0,3727484000.0,2123373000.0
CTA-PA,"EIDP, Inc.",0000030554,60,2513000000.0,,101025000000.0,29768000000.0
PUMP,ProPetro Holding Corp.,0001680247,60,824000.0,1269158000.0,1290890000.0,461048000.0
CTA-PB,"EIDP, Inc.",0000030554,60,2513000000.0,,101025000000.0,29768000000.0
SF-PC,STIFEL FINANCIAL CORP,0000720672,60,683779000.0,6347533000.0,41270782000.0,35293465000.0
SF-PD,STIFEL FINANCIAL CORP,0000720672,60,683779000.0,6347533000.0,41270782000.0,35293465000.0
AA,Alcoa Corp,0001675149,60,1157000000.0,12831000000.0,16129000000.0,9935000000.0
IT,GARTNER INC,0000749251,60,729231000.0,2021441000.0,8085400000.0,7765492000.0
GL,GLOBE LIFE INC.,0000320335,60,1161238000.0,5994318000.0,30813692000.0,24839113000.0
DTE,DTE ENERGY CO,0000936340,60,1462000000.0,3271000000.0,54066000000.0,
BWA,BORGWARNER INC,0000908255,60,277000000.0,14316000000.0,13769000000.0,8155000000.0
MCFT,"MasterCraft Boat Holdings, Inc.",0001638290,60,5697000.0,79516000.0,259948000.0,76362000.0
GCBC,GREENE COUNTY BANCORP INC,0001070524,60,31138000.0,4117000.0,3040609000.0,2801772000.0
VIRT,"Virtu Financial, Inc.",0001592386,60,468361000.0,3632118000.0,20150736000.0,18177333000.0
FTDR,"Frontdoor, Inc.",0001727263,60,255000000.0,2093000000.0,2142000000.0,1385000000.0
RITM,Rithm Capital Corp.,0001556593,60,697057000.0,4590228000.0,53063126000.0,43808416000.0
BCPC,BALCHEM CORP,0000009326,60,39225000.0,799023000.0,1686252000.0,428839000.0
CIVB,"CIVISTA BANCSHARES, INC.",0000944745,60,46212000.0,19023000.0,4336453000.0,3792979000.0
NRIM,NORTHRIM BANCORP INC,0001163370,60,64608000.0,255581000.0,3290273000.0,2963729000.0
GLD,SPDR GOLD TRUST,0001222333,60,16830571000.0,,124571115000.0,38255000.0
GLDM,World Gold Trust,0001618181,60,2773241000.0,,20855894000.0,1629000.0
YELP,YELP INC,0001345016,60,145600000.0,1464955000.0,958478000.0,247626000.0
FBTC,Fidelity Wise Origin Bitcoin Fund,0001852317,60,0.0,,17706511000.0,70257000.0
SFB,STIFEL FINANCIAL CORP,0000720672,60,683779000.0,6347533000.0,41270782000.0,35293465000.0
GL-PD,GLOBE LIFE INC.,0000320335,60,1161238000.0,5994318000.0,30813692000.0,24839113000.0
AENTW,ALLIANCE ENTERTAINMENT HOLDING CORP,0001823584,60,15078000.0,2700000.0,361228000.0,258006000.0
BXP,"BXP, Inc.",0001037540,60,276800000.0,3482279000.0,26166164000.0,18473924000.0
ONIT,ONITY GROUP INC.,0000873860,60,189500000.0,1066700000.0,16170600000.0,15492800000.0
FRD,FRIEDMAN INDUSTRIES INC,0000039092,60,6085000.0,43962778.0,226822000.0,94397000.0
ISBA,ISABELLA BANK CORP,0000842517,60,18910000.0,5655000.0,2209448000.0,1978052000.0
UVSP,UNIVEST FINANCIAL Corp,0000102212,60,90757000.0,328056000.0,8436897000.0,7493579000.0
CRCT,"Cricut, Inc.",0001828962,60,76705000.0,708780000.0,580806000.0,237245000.0
TPR,"TAPESTRY, INC.",0001116132,60,1527700000.0,1483700000.0,6691700000.0,5999600000.0
ATO,ATMOS ENERGY CORP,0000731802,60,1198754000.0,4702755000.0,28249522000.0,
XELLL,XCEL ENERGY INC,0000072903,60,2018000000.0,2880000000.0,81371000000.0,
CCK,"CROWN HOLDINGS, INC.",0001219601,60,738000000.0,2791000000.0,14272000000.0,
IESC,"IES Holdings, Inc.",0001048268,60,305975000.0,3371468000.0,1595661000.0,707699000.0
ALLY,Ally Financial Inc.,0000040729,60,852000000.0,7914000000.0,196002000000.0,180504000000.0
TRIP,"TripAdvisor, Inc.",0001526520,60,40000000.0,346000000.0,2625000000.0,1980000000.0
BFS,"SAUL CENTERS, INC.",0000907254,60,37511000.0,289843000.0,2162678000.0,1685421000.0
SHLS,"Shoals Technologies Group, Inc.",0001831651,60,33574000.0,475331000.0,904101000.0,304128000.0
MMM,3M CO,0000066740,60,3250000000.0,24948000000.0,37733000000.0,32986000000.0
PRK,PARK NATIONAL CORP /OH/,0000805676,60,180073000.0,664421000.0,9805013000.0,8452220000.0
WSM,WILLIAMS SONOMA INC,0000719955,60,1088437000.0,7806816000.0,5411912000.0,3329353000.0
AWK,"American Water Works Company, Inc.",0001410636,60,1111000000.0,731378000.0,35442000000.0,
FTI,TechnipFMC plc,0001681459,60,963900000.0,9932600000.0,10118200000.0,6712900000.0
STRD,Strategy Inc,0001050446,60,-3848152000.0,463456000.0,61641082000.0,10598110000.0
BSX,BOSTON SCIENTIFIC CORP,0000885725,60,2892000000.0,9076000000.0,43673000000.0,
FVCB,"FVCBankcorp, Inc.",0001675644,60,22057000.0,1781000.0,2292256000.0,2038656000.0
KTOS,"KRATOS DEFENSE & SECURITY SOLUTIONS, INC.",0001069258,60,22000000.0,751900000.0,2467200000.0,470900000.0
FCFS,"FirstCash Holdings, Inc.",0000840489,60,330375000.0,3661043000.0,5300763000.0,3024001000.0
KVUE,Kenvue Inc.,0001944048,60,1470000000.0,15124000000.0,27076000000.0,16311000000.0
BANC-PF,"BANC OF CALIFORNIA, INC.",0001169770,60,228973000.0,1818792000.0,34797442000.0,31256165000.0
KKR,KKR & Co. Inc.,0001404912,60,2370463000.0,19464307000.0,410144072000.0,328512161000.0
AMRC,"Ameresco, Inc.",0001488139,60,56757000.0,1769928000.0,4158508000.0,260908657.0
NPKI,NPK International Inc.,0000071829,60,38939000.0,747763000.0,441758000.0,90602000.0
ATMU,Atmus Filtration Technologies Inc.,0001921963,60,207400000.0,1764300000.0,1350700000.0,972200000.0
ATH-PD,Athene Holding Ltd.,0001527469,60,2711000000.0,25677000000.0,442205000000.0,406567000000.0
ATH-PE,Athene Holding Ltd.,0001527469,60,2711000000.0,25677000000.0,442205000000.0,406567000000.0
ATH-PA,Athene Holding Ltd.,0001527469,60,2711000000.0,25677000000.0,442205000000.0,406567000000.0
ATHS,Athene Holding Ltd.,0001527469,60,2711000000.0,25677000000.0,442205000000.0,406567000000.0
ATH-PB,Athene Holding Ltd.,0001527469,60,2711000000.0,25677000000.0,442205000000.0,406567000000.0
PCSV,"PCS Edventures!, Inc.",0001122020,60,253182.0,3335612.0,8902120.0,1209360.0
GOOD,GLADSTONE COMMERCIAL CORP,0001234006,60,19286000.0,161336000.0,1246933000.0,905000000.0
GDYN,"GRID DYNAMICS HOLDINGS, INC.",0001743725,60,9668000.0,111283000.0,612890000.0,70817000.0
SIGI,SELECTIVE INSURANCE GROUP INC,0000230557,60,466411000.0,5336928000.0,15155710000.0,11546735000.0
RJF,RAYMOND JAMES FINANCIAL INC,0000720005,60,2135000000.0,15912000000.0,88230000000.0,75726000000.0
NPK,NATIONAL PRESTO INDUSTRIES INC,0000080172,60,15005000.0,163973000.0,500729000.0,105594000.0
EHC,Encompass Health Corp,0000785161,60,566200000.0,5935200000.0,7089700000.0,3813900000.0
AFG,AMERICAN FINANCIAL GROUP INC,0001042046,60,842000000.0,8174000000.0,32642000000.0,27822000000.0
WHG,WESTWOOD HOLDINGS GROUP INC,0001165002,60,7077000.0,97762000.0,162298000.0,35575000.0
ECBK,"ECB Bancorp, Inc. /MD/",0001914605,60,7772000.0,598000.0,1605653000.0,1433719000.0
BKE,BUCKLE INC,0000885245,60,209744000.0,1297835000.0,991279000.0,566636000.0
RGS,REGIS CORP,0000716643,60,123536000.0,210134000.0,598957000.0,413341000.0
WMK,WEIS MARKETS INC,0000105418,60,93691000.0,4714573000.0,2027359000.0,675449000.0
LTH,"Life Time Group Holdings, Inc.",0001869198,60,373671000.0,2995255000.0,8007951000.0,4881740000.0
BFS-PE,"SAUL CENTERS, INC.",0000907254,60,37511000.0,289843000.0,2162678000.0,1685421000.0
STRF,Strategy Inc,0001050446,60,-3848152000.0,463456000.0,61641082000.0,10598110000.0
STRK,Strategy Inc,0001050446,60,-3848152000.0,463456000.0,61641082000.0,10598110000.0
WBD,"Warner Bros. Discovery, Inc.",0001437107,60,727000000.0,10553000000.0,100085000000.0,62919000000.0
MMSI,MERIT MEDICAL SYSTEMS INC,0000856982,60,128489000.0,1515906000.0,2685922000.0,1101619000.0
CRGY,Crescent Energy Co,0001866175,60,132906000.0,3579782000.0,12443207000.0,7277772000.0
UAL,"United Airlines Holdings, Inc.",0000100517,60,3353000000.0,9438000000.0,76448000000.0,
NRDS,"NERDWALLET, INC.",0001625278,60,48700000.0,836600000.0,461100000.0,86600000.0
BHB,BAR HARBOR BANKSHARES,0000743367,60,36919000.0,30014000.0,4683891000.0,4151350000.0
MSB,MESABI TRUST,0000065172,60,93274243.0,98595651.0,101728455.0,78400735.0
CFFN,"Capitol Federal Financial, Inc.",0001490906,60,68025000.0,16300000.0,9778701000.0,8731024000.0
ADI,ANALOG DEVICES INC,0000006281,60,2267342000.0,1596586000.0,47992712000.0,
DAL,"DELTA AIR LINES, INC.",0000027904,60,5005000000.0,10742000000.0,81317000000.0,
HHH,Howard Hughes Holdings Inc.,0001981792,60,123897000.0,1474892000.0,10639461000.0,6797215000.0
DIOD,DIODES INC /DEL/,0000029002,60,66141000.0,1482073000.0,2448100000.0,509691000.0
SIG,SIGNET JEWELERS LTD,0000832988,60,294400000.0,2154700000.0,5952100000.0,3985900000.0
MOV,MOVADO GROUP INC,0000072573,60,26552000.0,338600000.0,742621000.0,232361000.0
MOG-A,MOOG INC.,0000067887,60,235028000.0,3860624000.0,4426055000.0,2433500000.0
DOCU,"DOCUSIGN, INC.",0001261333,60,309085000.0,3219500000.0,4229550000.0,2311730000.0
CARE,"Carter Bankshares, Inc.",0001829576,60,31362000.0,20315000.0,4851922000.0,4432225000.0
VTS,"Vitesse Energy, Inc.",0001944558,60,25277000.0,273989000.0,893350000.0,264033000.0
TASK,"TaskUs, Inc.",0001829864,60,102275000.0,1183547000.0,1050765000.0,450776000.0
GRNT,"Granite Ridge Resources, Inc.",0001928446,60,24353000.0,450306000.0,1168071000.0,562311000.0
TIPT,TIPTREE INC.,0001393726,60,34927000.0,488000.0,6840065000.0,6087666000.0
MLAB,MESA LABORATORIES INC /CO/,0000724004,60,6712000.0,37964000.0,427747000.0,241502000.0
GOLF,Acushnet Holdings Corp.,0001672013,60,188545000.0,1633721000.0,2342699000.0,1557363000.0
YEXT,"Yext, Inc.",0001614178,60,37871000.0,48020000.0,621776000.0,462355000.0
VRRM,VERRA MOBILITY Corp,0001682745,60,136633000.0,132969000.0,1645662000.0,1352702000.0
FBIN,"Fortune Brands Innovations, Inc.",0001519751,60,686700000.0,4463200000.0,6520600000.0,4132000000.0
PAY,"Paymentus Holdings, Inc.",0001841156,60,66937000.0,1196507000.0,667885000.0,107496000.0
CHH,CHOICE HOTELS INTERNATIONAL INC /DE,0001046311,60,369946000.0,1596793000.0,2918203000.0,2736974000.0
WMB,"WILLIAMS COMPANIES, INC.",0000107263,60,2618000000.0,11950000000.0,58573000000.0,
IBCP,INDEPENDENT BANK CORP /MI/,0000039311,60,18572000.0,32075000.0,5505720000.0,5002769000.0
MAMA,"Mama's Creations, Inc.",0001520358,60,5286000.0,95420129.0,85698000.0,33078000.0
WASH,WASHINGTON TRUST BANCORP INC,0000737468,60,52244000.0,229048000.0,6621694000.0,6078110000.0
WLKP,Westlake Chemical Partners LP,0001604665,60,48698000.0,1166695000.0,1256533000.0,454181000.0
CDNS,CADENCE DESIGN SYSTEMS INC,0000813672,60,1108888000.0,5296759000.0,10153148000.0,
ADMQ,"ADM ENDEAVORS, INC.",0001588014,60,486259.0,159836.0,10882561.0,7283463.0
JBI,"Janus International Group, Inc.",0001839839,60,53800000.0,884200000.0,1305000000.0,732500000.0
REYN,Reynolds Consumer Products Inc.,0001786431,60,301000000.0,3756000000.0,4936000000.0,2683000000.0
WTRG,"Essential Utilities, Inc.",0000078128,60,616369000.0,2474615000.0,19464845000.0,
MOVAA,MOVADO GROUP INC,0000072573,60,26552000.0,338600000.0,742621000.0,232361000.0
AHR,"American Healthcare REIT, Inc.",0001632970,60,69806000.0,2260123000.0,5426226000.0,2065611000.0
HALO,"HALOZYME THERAPEUTICS, INC.",0001159036,60,316889000.0,121703000.0,2525323000.0,2476509000.0
SF,STIFEL FINANCIAL CORP,0000720672,60,683779000.0,6347533000.0,41270782000.0,35293465000.0
CPB,CAMPBELL'S Co,0000016732,60,602000000.0,10253000000.0,14896000000.0,10992000000.0
DEC,Diversified Energy Co,0001922446,60,195460000.0,666520000.0,6168959000.0,5173969000.0
ITGR,Integer Holdings Corp,0001114483,60,102808000.0,1853637000.0,3410577000.0,1663934000.0
ENPH,"Enphase Energy, Inc.",0001463101,60,172133000.0,1472985000.0,3509792000.0,2422769000.0
ESAB,ESAB Corp,0001877322,60,226766000.0,2842555000.0,4766094000.0,2554565000.0
UFPI,UFP INDUSTRIES INC,0000912767,60,39959000.0,3941182000.0,4022893000.0,934186000.0
HTB,"HomeTrust Bancshares, Inc.",0001538263,60,64364000.0,10374000.0,4545635000.0,3944945000.0
ENSC,"Ensysce Biosciences, Inc.",0001716947,60,2404519.0,5066650.0,7452479.0,4567729.0
MSI,"Motorola Solutions, Inc.",0000068505,60,2154000000.0,1957000000.0,19389000000.0,
EOG,EOG RESOURCES INC,0000821189,60,4980000000.0,22632000000.0,51799000000.0,
UPS,UNITED PARCEL SERVICE INC,0001090727,60,5572000000.0,18829000000.0,73090000000.0,
AMTM,"Amentum Holdings, Inc.",0002011286,60,66000000.0,14393000000.0,11460000000.0,6840000000.0
SHW,SHERWIN WILLIAMS CO,0000089800,60,2568500000.0,4114400000.0,25901700000.0,
AMT,AMERICAN TOWER CORP /MA/,0001053507,60,1690600000.0,10644600000.0,63190400000.0,52835100000.0
CTAS,CINTAS CORP,0000723254,60,1999968000.0,1619584000.0,10529140000.0,
HCA,"HCA Healthcare, Inc.",0000860730,60,6784000000.0,75600000000.0,60720000000.0,45623000000.0
GBTC,Grayscale Bitcoin Trust ETF,0001588489,60,-993547000.0,,14497437000.0,0.0
BBSI,BARRETT BUSINESS SERVICES INC,0000902791,60,54448000.0,244726000.0,779067000.0,538067000.0
CTO,"CTO Realty Growth, Inc.",0000023795,60,10092000.0,149545000.0,1263902000.0,696556000.0
LFST,"LifeStance Health Group, Inc.",0001845257,60,9663000.0,1424285000.0,2203933000.0,682918000.0
MRNA,"Moderna, Inc.",0001682852,60,-2822000000.0,19263000000.0,12338000000.0,3688000000.0
OXY,OCCIDENTAL PETROLEUM CORP /DE/,0000797468,60,4696000000.0,21593000000.0,84186000000.0,
SHBI,SHORE BANCSHARES INC,0001035092,60,59506000.0,20853000.0,6258818000.0,5668945000.0
APO,"Apollo Global Management, Inc.",0001858681,60,3492000000.0,32049000000.0,460949000000.0,418434000000.0
FDX,FEDEX CORP,0001048911,60,4433000000.0,17314000000.0,98937000000.0,
NOC,NORTHROP GRUMMAN CORP /DE/,0001133421,60,4182000000.0,41954000000.0,51377000000.0,34703000000.0
NWE,"NorthWestern Energy Group, Inc.",0001993004,60,44691000.0,414265000.0,8459691000.0,5573951000.0
FCN,"FTI CONSULTING, INC",0000887936,60,270871000.0,3788857000.0,3490528000.0,1756797000.0
PD,"PagerDuty, Inc.",0001568100,60,173373000.0,492546000.0,990515000.0,719850000.0
CPF,CENTRAL PACIFIC FINANCIAL CORP,0000701347,60,77480000.0,51817000.0,7409241000.0,6816660000.0
KLIC,KULICKE & SOFFA INDUSTRIES INC,0000056978,60,213000.0,654081000.0,1104342000.0,282851000.0
BOX,BOX INC,0001372612,60,115383000.0,506142000.0,1546060000.0,1348962000.0
JEF,Jefferies Financial Group Inc.,0000096223,60,1667403000.0,10823677000.0,76012347000.0,65369738000.0
C,CITIGROUP INC,0000831001,60,14306000000.0,85225000000.0,2657202000000.0,2443380000000.0
PM,Philip Morris International Inc.,0001413329,60,11348000000.0,40648000000.0,69185000000.0,77213000000.0
RTX,RTX Corp,0000101829,60,6732000000.0,80738000000.0,171079000000.0,103941000000.0
PODD,INSULET CORP,0001145197,60,247100000.0,2708100000.0,3190400000.0,1675200000.0
MOD,MODINE MANUFACTURING CO,0000067347,60,121500000.0,1352500000.0,2674600000.0,1471800000.0
COSO,"CoastalSouth Bancshares, Inc.",0001297107,60,24892000.0,1985000.0,2306586000.0,2047057000.0
LFMD,"LifeMD, Inc.",0000948320,60,14354106.0,12468578.0,70411319.0,47254739.0
FSBW,"FS Bancorp, Inc.",0001530249,60,33346000.0,4612000.0,3196847000.0,2889153000.0
HTCR,"HeartCore Enterprises, Inc.",0001892322,60,5793884.0,30407229.0,13061477.0,5778626.0
CAC,CAMDEN NATIONAL CORP,0000750686,60,65160000.0,41739000.0,6974584000.0,6278026000.0
ENSG,"ENSIGN GROUP, INC",0001125376,60,343971000.0,5057841000.0,5462970000.0,3228146000.0
KNX,Knight-Swift Transportation Holdings Inc.,0001492691,60,65946000.0,7469689000.0,11955436000.0,4863570000.0
CSR,CENTERSPACE,0000798359,60,17101000.0,273662000.0,1926167000.0,1080411000.0
KTB,"Kontoor Brands, Inc.",0001760965,60,227452000.0,2097839000.0,2582672000.0,2017805000.0
CNK,"Cinemark Holdings, Inc.",0001385280,60,138200000.0,3115000000.0,5230650000.0,948938000.0
VNT,Vontier Corp,0001786842,60,406100000.0,3075600000.0,4368800000.0,3117600000.0
ABX,"Abacus Global Management, Inc.",0001814287,60,36525269.0,235237636.0,902240258.0,478699328.0
HAFC,HANMI FINANCIAL CORP,0001109242,60,76089000.0,270165000.0,7869185000.0,7072799000.0
PSTL,"Postal Realty Trust, Inc.",0001759774,60,14149000.0,95823000.0,759057000.0,399496000.0
ARI,"Apollo Commercial Real Estate Finance, Inc.",0001467760,60,126720000.0,271589000.0,9900967000.0,8044877000.0
BB,BLACKBERRY Ltd,0001070235,60,53200000.0,549100000.0,1245200000.0,499200000.0
CMRF,"CIM GROUP, INC.",0001498547,60,52356000.0,416004000.0,5095097000.0,3184676000.0
BZH,BEAZER HOMES USA INC,0000915840,60,45588000.0,686748000.0,2609708000.0,1360802000.0
HIPO,Hippo Holdings Inc.,0001828105,60,57700000.0,468600000.0,1905500000.0,1469400000.0
CRTO,Criteo S.A.,0001576427,60,144602000.0,2296692000.0,2201207000.0,1015478000.0
MYRG,MYR GROUP INC.,0000700923,60,118416000.0,1531169000.0,1644079000.0,983656000.0
APEI,AMERICAN PUBLIC EDUCATION INC,0001201792,60,31557000.0,198174000.0,521418000.0,226636000.0
ORRF,ORRSTOWN FINANCIAL SERVICES INC,0000826154,60,80855000.0,37144000.0,5542255000.0,4950720000.0
SKYH,Sky Harbour Group Corp,0001823587,60,18818000.0,27540000.0,593176000.0,421210000.0
RL,RALPH LAUREN CORP,0001037038,60,941100000.0,8114500000.0,7739500000.0,4898100000.0
VNOM,"Viper Energy, Inc.",0002074176,60,-68000000.0,1395000000.0,12671000000.0,2308000000.0
ULTA,"Ulta Beauty, Inc.",0001403568,60,1153479000.0,12392820000.0,6999294000.0,4195843000.0
DTK,DTE ENERGY CO,0000936340,60,1462000000.0,3271000000.0,54066000000.0,
DTB,DTE ENERGY CO,0000936340,60,1462000000.0,3271000000.0,54066000000.0,
DTG,DTE ENERGY CO,0000936340,60,1462000000.0,3271000000.0,54066000000.0,
BLKB,BLACKBAUD INC,0001280058,60,114970000.0,242606000.0,2390682000.0,2305628000.0
L,LOEWS CORP,0000060086,60,1667000000.0,18454000000.0,86348000000.0,66707000000.0
LLY,ELI LILLY & Co,0000059478,60,20640000000.0,65179000000.0,112476000000.0,
AFGE,AMERICAN FINANCIAL GROUP INC,0001042046,60,842000000.0,8174000000.0,32642000000.0,27822000000.0
AFGB,AMERICAN FINANCIAL GROUP INC,0001042046,60,842000000.0,8174000000.0,32642000000.0,27822000000.0
AFGC,AMERICAN FINANCIAL GROUP INC,0001042046,60,842000000.0,8174000000.0,32642000000.0,27822000000.0
AFGD,AMERICAN FINANCIAL GROUP INC,0001042046,60,842000000.0,8174000000.0,32642000000.0,27822000000.0
LFMDP,"LifeMD, Inc.",0000948320,60,14354106.0,12468578.0,70411319.0,47254739.0
GE,GENERAL ELECTRIC CO,0000040545,60,8704000000.0,45855000000.0,130169000000.0,111271000000.0
MRK,"Merck & Co., Inc.",0000310158,60,18254000000.0,65011000000.0,136866000000.0,
PRH,PRUDENTIAL FINANCIAL INC,0001137774,50,3576000000.0,60774000000.0,773740000000.0,738159000000.0
CAT,CATERPILLAR INC,0000018230,50,968000000.0,67589000000.0,98585000000.0,77267000000.0
FBIO,"Fortress Biotech, Inc.",0001429260,50,6815000.0,63262000.0,185548000.0,123365000.0
HFUS,"Hartford Creative Group, Inc.",0001482554,50,1099110.0,2035211.0,6913322.0,6614134.0
SCCE,Sachem Capital Corp.,0001682220,50,6308000.0,57500000.0,460047000.0,285110000.0
ABBV,AbbVie Inc.,0001551152,50,1816000000.0,16618000000.0,133960000000.0,
PFH,PRUDENTIAL FINANCIAL INC,0001137774,50,3576000000.0,60774000000.0,773740000000.0,738159000000.0
SREA,SEMPRA,0001032208,50,1837000000.0,13702000000.0,110878000000.0,
NTST,NETSTREIT Corp.,0001798100,50,6938000.0,195006000.0,2614196000.0,1161630000.0
NEO,NEOGENOMICS INC,0001077183,50,-108025000.0,,1359830000.0,523268000.0
ANG-PD,American National Group Inc.,0001039828,50,533000000.0,7487000000.0,130257000000.0,120588000000.0
TSSI,"TSS, Inc.",0001320760,50,15125000.0,245719000.0,184935000.0,108300000.0
RELL,"RICHARDSON ELECTRONICS, LTD.",0000355948,50,6383000.0,228564000.0,202017000.0,38316000.0
ASLE,AerSale Corp,0001754170,50,8575000.0,335286000.0,640472000.0,216041000.0
MNTK,"Montauk Renewables, Inc.",0001826600,50,1748000.0,176382000.0,435460000.0,172312000.0
VST,Vistra Corp.,0001692819,50,944000000.0,17738000000.0,41550000000.0,36440000000.0
EXC,EXELON CORP,0001109357,50,378000000.0,24258000000.0,116570000000.0,87772000000.0
RVMD,"Revolution Medicines, Inc.",0001628171,50,-1131301000.0,0.0,2354508000.0,723211000.0
AEBI,Aebi Schmidt Holding AG,0002048519,50,9739000.0,1526625000.0,2008279000.0,1193328000.0
ARKB,Ark 21Shares Bitcoin ETF,0001869699,50,-1150044000.0,,3381928000.0,76605000.0
SLGN,SILGAN HOLDINGS INC,0000849869,50,288403000.0,1048291000.0,9397083000.0,
CCC,CCC Intelligent Solutions Holdings Inc.,0001818201,50,1688000.0,1057001000.0,3573432000.0,1786422000.0
PEVM,PHOENIX MOTOR INC.,0001879848,50,7932000.0,111000.0,57577000.0,47257000.0
AOXY,ADVANCED OXYGEN TECHNOLOGIES INC,0000352991,50,4138.0,43445.0,693077.0,277463.0
RJET,REPUBLIC AIRWAYS HOLDINGS INC.,0000810332,50,76200000.0,1676500000.0,3276600000.0,1948100000.0
BLLN,"BillionToOne, Inc.",0002070849,50,7454000.0,305112000.0,632654000.0,152549000.0
ACHR,Archer Aviation Inc.,0001824502,50,-618200000.0,300000.0,2465900000.0,263100000.0
WGO,WINNEBAGO INDUSTRIES INC,0000107687,50,25700000.0,530396000.0,2154400000.0,929700000.0
SABR,Sabre Corp,0001597033,50,524617000.0,923928000.0,4502128000.0,
JBSS,SANFILIPPO JOHN B & SON INC,0000880117,50,61934000.0,1175673000.0,658581000.0,278633000.0
RHI,ROBERT HALF INC.,0000315213,50,132990000.0,5378506000.0,2856276000.0,1580419000.0
TDW,TIDEWATER INC,0000098222,50,334661000.0,118776000.0,2386911000.0,
CHEF,"Chefs' Warehouse, Inc.",0001517175,50,72361000.0,1301520000.0,2028007000.0,1423698000.0
CNR,"Core Natural Resources, Inc.",0001710366,50,-153216000.0,2236311000.0,6130053000.0,2451819000.0
TRNS,TRANSCAT INC,0000099302,50,5376000.0,331877000.0,480487000.0,179868000.0
VZ,VERIZON COMMUNICATIONS INC,0000732712,50,17174000000.0,138191000000.0,404258000000.0,
ABT,ABBOTT LABORATORIES,0000001800,50,6524000000.0,44328000000.0,86713000000.0,
ORI,OLD REPUBLIC INTERNATIONAL CORP,0000074260,50,206300000.0,2389400000.0,29862700000.0,23934200000.0
FLXS,FLEXSTEEL INDUSTRIES INC,0000037472,50,33128000.0,459178000.0,254009000.0,120514000.0
ALTO,"Alto Ingredients, Inc.",0000778164,50,13338000.0,917927000.0,388786000.0,143545000.0
FMNB,FARMERS NATIONAL BANC CORP /OH/,0000709337,50,54586000.0,279922000.0,5245870000.0,4760145000.0
KRT,Karat Packaging Inc.,0001758021,50,31478000.0,467743000.0,287686000.0,130816000.0
MOH,"MOLINA HEALTHCARE, INC.",0001179929,50,472000000.0,45426000000.0,15564000000.0,11495000000.0
LINE,"Lineage, Inc.",0001868159,50,-100000000.0,5355000000.0,19185000000.0,9942000000.0
DVA,DAVITA INC.,0000927066,50,746803000.0,13643069000.0,17480103000.0,16321665000.0
LFUS,LITTELFUSE INC /DE,0000889331,50,-71700000.0,757853000.0,3956796000.0,1530762000.0
MP,MP Materials Corp. / DE,0001801368,50,-85874000.0,331952000.0,3864160000.0,1471792000.0
SCI,SERVICE CORP INTERNATIONAL,0000089089,50,542614000.0,4309234000.0,18654512000.0,
AUR,"Aurora Innovation, Inc.",0001828108,50,-816000000.0,3000000.0,2343000000.0,203000000.0
MGM,MGM Resorts International,0000789570,50,205862000.0,2513213000.0,41373786000.0,38097468000.0
LAZ,"Lazard, Inc.",0001311370,50,236831000.0,3186466000.0,4940734000.0,3951604000.0
VVV,VALVOLINE INC,0001674910,50,210700000.0,594000000.0,2670400000.0,
MCHP,MICROCHIP TECHNOLOGY INC,0000827054,50,230000000.0,1329800000.0,14370100000.0,
ACEL,"Accel Entertainment, Inc.",0001698991,50,51470000.0,0.0,1103393000.0,16002472.0
SIVR,abrdn Silver ETF Trust,0001450922,50,2836674000.0,,5431606000.0,1374000.0
KMX,CARMAX INC,0001170010,50,247290000.0,25881131000.0,26367903000.0,20479047000.0
SNX,TD SYNNEX CORP,0001177394,50,827660000.0,20053764000.0,34250898000.0,25800469000.0
PPLT,abrdn Platinum ETF Trust,0001460235,50,1341630000.0,,2864352000.0,1384000.0
IAU,ISHARES GOLD TRUST,0001278680,50,24262756542.0,-606324000.0,6214710000.0,1323000.0
P,"Everpure, Inc.",0001474432,50,188181000.0,3662843000.0,4674259000.0,3228591000.0
DBC,Invesco DB Commodity Index Tracking Fund,0001328237,50,92462858.0,,1226515325.0,3315207.0
MARA,"MARA Holdings, Inc.",0001507605,50,-1311480000.0,907093000.0,7286899000.0,765221042.0
PRU,PRUDENTIAL FINANCIAL INC,0001137774,50,3576000000.0,60774000000.0,773740000000.0,738159000000.0
BAR,GraniteShares Gold Trust,0001690437,50,246909000.0,,1334011000.0,205000.0
CXM,"Sprinklr, Inc.",0001569345,50,22905000.0,857200000.0,1205061000.0,612418000.0
GLTR,abrdn Precious Metals Basket ETF Trust,0001483386,50,1066234000.0,,2578725000.0,1302000.0
NXPI,NXP Semiconductors N.V.,0001413447,50,2021000000.0,12269000000.0,26560000000.0,
MTH,Meritage Homes CORP,0000833079,50,453013000.0,,7622287000.0,2426644000.0
SR,SPIRE INC,0001126956,50,271700000.0,1976400000.0,11575300000.0,
DYN,"Dyne Therapeutics, Inc.",0001818794,50,-446214000.0,,1186958000.0,214829000.0
SRE,SEMPRA,0001032208,50,1837000000.0,13702000000.0,110878000000.0,
PAR,PAR TECHNOLOGY CORP,0000708821,50,-84461000.0,455547000.0,1369144000.0,543994000.0
LINC,LINCOLN EDUCATIONAL SERVICES CORP,0001286613,50,19998000.0,261853000.0,493164000.0,293476000.0
AMBO,Ambow Education Holding Ltd.,0001494558,50,1359000.0,9469000.0,20796000.0,12546000.0
INBP,INTEGRATED BIOPHARMA INC,0001016504,50,808000.0,43710000.0,24901000.0,4584000.0
RPC,"Ridgepost Capital, Inc.",0001841968,50,19501000.0,297346000.0,928302000.0,524843000.0
PCRX,"Pacira BioSciences, Inc.",0001396814,50,7034000.0,541533000.0,1264917000.0,571806000.0
LNC-PD,LINCOLN NATIONAL CORP,0000059558,50,1177000000.0,18212000000.0,417204000000.0,406298000000.0
STRT,STRATTEC SECURITY CORP,0000933034,50,20598000.0,439195000.0,387479000.0,121982000.0
RSG,"REPUBLIC SERVICES, INC.",0001060391,50,2139249000.0,19027000000.0,34366000000.0,
APD,"Air Products & Chemicals, Inc.",0000002969,50,-394500000.0,12037300000.0,41059500000.0,23709700000.0
MIAX,"MIAMI INTERNATIONAL HOLDINGS, INC.",0001438472,50,-70029000.0,1364073000.0,1259425000.0,378408000.0
CMI,CUMMINS INC,0000026172,50,1040000000.0,33670000000.0,33992000000.0,20584000000.0
GM,General Motors Co,0001467858,50,2697000000.0,185019000000.0,281284000000.0,218116000000.0
OTF,Blue Owl Technology Finance Corp.,0001747777,50,720371000.0,,14715011000.0,6673413000.0
IRDM,Iridium Communications Inc.,0001418819,50,114372000.0,871659000.0,2531009000.0,2068409000.0
EL,ESTEE LAUDER COMPANIES INC,0001001250,50,-462000000.0,15049000000.0,19762000000.0,8745000000.0
EPD,ENTERPRISE PRODUCTS PARTNERS L.P.,0001061219,50,5810000000.0,52596000000.0,77902000000.0,
PWR,"QUANTA SERVICES, INC.",0001050915,50,1028378000.0,28479697000.0,24926901000.0,15899027000.0
IDT,IDT CORP,0001005731,50,76094000.0,1231495000.0,626203000.0,295787000.0
ED,CONSOLIDATED EDISON INC,0001047862,50,2023000000.0,16918000000.0,74603000000.0,
CLS,CELESTICA INC,0001030894,50,832500000.0,12390900000.0,7213100000.0,4996800000.0
IPCXR,Inflection Point Acquisition Corp. III,0002012318,50,498416.0,100000000.0,261134426.0,15020893.0
IPCXU,Inflection Point Acquisition Corp. III,0002012318,50,498416.0,100000000.0,261134426.0,15020893.0
ASTE,ASTEC INDUSTRIES INC,0000792987,50,38800000.0,1410400000.0,1367200000.0,685600000.0
UEC,URANIUM ENERGY CORP,0001334933,50,-87656000.0,66837000.0,1107653000.0,123753000.0
SLV,iShares Silver Trust,0001330568,50,21306921615.0,-1914970000.0,5263140000.0,2338000.0
DSP,Viant Technology Inc.,0001828791,50,8352000.0,344201000.0,474663000.0,185862000.0
CNO,"CNO Financial Group, Inc.",0001224608,50,92900000.0,1143100000.0,38790600000.0,36152400000.0
CASS,CASS INFORMATION SYSTEMS INC,0000708781,50,35116000.0,190750000.0,2606024000.0,2363026000.0
DGICA,DONEGAL GROUP INC,0000800457,50,79340740.0,978014322.0,2386629452.0,1746211373.0
MUR,MURPHY OIL CORP,0000717423,50,11900000.0,2718823000.0,9832626000.0,4595929000.0
TPGXL,TPG Inc.,0001880661,50,184588000.0,4670212000.0,13492935000.0,9356560000.0
HII,"HUNTINGTON INGALLS INDUSTRIES, INC.",0001501585,50,605000000.0,12484000000.0,12749000000.0,7676000000.0
NYT,NEW YORK TIMES CO,0000071691,50,343981000.0,509358000.0,2997090000.0,
ELAN,Elanco Animal Health Inc,0001739104,50,-232000000.0,4715000000.0,13358000000.0,6811000000.0
AZO,AUTOZONE INC,0000866787,50,2498247000.0,18938717000.0,19355324000.0,
MCY,MERCURY GENERAL CORP,0000064996,50,541094000.0,5992468000.0,9560669000.0,7143394000.0
HP,"Helmerich & Payne, Inc.",0000046765,50,-163695000.0,3746013000.0,6705738000.0,2251396000.0
PTRN,Pattern Group Inc.,0001811935,50,16246000.0,2501315000.0,947639000.0,366644000.0
SITE,"SiteOne Landscape Supply, Inc.",0001650729,50,151800000.0,4704800000.0,3219600000.0,1536400000.0
CUZ,COUSINS PROPERTIES INC,0000025232,50,40503000.0,993816000.0,8890132000.0,4187930000.0
MTUS,Metallus Inc.,0001598428,50,-1200000.0,1158300000.0,1140200000.0,454200000.0
PAYS,"Paysign, Inc.",0001496443,50,7551613.0,24120434.0,276253203.0,227763032.0
OPRX,OptimizeRx Corp,0001448431,50,5132000.0,109429000.0,176918000.0,48624000.0
NJR,NEW JERSEY RESOURCES CORP,0000356309,50,335627000.0,1351305000.0,7578775000.0,
MRCY,MERCURY SYSTEMS INC,0001049521,50,-29673000.0,983622000.0,2322776000.0,825318000.0
AIR,AAR CORP,0000001750,50,187700000.0,,3355900000.0,1800000.0
PPLC,PPL Corp,0000922224,50,1181000000.0,9042000000.0,45244000000.0,
XIFR,"XPLR Infrastructure, LP",0001603145,50,-28000000.0,1188000000.0,19595000000.0,8696000000.0
CMC,COMMERCIAL METALS Co,0000022444,50,84662000.0,7918430000.0,7171834000.0,2978508000.0
OPLN,"OPENLANE, Inc.",0001395942,50,177700000.0,494300000.0,4724300000.0,
TTC,TORO CO,0000737758,50,316100000.0,539303000.0,3438800000.0,
FROG,JFrog Ltd,0001800667,50,-71819000.0,531840000.0,1341377000.0,453930000.0
CCSI,"Consensus Cloud Solutions, Inc.",0001866633,50,84527000.0,349696000.0,663815000.0,650042000.0
CNNE,"Cannae Holdings, Inc.",0001704720,50,-513200000.0,499700000.0,1320700000.0,329800000.0
PEG,PUBLIC SERVICE ENTERPRISE GROUP INC,0000788784,50,2111000000.0,12168000000.0,57576000000.0,
CCL,Carnival Corp Ltd.,0000815097,50,2760000000.0,18881000000.0,51687000000.0,
PSN,PARSONS CORP,0000275880,50,241139000.0,6364245000.0,5769534000.0,3001862000.0
TLRY,"Tilray Brands, Inc.",0001731348,50,-121397000.0,915454000.0,2328012000.0,733145000.0
LHAI,Linkhome Holdings Inc.,0002017758,50,74874.0,20994347.0,10015073.0,2375637.0
BKH,BLACK HILLS CORP /SD/,0001130464,50,291600000.0,2310000000.0,10869800000.0,
WH,"WYNDHAM HOTELS & RESORTS, INC.",0001722684,50,193000000.0,1429000000.0,4182000000.0,3714000000.0
KVYO,"Klaviyo, Inc.",0001835830,50,-31768000.0,1234019000.0,1580604000.0,384044000.0
VSNT,"Versant Media Group, Inc.",0002067876,50,930000000.0,6688000000.0,12333000000.0,
MTD,METTLER TOLEDO INTERNATIONAL INC/,0001037646,50,869193000.0,4026399000.0,3712646000.0,3736282000.0
GNRC,GENERAC HOLDINGS INC.,0001474735,50,159554000.0,4209147000.0,5573679000.0,2934633000.0
MSEXP,MIDDLESEX WATER CO,0000066004,50,42822000.0,194694000.0,1365737000.0,
MNSB,"MainStreet Bancshares, Inc.",0001693577,50,15613000.0,135615000.0,2212669000.0,1994078000.0
FOA,Finance of America Companies Inc.,0001828937,50,45235000.0,497432000.0,30733298000.0,30337671000.0
RLEA,Rubber Leaf Inc,0001893657,50,2867644.0,4904381.0,6083266.0,5796020.0
SCSC,"SCANSOURCE, INC.",0000918965,50,78873000.0,3846260000.0,1932429000.0,1021637000.0
ETHE,Grayscale Ethereum Staking ETF,0001725210,50,-1226343000.0,,2705443000.0,2328000.0
KBH,KB HOME,0000795266,50,428789000.0,1194256000.0,6680252000.0,
SAIL,"SailPoint, Inc.",0002030781,50,-270054000.0,1071416000.0,7597561000.0,751330000.0
TRGP,Targa Resources Corp.,0001389170,50,1923000000.0,17028300000.0,25218400000.0,
GHM,GRAHAM CORP,0000716314,50,12500000.0,245293000.0,323616000.0,183301000.0
UVV,UNIVERSAL CORP /VA/,0000102037,50,32637000.0,2885078000.0,2766767000.0,1305643000.0
MELI,MERCADOLIBRE INC,0001099590,50,1997000000.0,28893000000.0,42667000000.0,35919000000.0
OTTR,Otter Tail Corp,0001466593,50,275893000.0,1299640000.0,3964279000.0,
DNLI,Denali Therapeutics Inc.,0001714899,50,-512540000.0,0.0,1144854000.0,131093000.0
LAC,LITHIUM AMERICAS CORP.,0001966983,50,-86262000.0,,2579048000.0,992399000.0
MSEX,MIDDLESEX WATER CO,0000066004,50,42822000.0,194694000.0,1365737000.0,
OUNZ,VanEck Merk Gold ETF,0001546652,50,1092864123.0,,2903393954.0,108028.0
ETH,Grayscale Ethereum Staking Mini ETF,0002020455,50,-317667000.0,,2181386000.0,231000.0
OPK,"OPKO HEALTH, INC.",0000944809,50,-31257000.0,148451000.0,1931944000.0,663985000.0
ECVT,Ecovyst Inc.,0001708035,50,5740000.0,199434000.0,1260978000.0,657538000.0
CARS,Cars.com Inc.,0001683606,50,20052000.0,723239000.0,1062418000.0,589888000.0
ACNB,ACNB CORP,0000715579,50,37051000.0,191821000.0,3228126000.0,2808152000.0
ALTI,"AlTi Global, Inc.",0001838615,50,-119699000.0,254956000.0,1176448000.0,301659000.0
NGVC,"Natural Grocers by Vitamin Cottage, Inc.",0001547459,50,46444000.0,274206000.0,670504000.0,458109000.0
AHRT,"AH Realty Trust, Inc.",0001569187,50,5604000.0,75602000.0,2596510000.0,1767318000.0
CPNG,"Coupang, Inc.",0001834584,50,208000000.0,34534000000.0,17787000000.0,13164000000.0
HUT,Hut 8 Corp.,0001964789,50,-226149000.0,235118000.0,2753720000.0,1064250000.0
SLQT,"SelectQuote, Inc.",0001794783,50,62189000.0,1618499000.0,1286828000.0,636803000.0
EME,"EMCOR Group, Inc.",0000105634,50,1272817000.0,16986422000.0,9291399000.0,5616418000.0
QSR,Restaurant Brands International Inc.,0001618756,50,139000000.0,9434000000.0,25615000000.0,20456000000.0
SXI,STANDEX INTERNATIONAL CORP/DE/,0000310354,50,104632000.0,142308000.0,1585708000.0,
USAC,"USA Compression Partners, LP",0001522727,50,111319000.0,178188000.0,2619931000.0,2732433000.0
FSLY,"Fastly, Inc.",0001517413,50,-121677000.0,,1499477000.0,569899000.0
ODFL,"OLD DOMINION FREIGHT LINE, INC.",0000878927,50,1023703000.0,,5470160000.0,1159103000.0
POST,"Post Holdings, Inc.",0001530950,50,335700000.0,8158100000.0,13528400000.0,9764600000.0
SMR,NUSCALE POWER Corp,0001822966,50,-355794000.0,31479000.0,1412512000.0,298961000.0
FLY,Firefly Aerospace Inc.,0001860160,50,-298340000.0,159855000.0,1824934000.0,634995000.0
IDYA,"IDEAYA Biosciences, Inc.",0001676725,50,-113698000.0,218710000.0,1109324000.0,86390000.0
AIZN,"ASSURANT, INC.",0001267238,50,872700000.0,12814300000.0,36289600000.0,30418000000.0
PSEC,PROSPECT CAPITAL CORP,0001287032,50,153662000.0,,6448627000.0,1945331000.0
JANX,"Janux Therapeutics, Inc.",0001817713,50,-113625000.0,,1001565000.0,44743000.0
MRTN,MARTEN TRANSPORT LTD,0000799167,50,17444000.0,1131455000.0,949767000.0,182142000.0
GDRX,"GoodRx Holdings, Inc.",0001809519,50,30439000.0,796853000.0,1404058000.0,787796000.0
SPH,SUBURBAN PROPANE PARTNERS LP,0001005210,50,106570000.0,1432518000.0,2296274000.0,1697703000.0
BITB,Bitwise Bitcoin ETF,0001763415,50,-344382000.0,,3381406000.0,14356000.0
MSCI,MSCI Inc.,0001408198,50,1202305000.0,334779000.0,5702459000.0,8356999000.0
MIR,"Mirion Technologies, Inc.",0001809987,50,28800000.0,925400000.0,3588100000.0,1671200000.0
LBTYA,Liberty Global Ltd.,0001570585,50,-7138100000.0,11541500000.0,22595900000.0,12650100000.0
GTM,ZoomInfo Technologies Inc.,0001794515,50,124200000.0,1249500000.0,6439500000.0,4930800000.0
GNK,GENCO SHIPPING & TRADING LTD,0001326200,50,-4366000.0,342054000.0,1138108000.0,240288000.0
WLFC,WILLIS LEASE FINANCE CORP,0001018164,50,108612000.0,569223000.0,3297196000.0,2684736000.0
AVO,"Mission Produce, Inc.",0001802974,50,37700000.0,1391200000.0,983000000.0,363100000.0
FETH,Fidelity Ethereum Fund,0002000046,50,-422295000.0,,2212443000.0,2674000.0
MRSH,"MARSH & MCLENNAN COMPANIES, INC.",0000062709,50,4160000000.0,26981000000.0,58710000000.0,
ELV,"Elevance Health, Inc.",0001156039,50,5662000000.0,199125000000.0,121494000000.0,77468000000.0
ATI,ATI INC,0001018963,50,404300000.0,4043500000.0,5099600000.0,3182900000.0
DG,DOLLAR GENERAL CORP,0000029534,50,1512311000.0,42724369000.0,30963730000.0,22451768000.0
CBFV,"CB Financial Services, Inc.",0001605301,50,4903000.0,43557000.0,1547693000.0,1390156000.0
SSTK,"Shutterstock, Inc.",0001549346,50,45496000.0,989925000.0,1355936000.0,774898000.0
CIA,"CITIZENS, INC.",0000024090,50,7338000.0,72070000.0,1754760000.0,1519775000.0
CRON,Cronos Group Inc.,0001656472,50,-9447000.0,146587000.0,1197140000.0,54181000.0
OPY,OPPENHEIMER HOLDINGS INC,0000791963,50,148403000.0,1638071000.0,3722415000.0,2725386000.0
UVE,"UNIVERSAL INSURANCE HOLDINGS, INC.",0000891166,50,66589000.0,407926000.0,2839695000.0,2288660000.0
KNF,Knife River Corp,0001955520,50,157074000.0,3146012000.0,3650113000.0,2009173000.0
XXI,"Twenty One Capital, Inc.",0002070457,50,-217339312.0,,3926876543.0,486808272.0
DEA,"Easterly Government Properties, Inc.",0001622194,50,13003000.0,336099000.0,3379770000.0,2010205000.0
CERT,"Certara, Inc.",0001827090,50,-1595000.0,418838000.0,1556582000.0,493787000.0
PALL,abrdn Palladium ETF Trust,0001459862,50,321949000.0,,1035958000.0,495000.0
QSP,Restaurant Brands International Limited Partnership,0001618755,50,139000000.0,9434000000.0,25615000000.0,20456000000.0
PPL,PPL Corp,0000922224,50,1181000000.0,9042000000.0,45244000000.0,
ROIV,Roivant Sciences Ltd.,0001635088,50,-299771000.0,8260000.0,5708687000.0,416275000.0
GGG,GRACO INC,0000042888,50,521839000.0,2236604000.0,3274270000.0,
KMPB,KEMPER Corp,0000860748,50,143300000.0,4789700000.0,12472700000.0,9803300000.0
KMB,KIMBERLY CLARK CORP,0000055785,50,499000000.0,4080000000.0,17098000000.0,
PGYWW,Pagaya Technologies Ltd.,0001883085,50,81389000.0,1301360000.0,1545914000.0,960460000.0
PSMT,PRICESMART INC,0001041803,50,147887000.0,4066093000.0,2269157000.0,1021785000.0
MMED,"MiniMed Group, Inc.",0002062583,50,-333000000.0,3102000000.0,4630000000.0,1019000000.0
CRSP,CRISPR Therapeutics AG,0001674416,50,-581599000.0,77016000.0,2265243000.0,343430000.0
SWBI,"SMITH & WESSON BRANDS, INC.",0001092796,50,18481000.0,523845000.0,512766000.0,136207000.0
JVA,COFFEE HOLDING CO INC,0001007019,50,1403439.0,90655294.0,42048372.0,14467366.0
TKO,"TKO Group Holdings, Inc.",0001973266,50,-2375000.0,1037995000.0,15495821000.0,6245742000.0
HCC,"WARRIOR MET COAL, INC.",0001691303,50,56998000.0,,2783799000.0,642414000.0
OBDC,Blue Owl Capital Corp,0001655888,50,627407000.0,,17186365000.0,9789086000.0
CRUS,"CIRRUS LOGIC, INC.",0000772406,50,414408000.0,1997379000.0,2489374000.0,
VFC,V F CORP,0000103379,50,254920000.0,2102421000.0,9290177000.0,7440299000.0
BGC,"BGC Group, Inc.",0001094831,50,154962000.0,2941460000.0,4411989000.0,3266647000.0
RELY,"Remitly Global, Inc.",0001782170,50,67933000.0,1635147000.0,1458713000.0,589924000.0
SPHR,Sphere Entertainment Co.,0001795250,50,33405000.0,1220045000.0,4209908000.0,1976669000.0
MYFW,First Western Financial Inc,0001327607,50,13188000.0,96914000.0,3154981000.0,2889421000.0
UHT,UNIVERSAL HEALTH REALTY INCOME TRUST,0000798783,50,17609000.0,99190000.0,564907000.0,412523000.0
SPRS,SURGE COMPONENTS INC,0000747540,50,1136713.0,36320105.0,27120253.0,5722690.0
ACHR-WT,Archer Aviation Inc.,0001824502,50,-618200000.0,300000.0,2465900000.0,263100000.0
OOMA,OOMA INC,0001327688,50,6459000.0,114490000.0,227537000.0,134621000.0
GTEC,Greenland Technologies Holding Corp.,0001735041,50,4931543.0,90694007.0,115772341.0,49452420.0
CSV,CARRIAGE SERVICES INC,0001016281,50,51507000.0,417440000.0,1345905000.0,1091129000.0
BITW,Bitwise 10 Crypto Index ETF,0001723788,50,-165855000.0,,1048793000.0,18924000.0
AAAU,Goldman Sachs Physical Gold ETF,0001708646,50,783446114.0,,2542909779.0,380937.0
SGOL,abrdn Gold ETF Trust,0001450923,50,2653692000.0,,7333647000.0,1057000.0
NUTX,Nutex Health Inc.,0001479681,50,70789000.0,875257000.0,918525000.0,495088000.0
GRAL,"GRAIL, Inc.",0001699031,50,-408351000.0,147172000.0,2922015000.0,344153000.0
FRMI,Fermi Inc.,0002071778,50,-486379000.0,,1413314000.0,317442000.0
QS,QuantumScape Corp,0001811414,50,-435050000.0,,1308156000.0,139183000.0
WBTN,WEBTOON Entertainment Inc.,0001997859,50,-345927000.0,1382705000.0,1595510000.0,367238000.0
BTC,Grayscale Bitcoin Mini Trust ETF,0002015034,50,-437219000.0,,4243952000.0,0.0
HODL,VanEck Bitcoin ETF,0001838028,50,-194003212.0,,1389064395.0,6790405.0
AB,ALLIANCEBERNSTEIN HOLDING L.P.,0000825313,50,299836000.0,,1240042000.0,1664000.0
CLX,CLOROX CO /DE/,0000021076,50,810000000.0,6124000000.0,5561000000.0,5079000000.0
RPM,RPM INTERNATIONAL INC/DE/,0000110621,50,661392000.0,1558156000.0,8344605000.0,
CNA,CNA FINANCIAL CORP,0000021175,50,1278000000.0,14989000000.0,69443000000.0,57822000000.0
TXRH,"Texas Roadhouse, Inc.",0001289460,50,269818000.0,5878075000.0,3549472000.0,2067770000.0
CHYM,"Chime Financial, Inc.",0001795586,50,-1009936000.0,2186770000.0,1964605000.0,562899000.0
SND,"Smart Sand, Inc.",0001529628,50,1345000.0,330153000.0,340014000.0,100317000.0
DOCN,"DigitalOcean Holdings, Inc.",0001582961,50,259262000.0,901427000.0,1837705000.0,1866395000.0
GPCR,Structure Therapeutics Inc.,0001888886,50,-141202000.0,,1583918000.0,67541000.0
ABCL,AbCellera Biologics Inc.,0001703057,50,-146412000.0,75128000.0,1356950000.0,390046000.0
FSK,FS KKR Capital Corp,0001422183,50,-114000000.0,,13729000000.0,7880000000.0
EPC,EDGEWELL PERSONAL CARE Co,0001096752,50,25400000.0,2223500000.0,3756300000.0,2203200000.0
NBR,NABORS INDUSTRIES LTD,0001163739,50,286624000.0,3184693000.0,4789657000.0,3352014000.0
SENEA,Seneca Foods Corp,0000088948,50,41224000.0,1314765000.0,1181429000.0,548406000.0
CRMZ,CREDITRISKMONITOR COM INC,0000315958,50,1017931.0,20123616.0,26237315.0,13883222.0
DCTH,"DELCATH SYSTEMS, INC.",0000872912,50,2700000.0,85231000.0,123632000.0,12413000.0
YCL,ProShares Trust II,0001415311,50,1711915524.0,,6062940882.0,338871553.0
YCS,ProShares Trust II,0001415311,50,1711915524.0,,6062940882.0,338871553.0
ZSL,ProShares Trust II,0001415311,50,1711915524.0,,6062940882.0,338871553.0
ACNT,ASCENT INDUSTRIES CO.,0000095953,50,867000.0,74942000.0,111937000.0,24945000.0
FTCO,Fortitude Gold Corp,0001828377,50,420000.0,18411000.0,136185000.0,31811000.0
FRHC,Freedom Holding Corp.,0000924805,50,153328000.0,2191291000.0,13155239000.0,11665960000.0
BTBT,"Bit Digital, Inc",0001710350,50,-80316584.0,113560320.0,1174418132.0,309157330.0
BMNM,"BIMINI CAPITAL MANAGEMENT, INC.",0001275477,50,5801390.0,23703663.0,129693972.0,117071175.0
KYNB,"KYNTRA BIO, INC.",0000921299,50,183452000.0,6440000.0,119594000.0,115119000.0
AUROW,"Aurora Innovation, Inc.",0001828108,50,-816000000.0,3000000.0,2343000000.0,203000000.0
LQDT,LIQUIDITY SERVICES INC,0001235468,50,28093000.0,476669000.0,375101000.0,171859000.0
CCZ,COMCAST CORP,0001166691,50,19998000000.0,121572000000.0,272631000000.0,
PRSU,"Pursuit Attractions & Hospitality, Inc.",0000884219,50,22668000.0,1064987000.0,965425000.0,305041000.0
NESR,National Energy Services Reunited Corp.,0001698514,50,51132000.0,1324047000.0,1851519000.0,883603000.0
BTU,PEABODY ENERGY CORP,0001064728,50,-289800000.0,3861500000.0,5807200000.0,2225000000.0
EFOR,Everforth Inc,0000890564,50,113500000.0,3980400000.0,3677300000.0,1873300000.0
BYD,BOYD GAMING CORP,0000906553,50,1843273000.0,791623000.0,6574690000.0,
TXNM,TXNM ENERGY INC,0001108426,50,8778000.0,2165606000.0,12059285000.0,8599750000.0
ENVA,"Enova International, Inc.",0001529864,50,308389000.0,3151653000.0,6468432000.0,5131708000.0
KGS,"Kodiak Gas Services, Inc.",0001767042,50,80521000.0,1308100000.0,4318017000.0,3110621000.0
FLGT,"Fulgent Genetics, Inc.",0001674930,50,-60513000.0,4281000.0,1213525000.0,106810000.0
FGNX,FG Nexus Inc.,0001591890,50,1088000.0,32023000.0,163844000.0,20353000.0
SHOO,"STEVEN MADDEN, LTD.",0000913241,50,22591000.0,2534109000.0,1914277000.0,1010295000.0
CNP,CENTERPOINT ENERGY INC,0001130310,50,1052000000.0,9357000000.0,46534000000.0,
DRI,DARDEN RESTAURANTS INC,0000940944,50,1206700000.0,13210900000.0,12862400000.0,10654900000.0
FICO,FAIR ISAAC CORP,0000814547,50,651946000.0,374356000.0,1868133000.0,3613917000.0
MAS,MASCO CORP /DE/,0000062996,50,810000000.0,7562000000.0,5201000000.0,5125000000.0
ARCC,ARES CAPITAL CORP,0001287750,50,1299000000.0,,31235000000.0,16917000000.0
PAG,"PENSKE AUTOMOTIVE GROUP, INC.",0001019849,50,186100000.0,5881400000.0,17597700000.0,12016800000.0
HPP-PC,"Hudson Pacific Properties, Inc.",0001482512,50,13576000.0,831105000.0,7267968000.0,4063003000.0
GLL,ProShares Trust II,0001415311,50,1711915524.0,,6062940882.0,338871553.0
KOLD,ProShares Trust II,0001415311,50,1711915524.0,,6062940882.0,338871553.0
UZF,"ARRAY DIGITAL INFRASTRUCTURE, INC.",0000821130,50,48756000.0,162961000.0,4678088000.0,
UZD,"ARRAY DIGITAL INFRASTRUCTURE, INC.",0000821130,50,48756000.0,162961000.0,4678088000.0,
NTRA,"Natera, Inc.",0001604821,50,-208160000.0,53765000.0,2398344000.0,685931000.0
MDLN,Medline Inc.,0002046386,50,-7000000.0,28432000000.0,38484000000.0,19198000000.0
MNST,Monster Beverage Corp,0000865752,50,1905432000.0,8294343000.0,9988945000.0,
CLVT,CLARIVATE PLC,0001764046,50,-201100000.0,255013000.0,11069400000.0,6226500000.0
ALX,ALEXANDERS INC,0000003499,50,28224000.0,213183000.0,1110708000.0,1001552000.0
FOX,Fox Corp,0001754301,50,1727000000.0,14913000000.0,22482000000.0,
LGIH,"LGI Homes, Inc.",0001580670,50,72552000.0,1705504000.0,3927242000.0,1830953000.0
OSIS,OSI SYSTEMS INC,0001039065,50,55240000.0,1089286000.0,2502452000.0,1669491000.0
ASH,ASHLAND INC.,0001674862,50,505000000.0,1824000000.0,4611000000.0,
BXSL,Blackstone Secured Lending Fund,0001736035,50,563455000.0,,14656463000.0,8411288000.0
FND,"Floor & Decor Holdings, Inc.",0001507079,50,208647000.0,4684088000.0,5469358000.0,3060522000.0
BETA,"BETA Technologies, Inc.",0001784570,50,-745868000.0,35616000.0,2106265000.0,288429000.0
DDD,3D SYSTEMS CORP,0000910638,50,29883000.0,386902000.0,521728000.0,279177000.0
PTCT,"PTC THERAPEUTICS, INC.",0001070081,50,682644000.0,264734000.0,2898767000.0,3104080000.0
OKE,ONEOK INC /NEW/,0001039684,50,3393000000.0,22386892000.0,66641000000.0,
ST,Sensata Technologies Holding plc,0001477294,50,31300000.0,3704500000.0,6751700000.0,3966300000.0
YOU,"Clear Secure, Inc.",0001856314,50,109168000.0,900779000.0,1303392000.0,1099007000.0
ECG,"Everus Construction Group, Inc.",0002015845,50,201770000.0,3746387000.0,1728731000.0,1098913000.0
FIEE,"FiEE, Inc.",0001467761,50,1072434.0,47988549.0,10771135.0,4181757.0
SNWV,"SANUWAVE Health, Inc.",0001417663,50,11813000.0,44051000.0,37343000.0,35724000.0
SACH,Sachem Capital Corp.,0001682220,50,6308000.0,57500000.0,460047000.0,285110000.0
LMB,"Limbach Holdings, Inc.",0001606163,50,39064000.0,646804000.0,381130000.0,185469000.0
AVA,AVISTA CORP,0000104918,50,193000000.0,1964000000.0,8359000000.0,5650000000.0
SUN,Sunoco LP,0001552275,50,527000000.0,25201000000.0,28362000000.0,20353000000.0
CMSC,CMS ENERGY CORP,0000811156,50,1071000000.0,8539000000.0,39941000000.0,
CMSD,CMS ENERGY CORP,0000811156,50,1071000000.0,8539000000.0,39941000000.0,
CMS-PC,CMS ENERGY CORP,0000811156,50,1071000000.0,8539000000.0,39941000000.0,
CXDO,"Crexendo, Inc.",0001075736,50,1218000.0,68167000.0,77686000.0,13865000.0
FIG,"Figma, Inc.",0001579878,50,-1250463000.0,1055788000.0,2348207000.0,837566000.0
UZE,"ARRAY DIGITAL INFRASTRUCTURE, INC.",0000821130,50,48756000.0,162961000.0,4678088000.0,
PCVX,"Vaxcyte, Inc.",0001649094,50,-766628000.0,,3002717000.0,317207000.0
WLK,WESTLAKE CORP,0001262823,50,-1508000000.0,11170000000.0,19961000000.0,10666000000.0
AVTR,"Avantor, Inc.",0001722482,50,-530200000.0,6552200000.0,11794700000.0,6229700000.0
OSK,OSHKOSH CORP,0000775158,50,229500000.0,2057000000.0,10072400000.0,
RMBS,RAMBUS INC,0000917273,50,230455000.0,,1529545000.0,165120000.0
TTEK,TETRA TECH INC,0000831641,50,247949000.0,841502000.0,4282174000.0,
CRNX,"Crinetics Pharmaceuticals, Inc.",0001658247,50,-465317000.0,1039000.0,1126257000.0,134174000.0
VXRT,"Vaxart, Inc.",0000072444,50,16327000.0,237258000.0,186079000.0,98281000.0
KYMR,"Kymera Therapeutics, Inc.",0001815442,50,-311351000.0,39211000.0,1742812000.0,163148000.0
COFS,CHOICEONE FINANCIAL SERVICES INC,0000803164,50,28176000.0,227624000.0,4410551000.0,3945198000.0
CULP,CULP INC,0000723603,50,12666000.0,203482000.0,111990000.0,63843000.0
AMRX,"Amneal Pharmaceuticals, Inc.",0001723128,50,72057000.0,0.0,3678280000.0,0.0
UHAL,U-Haul Holding Co /NV/,0000004457,50,83128000.0,6037819000.0,21502789000.0,13891138000.0
DVN,DEVON ENERGY CORP/DE,0001090012,50,2642000000.0,17188000000.0,31599000000.0,
RSTRF,Restaurant Brands International Limited Partnership,0001618755,50,139000000.0,9434000000.0,25615000000.0,20456000000.0
CMCSA,COMCAST CORP,0001166691,50,19998000000.0,121572000000.0,272631000000.0,
NRC,NRC HEALTH,0000070487,50,30047000.0,119686000.0,134878000.0,120888000.0
LITE,Lumentum Holdings Inc.,0001633978,50,-6935100000.0,404600000.0,7307500000.0,2663600000.0
HLT,Hilton Worldwide Holdings Inc.,0001585689,50,1457000000.0,12039000000.0,16774000000.0,22120000000.0
CI,Cigna Group,0001739940,50,5957000000.0,274900000000.0,157919000000.0,116045000000.0
ORLY,O REILLY AUTOMOTIVE INC,0000898173,50,2538209000.0,17781992000.0,16538253000.0,
TAP-A,MOLSON COORS BEVERAGE CO,0000024545,50,-2139600000.0,11723800000.0,22738400000.0,12195700000.0
LBTYB,Liberty Global Ltd.,0001570585,50,-7138100000.0,11541500000.0,22595900000.0,12650100000.0
LBRDK,Liberty Broadband Corp,0001611983,50,-3173000000.0,3576000.0,8830000000.0,3132000000.0
UHAL-B,U-Haul Holding Co /NV/,0000004457,50,83128000.0,6037819000.0,21502789000.0,13891138000.0
RKLB,Rocket Lab Corp,0001819994,50,-198209000.0,601799000.0,2324478000.0,602624000.0
CBRE,"CBRE GROUP, INC.",0001138118,50,1157000000.0,40550000000.0,30877000000.0,21251000000.0
AKR,ACADIA REALTY TRUST,0000899629,50,16896000.0,410757000.0,4837152000.0,2207721000.0
DKL,"Delek Logistics Partners, LP",0001552797,50,176460000.0,138611000.0,2779268000.0,
GPI,GROUP 1 AUTOMOTIVE INC,0001031203,50,325200000.0,2920405000.0,10349600000.0,
AHRT-PA,"AH Realty Trust, Inc.",0001569187,50,5604000.0,75602000.0,2596510000.0,1767318000.0
FGNXP,FG Nexus Inc.,0001591890,50,1088000.0,32023000.0,163844000.0,20353000.0
LBTYK,Liberty Global Ltd.,0001570585,50,-7138100000.0,11541500000.0,22595900000.0,12650100000.0
CMSA,CMS ENERGY CORP,0000811156,50,1071000000.0,8539000000.0,39941000000.0,
UNMA,Unum Group,0000005513,50,738500000.0,13075500000.0,63519400000.0,52400300000.0
LBRDA,Liberty Broadband Corp,0001611983,50,-3173000000.0,3576000.0,8830000000.0,3132000000.0
VOYA-PB,"Voya Financial, Inc.",0001535929,50,654000000.0,8189000000.0,178859000000.0,171820000000.0
UFCS,UNITED FIRE GROUP INC,0000101199,50,118191000.0,1386412000.0,3840789000.0,2899619000.0
AIZ,"ASSURANT, INC.",0001267238,50,872700000.0,12814300000.0,36289600000.0,30418000000.0
UNM,Unum Group,0000005513,50,738500000.0,13075500000.0,63519400000.0,52400300000.0
KINS,"KINGSTONE COMPANIES, INC.",0000033992,50,40767128.0,214867301.0,453425151.0,330693902.0
NXDT,NEXPOINT DIVERSIFIED REAL ESTATE TRUST,0001356115,50,-130192000.0,85965000.0,1074652000.0,353873000.0
AD,"ARRAY DIGITAL INFRASTRUCTURE, INC.",0000821130,50,48756000.0,162961000.0,4678088000.0,
LBRT,Liberty Energy Inc.,0001694028,50,147872000.0,4006116000.0,3558305000.0,1479416000.0
BLCO,Bausch & Lomb Corp,0001860742,50,-360000000.0,5101000000.0,14022000000.0,7503000000.0
WFRD,Weatherford International plc,0001603923,50,431000000.0,4331000000.0,5197000000.0,3501000000.0
IBEX,IBEX Ltd,0001720420,50,36864000.0,558273000.0,273215000.0,138906000.0
XTNT,"Xtant Medical Holdings, Inc.",0001453593,50,4973000.0,53337000.0,94145000.0,43192000.0
DDOG,"Datadog, Inc.",0001561550,50,107741000.0,3427158000.0,6643844000.0,2911638000.0
NTWK,NETSOL TECHNOLOGIES INC,0001039280,50,2923233.0,73088687.0,62441109.0,20181979.0
ALGM,"ALLEGRO MICROSYSTEMS, INC.",0000866291,50,-14897000.0,890096000.0,1416175000.0,459730000.0
CACC,CREDIT ACCEPTANCE CORP,0000885550,50,423900000.0,2317200000.0,8631700000.0,7108100000.0
IBP,"Installed Building Products, Inc.",0001580905,50,265400000.0,2970800000.0,2068000000.0,1358100000.0
IZEA,"IZEA Worldwide, Inc.",0001495231,50,42326.0,20099695.0,57477716.0,8560196.0
LXFR,LUXFER HOLDINGS PLC,0001096056,50,7700000.0,384600000.0,369700000.0,143300000.0
MDB,"MongoDB, Inc.",0001441816,50,-71151000.0,2463797000.0,3758848000.0,806490000.0
BEAM,Beam Therapeutics Inc.,0001745999,50,-79992000.0,24000.0,1481177000.0,242819000.0
DJTWW,Trump Media & Technology Group Corp.,0001849635,50,-400864800.0,3682600.0,2629687600.0,982823500.0
DXPE,DXP ENTERPRISES INC,0001020710,50,88677000.0,1247043000.0,1685155000.0,1186716000.0
UPST,"Upstart Holdings, Inc.",0001647639,50,53601000.0,1043857000.0,2974805000.0,2175990000.0
ZLAB,Zai Lab Ltd,0001704292,50,-175537000.0,460156000.0,1172384000.0,456884000.0
IMAX,IMAX CORP,0000921582,50,34876000.0,410212000.0,894031000.0,466298000.0
BHF,"Brighthouse Financial, Inc.",0001685040,50,433000000.0,6766000000.0,241800000000.0,234967000000.0
POWI,POWER INTEGRATIONS INC,0000833640,50,22093000.0,443504000.0,772207000.0,99362000.0
CNO-PA,"CNO Financial Group, Inc.",0001224608,50,92900000.0,1143100000.0,38790600000.0,36152400000.0
AGQ,ProShares Trust II,0001415311,50,1711915524.0,,6062940882.0,338871553.0
BOIL,ProShares Trust II,0001415311,50,1711915524.0,,6062940882.0,338871553.0
EUO,ProShares Trust II,0001415311,50,1711915524.0,,6062940882.0,338871553.0
UGL,ProShares Trust II,0001415311,50,1711915524.0,,6062940882.0,338871553.0
ULE,ProShares Trust II,0001415311,50,1711915524.0,,6062940882.0,338871553.0
UVXY,ProShares Trust II,0001415311,50,1711915524.0,,6062940882.0,338871553.0
VIXM,ProShares Trust II,0001415311,50,1711915524.0,,6062940882.0,338871553.0
VIXY,ProShares Trust II,0001415311,50,1711915524.0,,6062940882.0,338871553.0
CPPTL,Copper Property CTL Pass Through Trust,0001837671,50,47015000.0,,1048875000.0,116311000.0
EXPD,EXPEDITORS INTERNATIONAL OF WASHINGTON INC,0000746515,50,810332000.0,1901371000.0,4893638000.0,
LSCC,LATTICE SEMICONDUCTOR CORP,0000855658,50,3084000.0,385961000.0,883120000.0,169066000.0
MCHPP,MICROCHIP TECHNOLOGY INC,0000827054,50,230000000.0,1329800000.0,14370100000.0,
RLJ-PA,RLJ Lodging Trust,0001511337,50,28509000.0,1349860000.0,4742130000.0,2559470000.0
CDRE,"Cadre Holdings, Inc.",0001860543,50,44139000.0,610308000.0,770031000.0,452227000.0
GIII,G III APPAREL GROUP LTD /DE/,0000821002,50,67353000.0,,2610820000.0,850497000.0
BHFAM,"Brighthouse Financial, Inc.",0001685040,50,433000000.0,6766000000.0,241800000000.0,234967000000.0
BHFAN,"Brighthouse Financial, Inc.",0001685040,50,433000000.0,6766000000.0,241800000000.0,234967000000.0
BHFAO,"Brighthouse Financial, Inc.",0001685040,50,433000000.0,6766000000.0,241800000000.0,234967000000.0
RDW,Redwire Corp,0001819810,50,-226552000.0,335381000.0,1449137000.0,312087000.0
VECO,VEECO INSTRUMENTS INC,0000103145,50,35390000.0,,1325795000.0,440286000.0
ALRM,"Alarm.com Holdings, Inc.",0001459200,50,30328000.0,1011187000.0,2136591000.0,1245581000.0
CXT,"Crane NXT, Co.",0000025445,50,145100000.0,3374900000.0,3116400000.0,1859600000.0
GRND,Grindr Inc.,0001820144,50,94751000.0,439898000.0,531031000.0,484025000.0
CNMD,CONMED Corp,0000816956,50,47055000.0,1374724000.0,2325749000.0,1292652000.0
CODQL,Coronado Global Resources Inc.,0001770561,50,156065000.0,1949787000.0,2625555000.0,1975809000.0
NVAX,NOVAVAX INC,0001000694,50,440302000.0,1123479000.0,1176512000.0,1304265000.0
ARE,"ALEXANDRIA REAL ESTATE EQUITIES, INC.",0001035443,50,-1429570000.0,,34081835000.0,14925399000.0
CUBE,CubeSmart,0001298675,50,42045000.0,1123110000.0,6643193000.0,3861117000.0
SCO,ProShares Trust II,0001415311,50,1711915524.0,,6062940882.0,338871553.0
SVXY,ProShares Trust II,0001415311,50,1711915524.0,,6062940882.0,338871553.0
UCO,ProShares Trust II,0001415311,50,1711915524.0,,6062940882.0,338871553.0
KMPR,KEMPER Corp,0000860748,50,143300000.0,4789700000.0,12472700000.0,9803300000.0
HPP,"Hudson Pacific Properties, Inc.",0001482512,50,13576000.0,831105000.0,7267968000.0,4063003000.0
SAFT,SAFETY INSURANCE GROUP INC,0001172052,50,99255000.0,1263732000.0,2471108000.0,1578797000.0
INVA,"Innoviva, Inc.",0001080014,50,271165000.0,69520000.0,1635165000.0,
GIC,GLOBAL INDUSTRIAL Co,0000945114,50,72100000.0,1379100000.0,580800000.0,267600000.0
TDDWW,TIDEWATER INC,0000098222,50,334661000.0,118776000.0,2386911000.0,
TDGMW,TIDEWATER INC,0000098222,50,334661000.0,118776000.0,2386911000.0,
CFFI,C & F FINANCIAL CORP,0000913341,50,26835000.0,140841000.0,2768494000.0,2506146000.0
SNFCA,SECURITY NATIONAL FINANCIAL CORP,0000318673,50,32152330.0,344587538.0,1561844604.0,1151475876.0
SENEB,Seneca Foods Corp,0000088948,50,41224000.0,1314765000.0,1181429000.0,548406000.0
DGICB,DONEGAL GROUP INC,0000800457,50,79340740.0,978014322.0,2386629452.0,1746211373.0
ASIX,AdvanSix Inc.,0001673985,50,49286000.0,1684625000.0,1706148000.0,890932000.0
TREE,"LendingTree, Inc.",0001434621,50,151308000.0,1117324000.0,855692000.0,568895000.0
TRC,TEJON RANCH CO,0000096869,50,75000.0,37830000.0,630469000.0,139913000.0
SHOE,SHOE STATION GROUP INC,0000895447,50,52269000.0,1135324000.0,1201743000.0,512077000.0
BHFAL,"Brighthouse Financial, Inc.",0001685040,50,433000000.0,6766000000.0,241800000000.0,234967000000.0
IPCX,Inflection Point Acquisition Corp. III,0002012318,50,498416.0,100000000.0,261134426.0,15020893.0
BHFAP,"Brighthouse Financial, Inc.",0001685040,50,433000000.0,6766000000.0,241800000000.0,234967000000.0
HIT,"Health In Tech, Inc.",0002019505,50,1278842.0,33327511.0,23089961.0,5977896.0
GEG,"Great Elm Group, Inc.",0001831096,50,12891000.0,67974000.0,113684000.0,72875000.0
HIMS,"Hims & Hers Health, Inc.",0001773751,50,128365000.0,2347637000.0,2154705000.0,1613777000.0
GEGGL,"Great Elm Group, Inc.",0001831096,50,12891000.0,67974000.0,113684000.0,72875000.0
POOL,POOL CORP,0000945841,50,406404000.0,5289396000.0,3626126000.0,2440897000.0
FWDI,"Forward Industries, Inc.",0000038264,50,-166974340.0,18187525.0,1474942489.0,4817622.0
JRSH,"Jerash Holdings (US), Inc.",0001696558,50,3537600.0,166263870.0,89852514.0,24943451.0
PFGC,Performance Food Group Co,0001618673,50,359300000.0,17619900000.0,18849100000.0,13949800000.0
PFG,PRINCIPAL FINANCIAL GROUP INC,0001126328,50,1185100000.0,15625500000.0,341376500000.0,328985200000.0
USFD,US Foods Holding Corp.,0001665918,50,676000000.0,39424000000.0,13943000000.0,9636000000.0
ROKU,"ROKU, INC",0001428439,50,88361000.0,4737251000.0,4433483000.0,1775538000.0
SBH,"Sally Beauty Holdings, Inc.",0001368458,50,195878000.0,3701424000.0,2871096000.0,2076889000.0
RH,RH,0001528849,50,124787000.0,1193046000.0,4835710000.0,4775110000.0
PENG,"Penguin Solutions, Inc.",0001616533,50,25391000.0,337922000.0,1617200000.0,1008973000.0
AVT,AVNET INC,0000008858,50,334389000.0,27632683000.0,15425393000.0,10402890000.0
MSA,MSA Safety Inc,0000066570,50,86933000.0,1874814000.0,2554374000.0,1187362000.0
TTAN,"ServiceTitan, Inc.",0001638826,50,-159853000.0,960965000.0,1745057000.0,219823000.0
FOXA,Fox Corp,0001754301,50,1727000000.0,14913000000.0,22482000000.0,
NXDT-PA,NEXPOINT DIVERSIFIED REAL ESTATE TRUST,0001356115,50,-130192000.0,85965000.0,1074652000.0,353873000.0
SACH-PA,Sachem Capital Corp.,0001682220,50,6308000.0,57500000.0,460047000.0,285110000.0
SCCD,Sachem Capital Corp.,0001682220,50,6308000.0,57500000.0,460047000.0,285110000.0
SCTH,"Securetech Innovations, Inc.",0001703157,50,203298.0,7720757.0,18889616.0,7115144.0
AAOI,"APPLIED OPTOELECTRONICS, INC.",0001158114,50,-38228000.0,455715000.0,1168423000.0,434505000.0
KEX,KIRBY CORP,0000056047,50,354569000.0,489756000.0,6008045000.0,
RILY,"BRC Group Holdings, Inc.",0001464790,50,307415000.0,967599000.0,1706592000.0,1826854000.0
SITM,SITIME Corp,0001451809,50,-42903000.0,326660000.0,1294699000.0,138517000.0
AMR,"Alpha Metallurgical Resources, Inc.",0001704715,50,-61687000.0,2129481000.0,2280626000.0,735131000.0
LMT,LOCKHEED MARTIN CORP,0000936468,50,5017000000.0,75048000000.0,59840000000.0,53119000000.0
HLMN,Hillman Solutions Corp.,0001822492,50,40305000.0,1552224000.0,2356194000.0,1127687000.0
VIR,"Vir Biotechnology, Inc.",0001706431,50,-437987000.0,68556000.0,1002823000.0,237547000.0
SENEL,Seneca Foods Corp,0000088948,50,41224000.0,1314765000.0,1181429000.0,548406000.0
DREM,Dream Homes & Development Corp.,0001518336,50,418271.0,2574953.0,7237481.0,5520155.0
BHE,BENCHMARK ELECTRONICS INC,0000863436,50,24852000.0,2659108000.0,2071715000.0,971912000.0
DJT,Trump Media & Technology Group Corp.,0001849635,50,-400864800.0,3682600.0,2629687600.0,982823500.0
SBET,"Sharplink, Inc.",0001981535,50,-734587000.0,28055000.0,2431766000.0,12749000.0
RLJ,RLJ Lodging Trust,0001511337,50,28509000.0,1349860000.0,4742130000.0,2559470000.0
PCYN,PROCYON CORP,0000812306,50,37976.0,4984433.0,3204412.0,917122.0
DXC,DXC Technology Co,0001688568,50,18000000.0,12644000000.0,12890000000.0,9681000000.0
MCK,MCKESSON CORP,0000927653,50,4762000000.0,28853000000.0,82323000000.0,
CVS,CVS HEALTH Corp,0000064803,50,1768000000.0,402067000000.0,253538000000.0,178156000000.0
EEFT,"EURONET WORLDWIDE, INC.",0001029199,50,309500000.0,4244200000.0,6488700000.0,5166200000.0
SUPN,"SUPERNUS PHARMACEUTICALS, INC.",0001356576,50,-38550000.0,100446000.0,1452648000.0,390934000.0
WS,"Worthington Steel, Inc.",0001968487,50,8500000.0,3443800000.0,2252400000.0,989500000.0
EVCM,EverCommerce Inc.,0001853145,50,17599000.0,588907000.0,1371794000.0,654921000.0
MAPS,"WM TECHNOLOGY, INC.",0001779474,50,1962000.0,174704000.0,190667000.0,58867000.0
GTLB,Gitlab Inc.,0001653482,50,-55956000.0,955224000.0,1722747000.0,686499000.0
LCII,LCI INDUSTRIES,0000763744,50,188250000.0,4122017000.0,3175987000.0,1815154000.0
SLAB,SILICON LABORATORIES INC.,0001038074,50,-64907000.0,491625000.0,1269317000.0,174899000.0
PEP,PEPSICO INC,0000077476,50,8240000000.0,93925000000.0,107399000000.0,86852000000.0
CRWD,"CrowdStrike Holdings, Inc.",0001535527,50,-162502000.0,,11086684000.0,6614079000.0
SHOP,SHOPIFY INC.,0001594805,50,1231000000.0,11556000000.0,15189000000.0,
CPSH,CPS TECHNOLOGIES CORP/DE/,0000814676,50,420354.0,14577183.0,29511738.0,4876464.0
JOBY,"Joby Aviation, Inc.",0001819848,50,-929842000.0,53425000.0,1795069000.0,385356000.0
RIOT,"Riot Platforms, Inc.",0001167419,50,-663181000.0,647435000.0,3936767000.0,1078361000.0
DBX,"DROPBOX, INC.",0001467623,50,508400000.0,2521000000.0,2844900000.0,4642100000.0
NAVN,"Navan, Inc.",0001639723,50,-398030000.0,702265000.0,1708761000.0,500700000.0
OKLO,Oklo Inc.,0001849056,50,-105663000.0,,1528457000.0,52247000.0
FBIOP,"Fortress Biotech, Inc.",0001429260,50,6815000.0,63262000.0,185548000.0,123365000.0
RXRX,"RECURSION PHARMACEUTICALS, INC.",0001601830,50,-644759000.0,74681000.0,1474130000.0,343265000.0
NDSN,NORDSON CORP,0000072331,50,484474000.0,569295000.0,5917681000.0,
MKSI,MKS INC,0001049502,50,295000000.0,3931000000.0,8796000000.0,6077000000.0
SENEM,Seneca Foods Corp,0000088948,50,41224000.0,1314765000.0,1181429000.0,548406000.0
ATEN,"A10 Networks, Inc.",0001580808,50,42137000.0,235429000.0,629813000.0,418267000.0
GNE,Genie Energy Ltd.,0001528356,50,4815000.0,102902000.0,389380000.0,144934000.0
NFG,NATIONAL FUEL GAS CO,0000070145,50,518504000.0,2277541000.0,8719104000.0,
AXTA,Axalta Coating Systems Ltd.,0001616862,50,378000000.0,5117000000.0,7599000000.0,5206000000.0
BLDR,"Builders FirstSource, Inc.",0001316835,50,435199000.0,15190638000.0,11237530000.0,6885279000.0
RILYG,"BRC Group Holdings, Inc.",0001464790,50,307415000.0,967599000.0,1706592000.0,1826854000.0
RILYL,"BRC Group Holdings, Inc.",0001464790,50,307415000.0,967599000.0,1706592000.0,1826854000.0
RILYN,"BRC Group Holdings, Inc.",0001464790,50,307415000.0,967599000.0,1706592000.0,1826854000.0
RILYP,"BRC Group Holdings, Inc.",0001464790,50,307415000.0,967599000.0,1706592000.0,1826854000.0
RILYT,"BRC Group Holdings, Inc.",0001464790,50,307415000.0,967599000.0,1706592000.0,1826854000.0
RILYZ,"BRC Group Holdings, Inc.",0001464790,50,307415000.0,967599000.0,1706592000.0,1826854000.0
MNSBP,"MainStreet Bancshares, Inc.",0001693577,50,15613000.0,135615000.0,2212669000.0,1994078000.0
PGY,Pagaya Technologies Ltd.,0001883085,50,81389000.0,1301360000.0,1545914000.0,960460000.0
HWKN,HAWKINS INC,0000046250,50,81548000.0,1083696000.0,986290000.0,452281000.0
BHC,Bausch Health Companies Inc.,0000885590,50,157000000.0,2163000000.0,26366000000.0,25989000000.0
NEOG,NEOGEN CORP,0000711377,50,-7900000.0,870400000.0,3346000000.0,1253100000.0
IDA,IDACORP INC,0001057877,50,323472000.0,1746972000.0,10225437000.0,
SFM,"Sprouts Farmers Market, Inc.",0001575515,50,523670000.0,8806159000.0,4158649000.0,2755575000.0
ETSY,ETSY INC,0001370637,50,162982000.0,441231000.0,2827254000.0,3925349000.0
CWGL,"Crimson Wine Group, Ltd",0001562151,50,613000.0,65085000.0,215477000.0,28706000.0
TXG,"10x Genomics, Inc.",0001770787,50,-43544000.0,75289000.0,1041365000.0,245039000.0
PBF,PBF Energy Inc.,0001534504,50,-158500000.0,24508200000.0,13019900000.0,7570000000.0
SCCF,Sachem Capital Corp.,0001682220,50,6308000.0,57500000.0,460047000.0,285110000.0
SCCG,Sachem Capital Corp.,0001682220,50,6308000.0,57500000.0,460047000.0,285110000.0
ETR,ENTERGY CORP /DE/,0000065984,50,2356536000.0,12946686000.0,71890730000.0,
AXON,"AXON ENTERPRISE, INC.",0001069183,50,124656000.0,2779536000.0,7000313000.0,3757655000.0
WU,Western Union CO,0001365135,50,499600000.0,4050700000.0,8305900000.0,7348100000.0
ADSK,"Autodesk, Inc.",0000769397,50,1124000000.0,7206000000.0,12467000000.0,
CIEN,CIENA CORP,0000936395,50,123338000.0,4769507000.0,5864667000.0,3135344000.0
RVMDW,"Revolution Medicines, Inc.",0001628171,50,-1131301000.0,0.0,2354508000.0,723211000.0
QUBT,Quantum Computing Inc.,0001758009,50,-18674000.0,682000.0,1618920000.0,20655000.0
MBC,"MasterBrand, Inc.",0001941365,50,26700000.0,2734700000.0,3100400000.0,1755800000.0
SRJN,SPIRE INC,0001126956,50,271700000.0,1976400000.0,11575300000.0,
ZD,"ZIFF DAVIS, INC.",0001084048,50,47354000.0,1364028000.0,3663306000.0,1909731000.0
LNT,ALLIANT ENERGY CORP,0000352541,50,810000000.0,4362000000.0,24991000000.0,
NI,NISOURCE INC.,0001111711,50,929500000.0,4874600000.0,35858700000.0,
MTSI,"MACOM Technology Solutions Holdings, Inc.",0001493594,50,-54210000.0,967258000.0,2103360000.0,776265000.0
MNESP,MSA Safety Inc,0000066570,50,86933000.0,1874814000.0,2554374000.0,1187362000.0
CNM,"Core & Main, Inc.",0001856525,50,441000000.0,7647000000.0,6085000000.0,4011000000.0
VOYA,"Voya Financial, Inc.",0001535929,50,654000000.0,8189000000.0,178859000000.0,171820000000.0
SOLS,Solstice Advanced Materials Inc.,0002064953,50,237000000.0,3886000000.0,5673000000.0,4296000000.0
SDHC,Smith Douglas Homes Corp.,0001982518,50,10694000.0,971116000.0,557593000.0,113457000.0
KEQU,KEWAUNEE SCIENTIFIC CORP /DE/,0000055529,50,9618000.0,138558000.0,178311000.0,101499000.0
LNC,LINCOLN NATIONAL CORP,0000059558,50,1177000000.0,18212000000.0,417204000000.0,406298000000.0
MORN,"Morningstar, Inc.",0001289419,50,183000000.0,2445500000.0,3590200000.0,2368300000.0
SARO,"StandardAero, Inc.",0002025410,50,277417000.0,6062513000.0,6557411000.0,3890100000.0
HFBL,"Home Federal Bancorp, Inc. of Louisiana",0001500375,50,3888000.0,1303000.0,609492000.0,554287000.0
TAP,MOLSON COORS BEVERAGE CO,0000024545,50,-2139600000.0,11723800000.0,22738400000.0,12195700000.0
PSEC-PA,PROSPECT CAPITAL CORP,0001287032,50,153662000.0,,6448627000.0,1945331000.0
GCO,GENESCO INC,0000018498,50,13269000.0,2606898000.0,1392978000.0,825934000.0
TWFG,"TWFG, Inc.",0002007596,50,2745000.0,248512000.0,372335000.0,55685000.0
MHH,"Mastech Digital, Inc.",0001437226,50,609000.0,191371000.0,111840000.0,22532000.0
KHC,Kraft Heinz Co,0001637459,50,-5846000000.0,,81786000000.0,39997000000.0
CCI,CROWN CASTLE INC.,0001051470,50,444000000.0,4264000000.0,31518000000.0,33153000000.0
DIS,Walt Disney Co,0001744489,50,12404000000.0,94425000000.0,197514000000.0,
AIFC,AI Financial Corp,0000862861,50,-344507000.0,12532000.0,1219455000.0,60253000.0
PRKS,United Parks & Resorts Inc.,0001564902,50,168353000.0,265505000.0,2616274000.0,3052080000.0
CCS,"Century Communities, Inc.",0001576940,50,147597000.0,4117816000.0,4459895000.0,1868163000.0
PRDO,PERDOCEO EDUCATION Corp,0001046568,50,159914000.0,145505000.0,1247717000.0,
AGIO,"AGIOS PHARMACEUTICALS, INC.",0001439222,50,-412781000.0,30013000.0,1297225000.0,104111000.0
PGNY,"Progyny, Inc.",0001551306,50,12485000.0,318403000.0,742435000.0,226391000.0
EPDU,ENTERPRISE PRODUCTS PARTNERS L.P.,0001061219,50,5810000000.0,52596000000.0,77902000000.0,
HUM,HUMANA INC,0000049071,50,1188000000.0,129664000000.0,48909000000.0,31172000000.0
KRP,"Kimbell Royalty Partners, LP",0001657788,50,-62225565.0,333830000.0,1229340000.0,456180000.0
UNH,UNITEDHEALTH GROUP INC,0000731766,50,12056000000.0,447567000000.0,309581000000.0,207883000000.0
PRS,PRUDENTIAL FINANCIAL INC,0001137774,50,3576000000.0,60774000000.0,773740000000.0,738159000000.0
EVRG,"Evergy, Inc.",0001711269,50,855600000.0,5961600000.0,33948500000.0,
USNA,USANA HEALTH SCIENCES INC,0000896264,50,10760000.0,271298000.0,742915000.0,156643000.0
LYB,LyondellBasell Industries N.V.,0001489393,50,3397000000.0,30153000000.0,34003000000.0,
TPG,TPG Inc.,0001880661,50,184588000.0,4670212000.0,13492935000.0,9356560000.0
ECPG,ENCORE CAPITAL GROUP INC,0001084961,50,256834000.0,1768802000.0,5339800000.0,4363050000.0
TSPH,TuSimple Holdings Inc.,0001823593,50,-472045000.0,9369000.0,1074279000.0,119798000.0
HMN,HORACE MANN EDUCATORS CORP /DE/,0000850141,50,162100000.0,1701400000.0,15266600000.0,13783900000.0
STC,STEWART INFORMATION SERVICES CORP,0000094344,50,115535000.0,2921636000.0,3252805000.0,1602407000.0
THTG,Tech Tonic Group Corp.,0002029303,50,1148.0,66920.0,63414.0,10023.0
UTZ,"Utz Brands, Inc.",0001739566,50,800000.0,1438800000.0,2793600000.0,1448700000.0
ACM,AECOM,0000868857,50,561774000.0,16139622000.0,12200249000.0,9504065000.0
PRMB,Primo Brands Corp,0002042694,50,60100000.0,6664000000.0,10602800000.0,7610200000.0
SM,SM Energy Co,0000893538,50,648000000.0,3154000000.0,9253000000.0,
CASY,CASEYS GENERAL STORES INC,0000726958,50,714448000.0,17561101000.0,8936055000.0,4984336000.0
MTRN,MATERION Corp,0001104657,50,74823000.0,5607000.0,1802801000.0,
VPG,"Vishay Precision Group, Inc.",0001487952,50,5293000.0,307202000.0,455889000.0,119662000.0
AMZN,AMAZON COM INC,0001018724,50,77670000000.0,716924000000.0,818042000000.0,
CTOS,"Custom Truck One Source, Inc.",0001709682,50,-31052000.0,1943957000.0,3441454000.0,14178375.0
LBRDP,Liberty Broadband Corp,0001611983,50,-3173000000.0,3576000.0,8830000000.0,3132000000.0
GNL-PA,"Global Net Lease, Inc.",0001526113,50,47140000.0,495286000.0,4347203000.0,2683705000.0
GNL-PB,"Global Net Lease, Inc.",0001526113,50,47140000.0,495286000.0,4347203000.0,2683705000.0
GNL-PE,"Global Net Lease, Inc.",0001526113,50,47140000.0,495286000.0,4347203000.0,2683705000.0
GNL-PD,"Global Net Lease, Inc.",0001526113,50,47140000.0,495286000.0,4347203000.0,2683705000.0
GNL,"Global Net Lease, Inc.",0001526113,50,47140000.0,495286000.0,4347203000.0,2683705000.0
CDE,"Coeur Mining, Inc.",0000215466,50,585872000.0,214585000.0,4695682000.0,
AMD,ADVANCED MICRO DEVICES INC,0000002488,50,4335000000.0,34639000000.0,76926000000.0,
COST,COSTCO WHOLESALE CORP /NEW,0000909832,50,8099000000.0,275235000000.0,77099000000.0,47935000000.0
CMS,CMS ENERGY CORP,0000811156,50,1071000000.0,8539000000.0,39941000000.0,
NATR,NATURES SUNSHINE PRODUCTS INC,0000275053,50,19521000.0,480144000.0,261146000.0,99593000.0
EBS,Emergent BioSolutions Inc.,0001367644,50,52600000.0,742900000.0,1318600000.0,796000000.0
RXST,"RxSight, Inc.",0001111485,40,-38944000.0,134479000.0,311814000.0,36131000.0
GIS,GENERAL MILLS INC,0000040704,40,-2007900000.0,2037800000.0,30016700000.0,22636100000.0
MA,Mastercard Inc,0001141391,40,623000000.0,32791000000.0,54157000000.0,46411000000.0
ZNOGW,ZION OIL & GAS INC,0001131312,40,-2322000.0,0.0,46280000.0,3852000.0
MET-PF,METLIFE INC,0001099219,40,3379000000.0,77084000000.0,745166000000.0,716245000000.0
BESS-WT,Bimergen Energy Corp,0001066764,40,-4973422.0,168880.0,27200294.0,1657523.0
GPACU,General Purpose Acquisition Corp.,0002085408,40,302316.0,,232040669.0,9412047.0
GPACW,General Purpose Acquisition Corp.,0002085408,40,302316.0,,232040669.0,9412047.0
CTRVP,"Hepion Pharmaceuticals, Inc.",0001583771,40,-8277850.0,0.0,3069952.0,402405.0
HYMCW,HYCROFT MINING HOLDING CORP,0001718405,40,-40664000.0,0.0,263027000.0,49332000.0
TRLV,Trulieve Cannabis Corp.,0001754195,40,-252727000.0,1181180000.0,2696098000.0,1553089000.0
VOYG,"Voyager Technologies, Inc./TX",0001788060,40,-104814000.0,166419000.0,1050454000.0,620921000.0
XNCR,Xencor Inc,0001326732,40,-91923000.0,125576000.0,875495000.0,239908000.0
SWAGW,"Stran & Company, Inc.",0001872525,40,-747000.0,116191000.0,49348000.0,18847000.0
MTZ,MASTEC INC,0000015615,40,399042000.0,14299171000.0,9923542000.0,6589021000.0
LMNR,Limoneira CO,0001342423,40,-15981000.0,159723000.0,311137000.0,120300000.0
LTRX,LANTRONIX INC,0001114925,40,-4181000.0,120899000.0,160336000.0,41060000.0
LAB,STANDARD BIOTOOLS INC.,0001162194,40,-74896000.0,27745000.0,567754000.0,143463000.0
NCMI,"National CineMedia, Inc.",0001377630,40,-10600000.0,15700000.0,490600000.0,115200000.0
PROF,Profound Medical Corp.,0001628808,40,-42570000.0,16098000.0,77475000.0,11041000.0
EXFY,"Expensify, Inc.",0001476840,40,-21389000.0,142101000.0,185989000.0,53244000.0
ALMU,"Aeluma, Inc.",0001828805,40,-3022000.0,4665000.0,19406000.0,1508000.0
SION,"Sionna Therapeutics, Inc.",0002036042,40,-75268000.0,,325953000.0,19120000.0
VLOS,Velos Acquisition I Corp.,0002016072,40,5778750.0,,308181330.0,20696309.0
LAW,"CS Disco, Inc.",0001625641,40,-44372000.0,156849000.0,173639000.0,45532000.0
ELDN,"Eledon Pharmaceuticals, Inc.",0001404281,40,-45617000.0,0.0,169009000.0,32230000.0
NTWO,Newbury Street II Acquisition Corp,0002028027,40,6620992.0,,182743641.0,6184804.0
VTRS,Viatris Inc,0001792044,40,0.0,14299900000.0,37193100000.0,22481800000.0
CNH,CNH Industrial N.V.,0001567094,40,510000000.0,18095000000.0,42747000000.0,34922000000.0
ABR-PE,ARBOR REALTY TRUST INC,0001253986,40,6910656.0,,14494903000.0,11427750000.0
KEEL,Keel Infrastructure Corp.,0001812477,40,-284544000.0,229276000.0,1296344000.0,735969000.0
PLMKW,"Plum Acquisition Corp, IV",0002030482,40,6051821.0,,181681987.0,7363935.0
SPEGR,Silver Pegasus Acquisition Corp.,0002028735,40,2948.0,,117639375.0,8477246.0
SPEGU,Silver Pegasus Acquisition Corp.,0002028735,40,2948.0,,117639375.0,8477246.0
QSEAU,Quartzsea Acquisition Corp,0002047455,40,510959.0,,85336925.0,4053883.0
KOYNU,"CSLM Digital Asset Acquisition Corp III, Ltd",0002068454,40,1847947.0,,236485789.0,9409558.0
KOYNW,"CSLM Digital Asset Acquisition Corp III, Ltd",0002068454,40,1847947.0,,236485789.0,9409558.0
SAC-WT,Safeguard Acquisition Corp.,0002082844,40,333565.0,,232307042.0,9308949.0
SAC-UN,Safeguard Acquisition Corp.,0002082844,40,333565.0,,232307042.0,9308949.0
SVAQW,Silicon Valley Acquisition Corp.,0002085659,40,-343073.0,,201879569.0,8316797.0
SVAQU,Silicon Valley Acquisition Corp.,0002085659,40,-343073.0,,201879569.0,8316797.0
CRANU,Crane Harbor Acquisition Corp. II,0002081358,40,331924.0,,347900188.0,14829807.0
CRANR,Crane Harbor Acquisition Corp. II,0002081358,40,331924.0,,347900188.0,14829807.0
KTTAW,Pasithea Therapeutics Corp.,0001841330,40,-20427683.0,486559.0,60240070.0,5020832.0
RMCOW,Royalty Management Holding Corp,0001843656,40,-726890.0,4949916.0,16652523.0,2966716.0
VERX,"Vertex, Inc.",0001806837,40,7211000.0,748444000.0,1270835000.0,1011915000.0
MKLYR,McKinley Acquisition Corp,0002067592,40,2022720.0,,176922057.0,4587350.0
MKLYU,McKinley Acquisition Corp,0002067592,40,2022720.0,,176922057.0,4587350.0
HVMCU,Highview Merger Corp.,0002070602,40,3148918.0,,234702826.0,9369142.0
HVMCW,Highview Merger Corp.,0002070602,40,3148918.0,,234702826.0,9369142.0
DTSQU,DT Cloud Star Acquisition Corp,0002017950,40,2132715.0,,17972109.0,1146888.0
DTSQR,DT Cloud Star Acquisition Corp,0002017950,40,2132715.0,,17972109.0,1146888.0
TACHU,Titan Acquisition Corp.,0002009183,40,7236195.0,,286457271.0,13838202.0
TACHW,Titan Acquisition Corp.,0002009183,40,7236195.0,,286457271.0,13838202.0
MACIU,Melar Acquisition Corp. I/Cayman,0002016221,40,5539430.0,,175314766.0,10894972.0
TACOW,Berto Acquisition Corp.,0002033122,40,7876314.0,,309391928.0,12439195.0
TACOU,Berto Acquisition Corp.,0002033122,40,7876314.0,,309391928.0,12439195.0
ALDFW,Aldel Financial II Inc.,0002031561,40,9225582.0,,243725291.0,28145.0
ALDFU,Aldel Financial II Inc.,0002031561,40,9225582.0,,243725291.0,28145.0
PLMKU,"Plum Acquisition Corp, IV",0002030482,40,6051821.0,,181681987.0,7363935.0
STOK,"Stoke Therapeutics, Inc.",0001623526,40,-6885000.0,184420000.0,418434000.0,65977000.0
MNR,MACH NATURAL RESOURCES LP,0001980088,40,142984000.0,1175390000.0,3777308000.0,
MGTEW,Marblegate Capital Corp,0001965052,40,-44947000.0,48532000.0,713032000.0,116762000.0
QSEAR,Quartzsea Acquisition Corp,0002047455,40,510959.0,,85336925.0,4053883.0
OYSEU,Oyster Enterprises II Acquisition Corp,0002042182,40,5784370.0,,260284528.0,8972542.0
OYSER,Oyster Enterprises II Acquisition Corp,0002042182,40,5784370.0,,260284528.0,8972542.0
RTACU,Renatus Tactical Acquisition Corp I,0002035173,40,2084244.0,,248611625.0,10423035.0
RTACW,Renatus Tactical Acquisition Corp I,0002035173,40,2084244.0,,248611625.0,10423035.0
HDRNW,"Hadron Energy, Inc.",0002023730,40,3825465.0,0.0,211878016.0,3641177.0
PEB,Pebblebrook Hotel Trust,0001474098,40,-65811000.0,1475544000.0,5348174000.0,2785436000.0
ZBIO,"Zenas BioPharma, Inc.",0001953926,40,-377737000.0,10000000.0,383640000.0,141496000.0
CHARU,Charlton Aria Acquisition Corp,0002024459,40,2982042.0,,89457824.0,1898508.0
CHARR,Charlton Aria Acquisition Corp,0002024459,40,2982042.0,,89457824.0,1898508.0
IMSRW,Terrestrial Energy Inc. /DE/,0002019804,40,-28016641.0,248357.0,302980424.0,7574182.0
LFACU,Leapfrog Acquisition Corp,0002084563,40,205296.0,,145667472.0,5256050.0
CCXIU,Churchill Capital Corp XI,0002074973,40,382098.0,,415909532.0,16120667.0
BCARW,D. Boral ARC Acquisition I Corp.,0002065779,40,4455970.0,,285400102.0,37611.0
BCARU,D. Boral ARC Acquisition I Corp.,0002065779,40,4455970.0,,285400102.0,37611.0
BPACU,Blueport Acquisition Ltd,0002064177,40,-19738.0,,58327817.0,1285257.0
EVOXU,Evolution Global Acquisition Corp,0002077954,40,-4113235.0,,242474554.0,9766686.0
EVOXW,Evolution Global Acquisition Corp,0002077954,40,-4113235.0,,242474554.0,9766686.0
TDWDU,Tailwind 2.0 Acquisition Corp.,0002076616,40,509960.0,,174900520.0,7277581.0
GRDN,"Guardian Pharmacy Services, Inc.",0001802255,40,49219000.0,1448685000.0,412658000.0,194734000.0
RAPP,"Rapport Therapeutics, Inc.",0002012593,40,-111483000.0,,512431000.0,27778000.0
BFLY,"Butterfly Network, Inc.",0001804176,40,-77064000.0,97610000.0,296533000.0,100554000.0
SEPN,"Septerna, Inc.",0001984086,40,-48879000.0,45951000.0,596187000.0,214261000.0
ASTH,"Astrana Health, Inc.",0001083446,40,22487000.0,519907752.0,2218661000.0,1660327000.0
GSHRW,Gesher Acquisition Corp. II,0002044635,40,3473428.0,,149922149.0,5442281.0
GSHRU,Gesher Acquisition Corp. II,0002044635,40,3473428.0,,149922149.0,5442281.0
NHICW,NewHold Investment Corp. III,0002043699,40,4918000.0,,210554000.0,8295000.0
MACIW,Melar Acquisition Corp. I/Cayman,0002016221,40,5539430.0,,175314766.0,10894972.0
ALFUW,Centurion Acquisition Corp.,0002010930,40,11742335.0,,308335011.0,13747985.0
ZYME,Zymeworks Inc.,0001937653,40,-81130000.0,105965000.0,346527000.0,78026000.0
TIC,"TIC Solutions, Inc.",0002032966,40,-87116000.0,1530296000.0,4396309000.0,2216393000.0
TDWDR,Tailwind 2.0 Acquisition Corp.,0002076616,40,509960.0,,174900520.0,7277581.0
EMISR,Emmis Acquisition Corp.,0002075816,40,840557.0,,117320852.0,96707.0
NWAX-WT,New America Acquisition I Corp.,0002074878,40,477607.0,,347460979.0,885155.0
NWAX-UN,New America Acquisition I Corp.,0002074878,40,477607.0,,347460979.0,885155.0
NHICU,NewHold Investment Corp. III,0002043699,40,4918000.0,,210554000.0,8295000.0
ALUB-WT,Alussa Energy Acquisition Corp. II,0002041493,40,-7403644.0,,290243281.0,18716728.0
ALUB-UN,Alussa Energy Acquisition Corp. II,0002041493,40,-7403644.0,,290243281.0,18716728.0
KPHMW,KIORA PHARMACEUTICALS INC,0001372514,40,-10835154.0,0.0,24253300.0,8126764.0
CHTRP,"CHARTER COMMUNICATIONS, INC. /MO/",0001091667,40,4987000000.0,54774000000.0,154213000000.0,
TSHA,"Taysha Gene Therapies, Inc.",0001806310,40,-108995000.0,9773000.0,343320000.0,96382000.0
DMRA,"Damora Therapeutics, Inc.",0001800315,40,-209839000.0,,260527000.0,20147000.0
GIWWR,GigCapital8 Corp.,0002080019,40,1831322.0,0.0,256905556.0,286022.0
AXINU,Axiom Intelligence Acquisition Corp 1,0002057030,40,3649620.0,,205155188.0,8104774.0
INACU,Indigo Acquisition Corp.,0002063816,40,1822212.0,,118083962.0,4109042.0
INACR,Indigo Acquisition Corp.,0002063816,40,1822212.0,,118083962.0,4109042.0
BPACR,Blueport Acquisition Ltd,0002064177,40,-19738.0,,58327817.0,1285257.0
WTGUU,Wintergreen Acquisition Corp.,0002053927,40,988403.0,,58753226.0,115845.0
PDFS,PDF SOLUTIONS INC,0001120914,40,-640000.0,22367000.0,418697000.0,147675000.0
SMA,"SmartStop Self Storage REIT, Inc.",0001585389,40,-8758000.0,32893573.0,2432172000.0,1152249000.0
IGACR,Invest Green Acquisition Corp,0002075068,40,-351286.0,,173640297.0,7377380.0
IGACU,Invest Green Acquisition Corp,0002075068,40,-351286.0,,173640297.0,7377380.0
YCY-WT,AA Mission Acquisition Corp. II,0002075336,40,585266.0,,117222948.0,3231746.0
YCY-UN,AA Mission Acquisition Corp. II,0002075336,40,585266.0,,117222948.0,3231746.0
BCSS-UN,Bain Capital GSS Investment Corp.,0002064355,40,4259585.0,,465840596.0,16391711.0
BCSS-WT,Bain Capital GSS Investment Corp.,0002064355,40,4259585.0,,465840596.0,16391711.0
LWACW,LightWave Acquisition Corp.,0002061379,40,3633569.0,,221031393.0,7700220.0
LWACU,LightWave Acquisition Corp.,0002061379,40,3633569.0,,221031393.0,7700220.0
WTGUR,Wintergreen Acquisition Corp.,0002053927,40,988403.0,,58753226.0,115845.0
PAYO,Payoneer Global Inc.,0001845815,40,73192000.0,1052774000.0,8956589000.0,8252162000.0
DEI,Douglas Emmett Inc,0001364250,40,16267000.0,1003982000.0,9288181000.0,5813250000.0
VIA,"Via Transportation, Inc.",0001603015,40,-96361000.0,434337000.0,733095000.0,105359000.0
DBD,"DIEBOLD NIXDORF, Inc",0000028823,40,94600000.0,3805700000.0,3854400000.0,2749600000.0
RAC-WT,Rithm Acquisition Corp.,0002047497,40,5451008.0,,236870253.0,8101261.0
RAC-UN,Rithm Acquisition Corp.,0002047497,40,5451008.0,,236870253.0,8101261.0
TWLVU,Twelve Seas Investment Co III/Cayman,0002052243,40,37028.0,,173639696.0,7073390.0
TWLVR,Twelve Seas Investment Co III/Cayman,0002052243,40,37028.0,,173639696.0,7073390.0
CRAQU,Cal Redwood Acquisition Corp.,0002058359,40,5054949.0,,236871137.0,9379542.0
CRAQR,Cal Redwood Acquisition Corp.,0002058359,40,5054949.0,,236871137.0,9379542.0
AXINR,Axiom Intelligence Acquisition Corp 1,0002057030,40,3649620.0,,205155188.0,8104774.0
ZEOWW,Zeo Energy Corp.,0001865506,40,-14008754.0,69349938.0,56928444.0,9451443.0
CDNA,"CareDx, Inc.",0001217234,40,-21354000.0,12503000.0,413228000.0,110127000.0
COTY,COTY INC.,0001024305,40,-604800000.0,5806600000.0,10200400000.0,6821300000.0
MPT,MEDICAL PROPERTIES TRUST INC,0001287865,40,-277049000.0,972022000.0,15001775000.0,10394526000.0
OCUL,"OCULAR THERAPEUTIX, INC",0001393434,40,-265939000.0,504000.0,808057000.0,153747000.0
PSNL,"Personalis, Inc.",0001527753,40,-81270000.0,69648000.0,334164000.0,72979000.0
PRLB,Proto Labs Inc,0001443669,40,21241000.0,,763415000.0,89483000.0
VHCPU,Vine Hill Capital Investment Corp. II,0002086264,40,,,233333000.0,8471000.0
VHCPW,Vine Hill Capital Investment Corp. II,0002086264,40,,,233333000.0,8471000.0
IE,Ivanhoe Electric Inc.,0001879016,40,-105874000.0,3244000.0,483273000.0,59705000.0
PRGS,PROGRESS SOFTWARE CORP /MA,0000876167,40,73133000.0,397572000.0,2457658000.0,
TSLX,"Sixth Street Specialty Lending, Inc.",0001508655,40,170517000.0,,3421655000.0,1813934000.0
SEII,SHARING ECONOMY INTERNATIONAL INC.,0000819926,40,-24388.0,237756.0,18320261.0,4260812.0
GIPL,Global Innovative Platforms Inc.,0001837774,40,-718251.0,0.0,199275.0,11609.0
COSG,Cosmos Group Holdings Inc.,0001706509,40,4692389.0,6408.0,43344.0,41272390.0
DLTI,DLT Resolution Inc.,0001420368,40,1206581.0,142738.0,211386.0,263135.0
BLFS,BIOLIFE SOLUTIONS INC,0000834365,40,-4595000.0,,405884000.0,33996000.0
VVX,"V2X, Inc.",0001601548,40,77882000.0,4480038000.0,3280840000.0,2196204000.0
FOUR-PA,"Shift4 Payments, Inc.",0001794669,40,119000000.0,4180000000.0,8713000000.0,6756000000.0
ZPTAW,"Zapata Quantum, Inc.",0001843714,40,9336000.0,3876000.0,2272000.0,10539000.0
VERA,"Vera Therapeutics, Inc.",0001831828,40,-299615000.0,,734733000.0,130212000.0
HYMC,HYCROFT MINING HOLDING CORP,0001718405,40,-40664000.0,0.0,263027000.0,49332000.0
CCXIW,Churchill Capital Corp XI,0002074973,40,382098.0,,415909532.0,16120667.0
ORIQU,Origin Investment Corp I,0002044523,40,683099.0,,72311172.0,174872.0
ORIQW,Origin Investment Corp I,0002044523,40,683099.0,,72311172.0,174872.0
LMMY,"Exousia Bio, Inc.",0001939937,40,51395.0,3750.0,0.0,0.0
NWL,NEWELL BRANDS INC.,0000814453,40,-285000000.0,14742200000.0,10715000000.0,8324000000.0
BCRX,BIOCRYST PHARMACEUTICALS INC,0000882796,40,263861000.0,25186000.0,514158000.0,633311000.0
ATRC,"AtriCure, Inc.",0001323885,40,-11448000.0,52893000.0,654179000.0,162244000.0
TDACW,Translational Development Acquisition Corp.,0001926599,40,6362427.0,,181696776.0,6581573.0
TDACU,Translational Development Acquisition Corp.,0001926599,40,6362427.0,,181696776.0,6581573.0
SVCCW,Stellar V Capital Corp. (Cayman Islands),0002033593,40,5306976.0,,157175901.0,5374120.0
TICAW,"TIC Solutions, Inc.",0002032966,40,-87116000.0,1530296000.0,4396309000.0,2216393000.0
AAT,"American Assets Trust, Inc.",0001500217,40,3148000.0,110086000.0,2921276000.0,1830071000.0
MGHL,MORGAN GROUP HOLDING CO,0001162283,40,-949191.0,2011422.0,3417716.0,1330662.0
ADMG,ADAMANT DRI PROCESSING & MINERALS GROUP,0001171008,40,-60899.0,1756021.0,536815.0,91115.0
FRQN,"Frequency Holdings, Inc",0001624517,40,4395134.0,4811040.0,539558.0,15896599.0
OXBRW,OXBRIDGE RE HOLDINGS Ltd,0001584831,40,-2079000.0,2577000.0,8053000.0,1560000.0
GXXM,"GEX MANAGEMENT, INC.",0001681556,40,400287.0,385872.0,499160.0,4688364.0
SHGI,"Sparx Holdings Group, Inc.",0001874138,40,-47685.0,,100219.0,600.0
KACLF,Kairous Acquisition Corp. Ltd,0001865468,40,107203.0,,16225295.0,5939024.0
GGRP,"Glimpse Group, Inc.",0001854445,40,-2552651.0,1395000.0,19279066.0,2343176.0
WVVIP,WILLAMETTE VALLEY VINEYARDS INC,0000838875,40,-917685.0,37197122.0,107735599.0,41547424.0
COUR,"Coursera, Inc.",0001651562,40,-51000000.0,757500000.0,1000000000.0,364300000.0
HUN,Huntsman CORP,0001307954,40,-284000000.0,5683000000.0,7015000000.0,4058000000.0
WEN,Wendy's Co,0000030697,40,165075000.0,2176891000.0,4956561000.0,4839178000.0
CJAX,CoJax Oil & Gas Corp,0001763925,40,-1109209.0,963621.0,9583036.0,1729299.0
LUCY,Innovative Eyewear Inc,0001808377,40,-7591189.0,2661669.0,10139933.0,1073794.0
VISL,"Vislink Technologies, Inc.",0001565228,40,-20501000.0,38294000.0,26178000.0,8971000.0
RSCF,"REFLECT SCIENTIFIC, INC.",0001103090,40,-459028.0,1080154.0,2668903.0,776329.0
EBZT,"Everything Blockchain, Inc.",0001730869,40,-7851000.0,267000.0,22200000.0,3594000.0
NTLA,"Intellia Therapeutics, Inc.",0001652130,40,-412694000.0,67671000.0,842127000.0,170733000.0
TH,Target Hospitality Corp.,0001712189,40,-37121000.0,320635000.0,530205000.0,141145000.0
CCAQW,COLLECTIVE ACQUISITION CORP.,0002041047,40,3349485.0,,148297791.0,5847477.0
CCAQU,COLLECTIVE ACQUISITION CORP.,0002041047,40,3349485.0,,148297791.0,5847477.0
AACBU,Artius II Acquisition Inc.,0002034334,40,136237.0,,228283251.0,13994548.0
AACBR,Artius II Acquisition Inc.,0002034334,40,136237.0,,228283251.0,13994548.0
TVACU,Texas Ventures Acquisition III Corp,0002033991,40,5926421.0,,233452498.0,9233852.0
ITXP,"Independence Power Holdings, Inc.",0002025878,40,-2758042.0,97207466.0,92809870.0,19355914.0
FERAU,Fifth Era Acquisition Corp I,0002025401,40,4130222.0,,238584003.0,14063559.0
FERAR,Fifth Era Acquisition Corp I,0002025401,40,4130222.0,,238584003.0,14063559.0
BDCIU,BTC Development Corp.,0002042292,40,1871283.0,,257284312.0,10876958.0
BDCIW,BTC Development Corp.,0002042292,40,1871283.0,,257284312.0,10876958.0
METCB,"Ramaco Resources, Inc.",0001687187,40,-51446000.0,,1140569000.0,657003000.0
METCI,"Ramaco Resources, Inc.",0001687187,40,-51446000.0,,1140569000.0,657003000.0
METCZ,"Ramaco Resources, Inc.",0001687187,40,-51446000.0,,1140569000.0,657003000.0
EURKU,Eureka Acquisition Corp,0002000410,40,1370753.0,,31437630.0,724581.0
TRVI,"Trevi Therapeutics, Inc.",0001563880,40,-42759000.0,,193439000.0,10195000.0
LASR,"NLIGHT, INC.",0001124796,40,-23467000.0,46162000.0,315210000.0,88461000.0
ACN,Accenture plc,0001467373,40,1413963000.0,17596260000.0,65394897000.0,
GD,GENERAL DYNAMICS CORP,0000040533,40,4210000000.0,52550000000.0,57249000000.0,
BIOE,Bio Essence Corp,0001723059,40,896197.0,1897566.0,422474.0,2495367.0
ANEB,"Anebulo Pharmaceuticals, Inc.",0001815974,40,-8484763.0,,12145616.0,487688.0
SIMAW,SIM Acquisition Corp. I,0002014982,40,8789649.0,,245388730.0,11254592.0
HTO,H2O AMERICA,0000766829,40,102578000.0,800590000.0,5149566000.0,
PRVA,"Privia Health Group, Inc.",0001759655,40,22919000.0,,1369378000.0,578435000.0
OUST,"Ouster, Inc.",0001816581,40,-60377000.0,169384000.0,349516000.0,87778000.0
SRG,Seritage Growth Properties,0001628063,40,-154911000.0,18204000.0,393779000.0,60979000.0
LIVG,"Livento Group, Inc.",0001593549,40,-12319516.0,2000000.0,48099032.0,3848380.0
FSHPU,Flag Ship Acquisition Corp,0001850059,40,1828909.0,,33105112.0,3188875.0
HCIL,"Hongchang International Co., Ltd",0001086303,40,-378794.0,2867102.0,57451227.0,18677757.0
SCYYF,SCANDIUM INTERNATIONAL MINING CORP.,0001408146,40,47204.0,,1777257.0,349259.0
TRLC,TriLinc Global Impact Fund LLC,0001550453,40,-8493938.0,,282803356.0,10157284.0
OMCC,OLD MARKET CAPITAL Corp,0001000045,40,-5149000.0,44336000.0,77672000.0,10652000.0
MQ,"Marqeta, Inc.",0001522540,40,-13925000.0,624884000.0,1525033000.0,763076000.0
ASST,"Strive, Inc.",0001920406,40,-393598000.0,633489.0,745527000.0,14289000.0
AIN,ALBANY INTERNATIONAL CORP /DE/,0000819793,40,-57342000.0,257700000.0,1718709000.0,986607000.0
SVV,"Savers Value Village, Inc.",0001883313,40,22639000.0,1678954000.0,2010887000.0,1575308000.0
TVACW,Texas Ventures Acquisition III Corp,0002033991,40,5926421.0,,233452498.0,9233852.0
HOLOW,MicroCloud Hologram Inc.,0001841209,40,-20279224.0,72512835.0,40903832.0,12356837.0
VRDN,"Viridian Therapeutics, Inc.\DE",0001590750,40,-342601000.0,5706000.0,899418000.0,177251000.0
ATAI,AtaiBeckley Inc.,0002081043,40,-660047000.0,4089000.0,292723000.0,70722000.0
ABM,ABM INDUSTRIES INC /DE/,0000771497,40,162400000.0,8745900000.0,5269500000.0,3483800000.0
NRIX,"Nurix Therapeutics, Inc.",0001549595,40,-264457000.0,76987000.0,688135000.0,149388000.0
TYRA,"Tyra Biosciences, Inc.",0001863127,40,-119947000.0,,282609000.0,23432000.0
MLKN,"MILLERKNOLL, INC.",0000066382,40,91500000.0,3841700000.0,4000500000.0,2594600000.0
BCAX,Bicara Therapeutics Inc.,0002023658,40,-137950000.0,,430994000.0,29542000.0
ISSC,INNOVATIVE SOLUTIONS & SUPPORT INC,0000836690,40,15627660.0,,103360153.0,38757611.0
AACB,Artius II Acquisition Inc.,0002034334,40,136237.0,,228283251.0,13994548.0
UROY,Uranium Royalty Corp.,0002143673,40,40249000.0,,373320000.0,60550000.0
TRIN,Trinity Capital Inc.,0001786108,40,135604000.0,,2484519000.0,1390520000.0
DSGR,"Distribution Solutions Group, Inc.",0000703604,40,8345000.0,1980023000.0,1748621000.0,1099274000.0
COF,CAPITAL ONE FINANCIAL CORP,0000927628,40,2453000000.0,53434000000.0,669009000000.0,555393000000.0
EURKR,Eureka Acquisition Corp,0002000410,40,1370753.0,,31437630.0,724581.0
SIMAU,SIM Acquisition Corp. I,0002014982,40,8789649.0,,245388730.0,11254592.0
ALNT,ALLIENT INC,0000046129,40,22034000.0,554478000.0,577595000.0,276140000.0
CNXC,Concentrix Corp,0001803599,40,-1278924000.0,9825771000.0,10761086000.0,8016741000.0
ABSI,Absci Corp,0001672688,40,-115183000.0,4534000.0,216297000.0,26848000.0
HVT-A,HAVERTY FURNITURE COMPANIES INC,0000216085,40,19730000.0,758995000.0,649052000.0,341123000.0
HOVVB,HOVNANIAN ENTERPRISES INC,0000357294,40,46178000.0,2978581000.0,2633913000.0,1802978000.0
GTN-A,"GRAY MEDIA, INC",0000043196,40,-85000000.0,3095000000.0,10440000000.0,7635000000.0
HCACU,Hall Chadwick Acquisition Corp,0002079013,40,652923.0,,208559328.0,8339550.0
ARTNB,ARTESIAN RESOURCES CORP,0000863110,40,22822000.0,112941000.0,851229000.0,
AIRJ,AirJoule Technologies Corp.,0001855474,40,-9040198.0,,340642232.0,72704371.0
ALF,Centurion Acquisition Corp.,0002010930,40,11742335.0,,308335011.0,13747985.0
FBRX,"Forte Biosciences, Inc.",0001419041,40,-69375000.0,36000.0,82779000.0,21788000.0
MAZE,"Maze Therapeutics, Inc.",0001842295,40,-131120000.0,167500000.0,397127000.0,42161000.0
SVCCU,Stellar V Capital Corp. (Cayman Islands),0002033593,40,5306976.0,,157175901.0,5374120.0
BSTT,"Blackstone Real Estate Income Trust, Inc.",0001662972,40,-3284153000.0,7962272000.0,98603508000.0,71934744000.0
ACONW,"Aclarion, Inc.",0001635077,40,-7233629.0,75730.0,13672404.0,837287.0
SKYAW,"SkyAI, Inc.",0001737995,40,-282502126.0,204120.0,269075173.0,4695027.0
TRNZ,Trinity Capital Inc.,0001786108,40,135604000.0,,2484519000.0,1390520000.0
TRNI,Trinity Capital Inc.,0001786108,40,135604000.0,,2484519000.0,1390520000.0
LIANY,LianBio,0001831283,40,-110290000.0,,319960000.0,26313000.0
RUMBW,RUM Group Inc.,0001830081,40,-81830362.0,100622320.0,336846798.0,62004606.0
ICUCW,SeaStar Medical Holding Corp,0001831868,40,-12150000.0,1234000.0,14158000.0,3742000.0
FRBP,Franklin BSP Capital Corp,0001825248,40,104318000.0,,4247887000.0,2330383000.0
JXN-PA,Jackson Financial Inc.,0001822993,40,27000000.0,6683000000.0,352586000000.0,342244000000.0
DCO,DUCOMMUN INC /DE/,0000030305,40,-33938000.0,824730000.0,1186225000.0,524115000.0
KWR,QUAKER CHEMICAL CORP,0000081362,40,-2488000.0,1888634000.0,2797936000.0,1421437000.0
DNOW,DNOW Inc.,0001599617,40,-89000000.0,669000000.0,3924000000.0,1686000000.0
ENR,"ENERGIZER HOLDINGS, INC.",0001632790,40,239000000.0,2952700000.0,4556700000.0,4386800000.0
BBAI,"BigBear.ai Holdings, Inc.",0001836981,40,-293914000.0,127672000.0,894547000.0,282677000.0
FCEL,FUELCELL ENERGY INC,0000886128,40,-187899000.0,17884000.0,932146000.0,201005000.0
ATLC,Atlanticus Holdings Corp,0001464343,40,122204000.0,1968399000.0,7623088000.0,6979258000.0
KMTS,"KESTRA MEDICAL TECHNOLOGIES, LTD.",0001877184,40,-131612000.0,95126000.0,358465000.0,98807000.0
ARDT,"Ardent Health, Inc.",0001756655,40,135811000.0,6324339000.0,5290208000.0,3605244000.0
ORIC,"Oric Pharmaceuticals, Inc.",0001796280,40,-129468000.0,,408890000.0,24528000.0
AMPX,"Amprius Technologies, Inc.",0001899287,40,-44024000.0,73011000.0,156891000.0,53076000.0
BXBL,BOXABL Inc.,0001906364,40,1427086.0,,82721335.0,194918.0
ESRT,"Empire State Realty Trust, Inc.",0001541401,40,-210000.0,768270000.0,4468961000.0,2646769000.0
WELPP,WISCONSIN ELECTRIC POWER CO,0000107815,40,359500000.0,4493600000.0,19696400000.0,
WBHC,WILSON BANK HOLDING CO,0000885275,40,22321000.0,357457000.0,5878956000.0,5297271000.0
OGCP,"Empire State Realty OP, L.P.",0001553079,40,-340000.0,768270000.0,4468961000.0,2646769000.0
FISK,"Empire State Realty OP, L.P.",0001553079,40,-340000.0,768270000.0,4468961000.0,2646769000.0
BH,Biglari Holdings Inc.,0001726173,40,-37488000.0,99646000.0,1025383000.0,501954000.0
LBRX,LB PHARMACEUTICALS INC,0001691082,40,-25205000.0,,312934000.0,11624000.0
NOG,"NORTHERN OIL & GAS, INC.",0001104485,40,38761000.0,2475723000.0,5409375000.0,3283034000.0
BCC,BOISE CASCADE Co,0001328581,40,132836000.0,1101700000.0,3241943000.0,
BKKT-WT,"Bakkt, Inc.",0001820302,40,-107212000.0,2335243000.0,162788000.0,50006000.0
OPENZ,Opendoor Technologies Inc.,0001801169,40,-1300000000.0,4371000000.0,2407000000.0,1402000000.0
OPENL,Opendoor Technologies Inc.,0001801169,40,-1300000000.0,4371000000.0,2407000000.0,1402000000.0
OPENW,Opendoor Technologies Inc.,0001801169,40,-1300000000.0,4371000000.0,2407000000.0,1402000000.0
KFIIR,K&F GROWTH ACQUISITION CORP. II,0002029976,40,10196396.0,,300603350.0,10145764.0
IPEXR,Inflection Point Acquisition Corp. V,0002028355,40,396872.0,,89528052.0,6218470.0
IPEXU,Inflection Point Acquisition Corp. V,0002028355,40,396872.0,,89528052.0,6218470.0
XAEIU,AEI INCOME & GROWTH FUND XXII LTD PARTNERSHIP,0001023458,40,241738.0,417382.0,5180225.0,
SLS,"SELLAS Life Sciences Group, Inc.",0001390478,40,-26863000.0,0.0,78345000.0,7474000.0
ALMS,ALUMIS INC.,0001847367,40,-243325000.0,24050000.0,411940000.0,110643000.0
INFQ,"Infleqtion, Inc.",0002007825,40,-66931068.0,,424866229.0,78795575.0
KD,"Kyndryl Holdings, Inc.",0001867072,40,198000000.0,15092000000.0,12551000000.0,11259000000.0
BEAGR,Bold Eagle Acquisition Corp.,0001852207,40,9764567.0,,270595239.0,9761683.0
BEAGU,Bold Eagle Acquisition Corp.,0001852207,40,9764567.0,,270595239.0,9761683.0
CUBWU,Lionheart Holdings,0002015955,40,8952273.0,,246463147.0,10109093.0
PEB-PE,Pebblebrook Hotel Trust,0001474098,40,-65811000.0,1475544000.0,5348174000.0,2785436000.0
PEB-PF,Pebblebrook Hotel Trust,0001474098,40,-65811000.0,1475544000.0,5348174000.0,2785436000.0
TROLB,TOOTSIE ROLL INDUSTRIES INC,0000098677,40,100052000.0,732524000.0,1253982000.0,
OMDA,"Omada Health, Inc.",0001611115,40,-12778000.0,260210000.0,305406000.0,75726000.0
AESI,Atlas Energy Solutions Inc.,0001984060,40,-50304000.0,1095310000.0,2228428000.0,1019504000.0
MSAIW,"MultiSensor AI Holdings, Inc.",0001863990,40,-11713000.0,5551000.0,35474000.0,3442000.0
AMBA,AMBARELLA INC,0001280263,40,-75865000.0,295402000.0,798600000.0,203811000.0
AVBP,"ArriVent BioPharma, Inc.",0001868279,40,-166308000.0,,333169000.0,25945000.0
WLTH,WEALTHFRONT CORP,0001524566,40,-42066000.0,364993000.0,1415729000.0,801040000.0
SLG-PI,SL GREEN REALTY CORP,0001040971,40,-96910000.0,1003046000.0,11082607000.0,6729517000.0
ATROB,ASTRONICS CORP,0000008063,40,29615000.0,240067000.0,706678000.0,566604000.0
FRNM,"Freenome, Inc.",0002017526,40,837468.0,,92779988.0,5704244.0
CUBWW,Lionheart Holdings,0002015955,40,8952273.0,,246463147.0,10109093.0
VLOSU,Velos Acquisition I Corp.,0002016072,40,5778750.0,,308181330.0,20696309.0
VLOSW,Velos Acquisition I Corp.,0002016072,40,5778750.0,,308181330.0,20696309.0
SDHIR,Siddhi Acquisition Corp (Cayman Islands),0002034037,40,-223387.0,,286743485.0,16683674.0
SDHIU,Siddhi Acquisition Corp (Cayman Islands),0002034037,40,-223387.0,,286743485.0,16683674.0
SZZLR,Sizzle Acquisition Corp. II,0002030663,40,6469756.0,,237962086.0,11088927.0
AVAH,"Aveanna Healthcare Holdings, Inc.",0001832332,40,225034000.0,2433199000.0,2012379000.0,1817188000.0
FG,"F&G Annuities & Life, Inc.",0001934850,40,265000000.0,5731000000.0,98430000000.0,93513000000.0
AISPW,"Airship AI Holdings, Inc.",0001842566,40,29321363.0,15321349.0,19475330.0,26624972.0
SPKLW,Spark I Acquisition Corp,0001884046,40,293600.0,,25357804.0,7347552.0
SPKLU,Spark I Acquisition Corp,0001884046,40,293600.0,,25357804.0,7347552.0
FGN,"F&G Annuities & Life, Inc.",0001934850,40,265000000.0,5731000000.0,98430000000.0,93513000000.0
FGSN,"F&G Annuities & Life, Inc.",0001934850,40,265000000.0,5731000000.0,98430000000.0,93513000000.0
YUM,YUM BRANDS INC,0001041061,40,1559000000.0,8214000000.0,8197000000.0,15521000000.0
GLIBB,Liberty Capital Corp/NV,0002057463,40,-309000000.0,1046000000.0,3234000000.0,1528000000.0
DMLP,"DORCHESTER MINERALS, L.P.",0001172358,40,57352000.0,,309554000.0,4315000.0
BJRI,BJs RESTAURANTS INC,0001013488,40,48808000.0,1399126000.0,1015455000.0,649262000.0
ANRO,"Alto Neuroscience, Inc.",0001999480,40,-63238000.0,,184689000.0,33547000.0
SZZLU,Sizzle Acquisition Corp. II,0002030663,40,6469756.0,,237962086.0,11088927.0
PGACR,PANTAGES CAPITAL ACQUISITION Corp,0002030829,40,2547952.0,,90359632.0,1654422.0
PGACU,PANTAGES CAPITAL ACQUISITION Corp,0002030829,40,2547952.0,,90359632.0,1654422.0
KFIIU,K&F GROWTH ACQUISITION CORP. II,0002029976,40,10196396.0,,300603350.0,10145764.0
TONT-WT,Graf Global Corp.,0001897463,40,8019450.0,,245725603.0,11084276.0
TONT-UN,Graf Global Corp.,0001897463,40,8019450.0,,245725603.0,11084276.0
ABPWW,"Abpro Holdings, Inc.",0001893219,40,2821459.0,183000.0,1063000.0,19607000.0
ATKR,Atkore Inc.,0001666138,40,-15175000.0,2850378000.0,2851922000.0,1453581000.0
WING,Wingstop Inc.,0001636222,40,174267000.0,696853000.0,693409000.0,1430171000.0
AEHR,AEHR TEST SYSTEMS,0001040470,40,-7126000.0,50001000.0,246694000.0,27183000.0
VRT,Vertiv Holdings Co,0001674101,40,1332800000.0,0.0,12212400000.0,8271100000.0
NWS,NEWS CORP,0001564708,40,573000000.0,9028000000.0,15544000000.0,
BDX,BECTON DICKINSON & CO,0000010795,40,1678000000.0,21840000000.0,55325000000.0,
NAMS,NewAmsterdam Pharma Co N.V.,0001936258,40,-203819000.0,22503000.0,769284000.0,85853000.0
IRON,"Disc Medicine, Inc.",0001816736,40,-212184000.0,,806879000.0,67053000.0
CWT,CALIFORNIA WATER SERVICE GROUP,0001035201,40,128211000.0,963695000.0,5671165000.0,
NTRBW,NutriBand Inc.,0001676047,40,-8229632.0,2036651.0,7547935.0,868447.0
BWET,Amplify Commodity Trust,0001610940,40,-17498770.0,,68576852.0,1430593.0
TARS,"Tarsus Pharmaceuticals, Inc.",0001819790,40,-66418000.0,451360000.0,562158000.0,218732000.0
CLDX,"Celldex Therapeutics, Inc.",0000744218,40,-258757000.0,1764000.0,582983000.0,55818000.0
TR,TOOTSIE ROLL INDUSTRIES INC,0000098677,40,100052000.0,732524000.0,1253982000.0,
HOVRW,New Horizon Aircraft Ltd.,0001930021,40,8614602.0,,122083192.0,7086158.0
GRMLW,Greenland Mines Ltd,0001907223,40,-10551674.0,,9593240.0,129764.0
GAINI,GLADSTONE INVESTMENT CORPORATION\DE,0001321741,40,184753000.0,,1322845000.0,654620000.0
GAINZ,GLADSTONE INVESTMENT CORPORATION\DE,0001321741,40,184753000.0,,1322845000.0,654620000.0
GPATU,GP-Act III Acquisition Corp.,0001834526,40,11891655.0,,309368322.0,14672112.0
IMNM,Immunome Inc.,0001472012,40,-212394000.0,6941000.0,683188000.0,48845000.0
MBX,"MBX Biosciences, Inc.",0001776111,40,-86971000.0,,385144000.0,15921000.0
SHAK,Shake Shack Inc.,0001620533,40,45725000.0,1445306000.0,1896209000.0,1342460000.0
PPTA,PERPETUA RESOURCES CORP.,0001526243,40,-100392000.0,,877644000.0,16343000.0
JBIO,"Jade Biosciences, Inc.",0001798749,40,-127410000.0,,349781000.0,17263000.0
ESBA,"Empire State Realty OP, L.P.",0001553079,40,-340000.0,768270000.0,4468961000.0,2646769000.0
AMBQ,"Ambiq Micro, Inc.",0001500412,40,-36461000.0,72514000.0,184680000.0,22221000.0
SOUN,"SOUNDHOUND AI, INC.",0001840856,40,-14006000.0,,688173000.0,224387000.0
IBKR,"Interactive Brokers Group, Inc.",0001381197,40,44533000.0,2580000000.0,203240000000.0,182768000000.0
BIVIW,BIOVIE INC.,0001580149,40,-22072863.0,,14250462.0,3980192.0
IVDAW,"Iveda Solutions, Inc.",0001397183,40,-3198112.0,4468279.0,6427790.0,1442358.0
ATRO,ASTRONICS CORP,0000008063,40,29615000.0,240067000.0,706678000.0,566604000.0
WRBY,Warby Parker Inc.,0001504776,40,1641000.0,871905000.0,720919000.0,353189000.0
GBDC,"GOLUB CAPITAL BDC, Inc.",0001476765,40,376646000.0,,8978299000.0,4995732000.0
RCAT,"Red Cat Holdings, Inc.",0000748268,40,-72075000.0,17836382.0,273677000.0,27845000.0
MET-PE,METLIFE INC,0001099219,40,3379000000.0,77084000000.0,745166000000.0,716245000000.0
MET-PA,METLIFE INC,0001099219,40,3379000000.0,77084000000.0,745166000000.0,716245000000.0
CGEM,"Cullinan Therapeutics, Inc.",0001789972,40,-219879000.0,0.0,448374000.0,39644000.0
WD,"Walker & Dunlop, Inc.",0001497770,40,56247000.0,1234306000.0,5059478000.0,3313616000.0
DNABW,"Ginkgo Bioworks Holdings, Inc.",0001830214,40,-312763000.0,170155000.0,1119696000.0,611106000.0
NPWR-WT,Net Power Inc.,0001845437,40,-578628000.0,0.0,599701000.0,64496000.0
BBAI-WT,"BigBear.ai Holdings, Inc.",0001836981,40,-293914000.0,127672000.0,894547000.0,282677000.0
OSRHW,"OSR Health, Inc.",0001840425,40,-2410879.0,2905805.0,171238248.0,44200845.0
REVBW,"REVELATION BIOSCIENCES, INC.",0001810560,40,-8913649.0,,11582924.0,2721929.0
OPEN,Opendoor Technologies Inc.,0001801169,40,-1300000000.0,4371000000.0,2407000000.0,1402000000.0
NVTS,Navitas Semiconductor Corp,0001821769,40,-84599000.0,45916000.0,500469000.0,56808000.0
HTGC,"Hercules Capital, Inc.",0001280784,40,339737000.0,,4584026000.0,2367973000.0
SWKHL,SWK Holdings Corp,0001089907,40,-2533000.0,41457000.0,272422000.0,37324000.0
GAING,GLADSTONE INVESTMENT CORPORATION\DE,0001321741,40,184753000.0,,1322845000.0,654620000.0
NCRRP,NCR Voyix Corp,0000070866,40,62000000.0,7156000000.0,3921000000.0,2766000000.0
GOLD,"Gold.com, Inc.",0001591588,40,17320000.0,10978614000.0,2215431000.0,1512760000.0
TBN,Tamboran Resources Corp,0001997652,40,-36901412.0,0.0,446462122.0,57010352.0
CPK,CHESAPEAKE UTILITIES CORP,0000019745,40,140300000.0,930000000.0,3994800000.0,
AAMI,Acadian Asset Management Inc.,0001748824,40,80000000.0,426600000.0,677000000.0,593000000.0
SVIX,VS Trust,0001793497,40,-623535934.0,,551040983.0,7718583.0
GPATW,GP-Act III Acquisition Corp.,0001834526,40,11891655.0,,309368322.0,14672112.0
AFJKR,"Aimei Health Technology Co., Ltd.",0001979005,40,1059768.0,,12103039.0,4061660.0
ASPCR,ASPAC III Acquisition Corp.,0001890361,40,1343931.0,,3935652.0,535955.0
ASPCU,ASPAC III Acquisition Corp.,0001890361,40,1343931.0,,3935652.0,535955.0
AMPX-WT,"Amprius Technologies, Inc.",0001899287,40,-44024000.0,73011000.0,156891000.0,53076000.0
TVAIU,Thayer Ventures Acquisition Corp II,0001872228,40,3883792.0,,206817707.0,8644400.0
TVAIR,Thayer Ventures Acquisition Corp II,0001872228,40,3883792.0,,206817707.0,8644400.0
SAIHW,SAIHEAT Ltd,0001847075,40,-1923605.0,,44993986.0,3160243.0
NATL,NCR Atleos Corp,0001974138,40,83000000.0,1152000000.0,5668000000.0,5266000000.0
CWK,Cushman & Wakefield Ltd.,0001628369,40,88200000.0,10288200000.0,7676600000.0,5720800000.0
HCACR,Hall Chadwick Acquisition Corp,0002079013,40,652923.0,,208559328.0,8339550.0
BLUWW,Blue Water Acquisition Corp. III,0002050501,40,4667721.0,,258910967.0,9045149.0
OPCH,"Option Care Health, Inc.",0001014739,40,207585000.0,4998202000.0,3455769000.0,2129376000.0
HNI,HNI CORP,0000048287,40,54200000.0,2839000000.0,4885000000.0,3049500000.0
BRZE,"Braze, Inc.",0001676238,40,-131287000.0,738182000.0,1113757000.0,489601000.0
MSDL,Morgan Stanley Direct Lending Fund,0001782524,40,122094000.0,,3920096000.0,2172007000.0
USO,"United States Oil Fund, LP",0001327068,40,-55462540.0,-53339285.0,889618360.0,3541948.0
ARHS,"Arhaus, Inc.",0001875444,40,67256000.0,1379222000.0,1394746000.0,976518000.0
AORT,"ARTIVION, INC.",0000784199,40,9768000.0,298836000.0,884796000.0,436564000.0
MLTX,MoonLake Immunotherapeutics,0001821586,40,-227318000.0,,424433000.0,119952000.0
UCTT,"Ultra Clean Holdings, Inc.",0001275014,40,-181200000.0,1734500000.0,1729000000.0,944900000.0
ENGNW,enGene Therapeutics Inc.,0001980845,40,-117302000.0,,221468000.0,53758000.0
DEFI,Hashdex Commodities Trust,0001985840,40,-474450.0,,11900343.0,2566.0
AFJKU,"Aimei Health Technology Co., Ltd.",0001979005,40,1059768.0,,12103039.0,4061660.0
HGV,Hilton Grand Vacations Inc.,0001674168,40,81000000.0,5047000000.0,11537000000.0,10097000000.0
PLSE,"PULSE BIOSCIENCES, INC.",0001625101,40,-72781000.0,350000.0,94539000.0,13883000.0
WINA,WINMARK CORP,0000908315,40,41654100.0,86055700.0,24884100.0,
CRI,CARTERS INC,0001060822,40,91796000.0,2898426000.0,2565470000.0,1640422000.0
VAVX,VanEck Avalanche ETF,0002060717,40,17563.0,,2517563.0,0.0
GDOG,Grayscale Dogecoin Trust ETF,0002055510,40,-2013000.0,,3915000.0,0.0
XRP,Bitwise XRP ETF,0002039525,40,-25937000.0,,241394000.0,25000.0
EZPZ,Franklin Crypto Trust,0002033807,40,-1541611.0,,10216868.0,1477.0
NCIQ,Hashdex Nasdaq CME Crypto Index ETF,0002031069,40,-1981681.0,,121314100.0,26623.0
GTAO,Grayscale Bittensor Trust (TAO),0002029297,40,-3404000.0,,7974000.0,0.0
AIRJW,AirJoule Technologies Corp.,0001855474,40,-9040198.0,,340642232.0,72704371.0
ETHV,VanEck Ethereum ETF,0001860788,40,-33759054.0,,171708508.0,14129567.0
QSOL,Invesco Galaxy Solana ETF,0002074409,40,-243612.0,,2242224.0,759.0
DOLE,Dole plc,0001857475,40,51319000.0,9172907000.0,4396124000.0,2894351000.0
MESHW,Meshflow Acquisition Corp,0002081468,40,550974.0,,347012367.0,14805130.0
MESHU,Meshflow Acquisition Corp,0002081468,40,550974.0,,347012367.0,14805130.0
ITHAW,ITHAX Acquisition Corp III,0002080985,40,-56044.0,,231373278.0,9897468.0
ITHAU,ITHAX Acquisition Corp III,0002080985,40,-56044.0,,231373278.0,9897468.0
NPACU,New Providence Acquisition Corp. III/Cayman,0002048948,40,7675973.0,,310806263.0,12884684.0
NPACW,New Providence Acquisition Corp. III/Cayman,0002048948,40,7675973.0,,310806263.0,12884684.0
DMIIU,Drugs Made In America Acquisition II Corp.,0002040475,40,4187050.0,,504959837.0,17800864.0
DMIIR,Drugs Made In America Acquisition II Corp.,0002040475,40,4187050.0,,504959837.0,17800864.0
GFUZW,General Fusion Group Ltd.,0002074850,40,2359300.0,,233708498.0,9302634.0
HAVAR,Harvard Ave Acquisition Corp,0002042460,40,729121.0,,147112206.0,4823942.0
AWR,AMERICAN STATES WATER CO,0001056903,40,130442000.0,658073000.0,2715092000.0,
OGN,Organon & Co.,0001821825,40,187000000.0,6216000000.0,12867000000.0,12115000000.0
MMI,"Marcus & Millichap, Inc.",0001578732,40,-1909000.0,237908000.0,827180000.0,224077000.0
UMAC,"Unusual Machines, Inc.",0001956955,40,-19193617.0,11199217.0,182708414.0,7768745.0
EZBC,Franklin Templeton Digital Holdings Trust,0001992870,40,-118528831.0,,429409784.0,69685.0
QETH,Invesco Galaxy Ethereum ETF,0001995569,40,-1808020.0,,25853745.0,5564.0
LUCYW,Innovative Eyewear Inc,0001808377,40,-7591189.0,2661669.0,10139933.0,1073794.0
WDSP,"World Scan Project, Inc.",0001813744,40,-768431.0,25208229.0,27410251.0,10826845.0
GDLC,Grayscale CoinDesk Crypto 5 ETF,0001729997,40,,,777222000.0,0.0
BH-A,Biglari Holdings Inc.,0001726173,40,-37488000.0,99646000.0,1025383000.0,501954000.0
BNO,"United States Brent Oil Fund, LP",0001472494,40,-5496268.0,-5222169.0,100736709.0,300205.0
GAIN,GLADSTONE INVESTMENT CORPORATION\DE,0001321741,40,184753000.0,,1322845000.0,654620000.0
DBB,INVESCO DB BASE METALS FUND,0001383084,40,30612054.0,,202819354.0,295647.0
DBA,INVESCO DB AGRICULTURE FUND,0001383082,40,-9831015.0,,725843982.0,3041381.0
IOT,Samsara Inc.,0001642896,40,-9117000.0,1618635000.0,2540674000.0,1120227000.0
HZEN,Grayscale Horizen Trust (ZEN),0001748945,40,-3885000.0,,7481000.0,0.0
ZCSH,Zcash ETF,0001720265,40,170492000.0,,200441000.0,0.0
LTCN,Grayscale Litecoin Trust (LTC),0001732406,40,19410000.0,,175867000.0,0.0
TSOL,21Shares Solana ETF,0002028834,40,-4147646.0,,5770226.0,35207.0
EZET,Franklin Ethereum Trust,0002011535,40,-8086358.0,,42237443.0,6778.0
GSUI,Grayscale Sui Staking ETF,0002034012,40,-8782000.0,,4301000.0,0.0
PRCT,PROCEPT BioRobotics Corp,0001588978,40,-95572000.0,308054000.0,508081000.0,142211000.0
UTI,UNIVERSAL TECHNICAL INSTITUTE INC,0001261654,40,63018000.0,835616000.0,826139000.0,498029000.0
BLUWU,Blue Water Acquisition Corp. III,0002050501,40,4667721.0,,258910967.0,9045149.0
LCCCR,Lakeshore Acquisition III Corp.,0002049248,40,1257633.0,,71623609.0,2490000.0
LCCCU,Lakeshore Acquisition III Corp.,0002049248,40,1257633.0,,71623609.0,2490000.0
RANGU,Range Capital Acquisition Corp.,0002035644,40,4035451.0,,120927257.0,206622.0
RANGR,Range Capital Acquisition Corp.,0002035644,40,4035451.0,,120927257.0,206622.0
ALISU,Calisa Acquisition Corp,0002026767,40,245454.0,,61017446.0,85186.0
ALISR,Calisa Acquisition Corp,0002026767,40,245454.0,,61017446.0,85186.0
LPBBU,Launch Two Acquisition Corp.,0002023676,40,8911506.0,,243717770.0,11106201.0
LPBBW,Launch Two Acquisition Corp.,0002023676,40,8911506.0,,243717770.0,11106201.0
PCAPU,ProCap Acquisition Corp,0002056634,40,5659179.0,,257302148.0,11365789.0
PCAPW,ProCap Acquisition Corp,0002056634,40,5659179.0,,257302148.0,11365789.0
MCGAU,Yorkville Acquisition Corp.,0002064658,40,499085.0,,176820874.0,7227001.0
MCGAW,Yorkville Acquisition Corp.,0002064658,40,499085.0,,176820874.0,7227001.0
TAVIU,Tavia Acquisition Corp.,0002020385,40,3605405.0,,121115768.0,1414840.0
UVIX,VS Trust,0001793497,40,-623535934.0,,551040983.0,7718583.0
OBTC,Osprey Bitcoin Trust,0001767057,40,-13448292.0,,136760863.0,65248.0
GSOL,Grayscale Solana Staking ETF,0001896677,40,-49327000.0,,160428000.0,71000.0
GLNK,Grayscale Chainlink Trust ETF,0001852025,40,-19426000.0,,73816000.0,0.0
CRVS,"Corvus Pharmaceuticals, Inc.",0001626971,40,-15283000.0,,71119000.0,9914000.0
YHNAU,YHN Acquisition I Ltd,0002020987,40,1325117.0,,27204379.0,2345664.0
YHNAR,YHN Acquisition I Ltd,0002020987,40,1325117.0,,27204379.0,2345664.0
GTERU,Globa Terra Acquisition Corp,0002043766,40,1570284.0,,179071521.0,1210014.0
GTERW,Globa Terra Acquisition Corp,0002043766,40,1570284.0,,179071521.0,1210014.0
GTERR,Globa Terra Acquisition Corp,0002043766,40,1570284.0,,179071521.0,1210014.0
APACR,StoneBridge Acquisition II Corp,0002043630,40,302325.0,,58639061.0,45683.0
APACU,StoneBridge Acquisition II Corp,0002043630,40,302325.0,,58639061.0,45683.0
SYNA,SYNAPTICS Inc,0000817720,40,-490800000.0,663588000.0,2102000000.0,1172500000.0
VSOL,VanEck Solana ETF,0002028541,40,-4640619.0,,23539566.0,0.0
OCSL,Oaktree Specialty Lending Corp,0001414932,40,33920000.0,,3002991000.0,1537178000.0
DFIN,"Donnelley Financial Solutions, Inc.",0001669811,40,32400000.0,963000000.0,800400000.0,421200000.0
STAA,STAAR SURGICAL CO,0000718937,40,-80448000.0,239442000.0,451678000.0,107494000.0
CRSR,"Corsair Gaming, Inc.",0001743759,40,-16159000.0,1472480000.0,1253784000.0,608030000.0
BDRY,Amplify Commodity Trust,0001610940,40,-17498770.0,,68576852.0,1430593.0
IOVA,"IOVANCE BIOTHERAPEUTICS, INC.",0001425205,40,-390978000.0,0.0,913170000.0,214587000.0
HAVAU,Harvard Ave Acquisition Corp,0002042460,40,729121.0,,147112206.0,4823942.0
FGDL,Franklin Templeton Holdings Trust,0001858258,40,132107674.0,,475653721.0,69686.0
BSOL,Bitwise Solana Staking ETF,0002045872,40,-206543000.0,,641326000.0,0.0
TDOC,"Teladoc Health, Inc.",0001477449,40,-200322000.0,2406840000.0,2858300000.0,1472594000.0
SVRA,Savara Inc,0001160308,40,-118837000.0,0.0,253436000.0,50303000.0
COCO,"Vita Coco Company, Inc.",0001482981,40,71320000.0,,461158000.0,129616000.0
UUUU,ENERGY FUELS INC,0001385849,40,-85634000.0,65922000.0,1411852000.0,729282000.0
BBLGW,Bone Biologics Corp,0001419554,40,-3108991.0,1070000000.0,5796135.0,418587.0
RCKTW,"ROCKET PHARMACEUTICALS, INC.",0001281895,40,-223123000.0,0.0,330449000.0,53228000.0
TAVIR,Tavia Acquisition Corp.,0002020385,40,3605405.0,,121115768.0,1414840.0
WBI,WaterBridge Infrastructure LLC,0002064947,40,-4537000.0,525553000.0,3700020000.0,1852411000.0
VKTX,"Viking Therapeutics, Inc.",0001607678,40,-359639000.0,0.0,715729000.0,76667000.0
GNW,GENWORTH FINANCIAL INC,0001276520,40,223000000.0,7301000000.0,88083000000.0,78316000000.0
MSGE,Madison Square Garden Entertainment Corp.,0001952073,40,66186000.0,942734000.0,1935250000.0,1889469000.0
IPAR,INTERPARFUMS INC,0000822663,40,168387000.0,1317700000.0,1585248000.0,
RDACU,Rising Dragon Acquisition Corp.,0002018145,40,1573962.0,,44425757.0,2288029.0
RDACR,Rising Dragon Acquisition Corp.,0002018145,40,1573962.0,,44425757.0,2288029.0
GPRE,Green Plains Inc.,0001309402,40,-121278000.0,2091680000.0,1578396000.0,806425000.0
BRRR,CoinShares Bitcoin ETF,0001841175,40,-49706048.0,,505489906.0,108999.0
GXLM,Grayscale Stellar Lumens Trust (XLM),0001761325,40,30512000.0,,43081000.0,0.0
BTCW,WisdomTree Bitcoin Fund,0001850391,40,-36669448.0,,139717030.0,30038.0
CTWO,COTWO ADVISORS PHYSICAL EUROPEAN CARBON ALLOWANCE TRUST,0001958928,40,259994.0,,1921084.0,1205.0
ETHW,Bitwise Ethereum ETF,0002013744,40,-54736000.0,,343746000.0,61000.0
FSOL,Fidelity Solana Fund,0002063380,40,-6089000.0,,113949000.0,0.0
XRPZ,Franklin XRP Trust,0002059438,40,-108936566.0,,215061670.0,0.0
CLNK,Bitwise Chainlink ETF,0002082889,40,0.0,,200.0,0.0
UPBD,"UPBOUND GROUP, INC.",0000933036,40,73242000.0,4695061000.0,3276081000.0,2580341000.0
GSBD,"Goldman Sachs BDC, Inc.",0001572694,40,119267000.0,,3383247000.0,1960228000.0
FOUR,"Shift4 Payments, Inc.",0001794669,40,119000000.0,4180000000.0,8713000000.0,6756000000.0
NSLRL,Neostellar Capital Corp.,0001509470,40,-20130112.0,,276018722.0,70702471.0
HCMAU,HCM III ACQUISITION CORP.,0002069856,40,2192991.0,,258425412.0,13914331.0
SKYW,SKYWEST INC,0000793733,40,428334000.0,2971963000.0,7386249000.0,
SUNC,SunocoCorp LLC,0002089661,40,-5000000.0,25201000000.0,28362000000.0,20349000000.0
SOCAW,Solarius Capital Acquisition Corp.,0002065948,40,2088460.0,,177327937.0,7607619.0
PAII-WT,Pyrophyte Acquisition Corp. II,0002069238,40,2973863.0,,204802905.0,9463638.0
PAII-UN,Pyrophyte Acquisition Corp. II,0002069238,40,2973863.0,,204802905.0,9463638.0
KRSP-UN,Rice Acquisition Corp 3,0002074872,40,2743948.0,,351296579.0,16097649.0
KRSP-WT,Rice Acquisition Corp 3,0002074872,40,2743948.0,,351296579.0,16097649.0
FCRS-UN,FutureCrest Acquisition Corp.,0002074697,40,2404209.0,,291551364.0,12484029.0
FCRS-WT,FutureCrest Acquisition Corp.,0002074697,40,2404209.0,,291551364.0,12484029.0
HCMAW,HCM III ACQUISITION CORP.,0002069856,40,2192991.0,,258425412.0,13914331.0
UWMC,UWM Holdings Corp,0001783398,40,27380000.0,3160569000.0,16928676000.0,15335047000.0
MANE,"Veradermics, Inc",0001827635,40,-69995000.0,,152619000.0,9156000.0
TNGX,"Tango Therapeutics, Inc.",0001819133,40,-101594000.0,62384000.0,398690000.0,52511000.0
TGT,TARGET CORP,0000027419,40,3705000000.0,72618000000.0,59490000000.0,
TRT,TRIO-TECH INTERNATIONAL,0000732026,40,-41000.0,32462000.0,41068000.0,7077000.0
UFI,UNIFI INC,0000100726,40,-1193000.0,531303000.0,386433000.0,154211000.0
VYX,NCR Voyix Corp,0000070866,40,62000000.0,7156000000.0,3921000000.0,2766000000.0
BOW,Bowhead Specialty Holdings Inc.,0002002473,40,53786000.0,551589000.0,2371376000.0,1922102000.0
RDAGU,Republic Digital Acquisition Co,0002055459,40,7718712.0,,309194555.0,12800343.0
PRIM,Primoris Services Corp,0001361538,40,51800000.0,1857700000.0,4407800000.0,2726800000.0
CECO,CECO ENVIRONMENTAL CORP,0000003197,40,50051000.0,774381000.0,893769000.0,570587000.0
LPCVU,Launchpad Cadenza Acquisition Corp I,0002083728,40,105478.0,,231717270.0,11058234.0
LPCVW,Launchpad Cadenza Acquisition Corp I,0002083728,40,105478.0,,231717270.0,11058234.0
AEAQW,Activate Energy Acquisition Corp.,0002083689,40,300371.0,,231760639.0,8226392.0
AEAQU,Activate Energy Acquisition Corp.,0002083689,40,300371.0,,231760639.0,8226392.0
BIXIW,Bitcoin Infrastructure Acquisition Corp Ltd,0002082542,40,150959.0,,223420406.0,8933348.0
AVTX,"Avalo Therapeutics, Inc.",0001534120,40,-78259000.0,27813137.0,116458000.0,33409000.0
VGZ,VISTA GOLD CORP,0000783324,40,-7499000.0,0.0,16273000.0,1166000.0
GLIBA,Liberty Capital Corp/NV,0002057463,40,-309000000.0,1046000000.0,3234000000.0,1528000000.0
ABR,ARBOR REALTY TRUST INC,0001253986,40,6910656.0,,14494903000.0,11427750000.0
NWPX,"NWPX Infrastructure, Inc.",0001001385,40,35411000.0,,579630000.0,184847000.0
BV,"BrightView Holdings, Inc.",0001734713,40,56000000.0,,3392000000.0,1591900000.0
KR,KROGER CO,0000056873,40,1016000000.0,147642000000.0,49953000000.0,44017000000.0
SOCAU,Solarius Capital Acquisition Corp.,0002065948,40,2088460.0,,177327937.0,7607619.0
NOEMR,CO2 Energy Transition Corp.,0001956648,40,1652360.0,,72496829.0,2875111.0
NOEMU,CO2 Energy Transition Corp.,0001956648,40,1652360.0,,72496829.0,2875111.0
NOEMW,CO2 Energy Transition Corp.,0001956648,40,1652360.0,,72496829.0,2875111.0
AXTI,AXT INC,0001051627,40,-21260000.0,99361000.0,433751000.0,99120000.0
MDU,MDU RESOURCES GROUP INC,0000067716,40,190395000.0,1875066000.0,7622206000.0,
GEO,GEO GROUP INC,0000923796,40,254372000.0,2263420000.0,3843622000.0,
AMLX,"Amylyx Pharmaceuticals, Inc.",0001658551,40,-144735000.0,380786000.0,332645000.0,27386000.0
INDV,"Indivior Pharmaceuticals, Inc.",0001625297,40,210000000.0,1239000000.0,1201000000.0,1300000000.0
WVE,"Wave Life Sciences, Inc.",0001631574,40,-204378000.0,1676000.0,638499000.0,112268000.0
CSTL,CASTLE BIOSCIENCES INC,0001447362,40,-24158000.0,344229000.0,578556000.0,107683000.0
ABUS,Arbutus Biopharma Corp,0001447028,40,-33501000.0,14083000.0,94618000.0,18042000.0
LOW,LOWES COMPANIES INC,0000060667,40,6654000000.0,86286000000.0,54144000000.0,64061000000.0
GAP,GAP INC,0000039911,40,816000000.0,15366000000.0,12632000000.0,
PLNT,"Planet Fitness, Inc.",0001637207,40,219104000.0,1324144000.0,3103395000.0,
NMRK,"NEWMARK GROUP, INC.",0001690680,40,126186000.0,3294024000.0,5019167000.0,3267363000.0
RDAGW,Republic Digital Acquisition Co,0002055459,40,7718712.0,,309194555.0,12800343.0
BKHAR,Black Hawk Acquisition Corp,0002000775,40,1329557.0,,23877939.0,3897233.0
BKHAU,Black Hawk Acquisition Corp,0002000775,40,1329557.0,,23877939.0,3897233.0
FVNNR,Future Vision II Acquisition Corp.,0002010653,40,2070450.0,,62060299.0,158000.0
FVNNU,Future Vision II Acquisition Corp.,0002010653,40,2070450.0,,62060299.0,158000.0
TLNCU,Talon Capital Corp.,0002073340,40,2625175.0,,255100876.0,10328702.0
RKT,"Rocket Companies, Inc.",0001805284,40,-68000000.0,,60685000000.0,37787000000.0
SLDB,Solid Biosciences Inc.,0001707502,40,-117223000.0,8094000.0,232540000.0,52530000.0
DBE,Invesco DB Energy Fund,0001383062,40,-1132551.0,,41945195.0,898790.0
MAR,MARRIOTT INTERNATIONAL INC /MD/,0001048286,40,2601000000.0,26186000000.0,27540000000.0,
NRP,NATURAL RESOURCE PARTNERS LP,0001171486,40,-84819000.0,216119000.0,748365000.0,115846000.0
BDL,FLANIGANS ENTERPRISES INC,0000012040,40,896000.0,50000000.0,140623000.0,61526000.0
THM,INTERNATIONAL TOWER HILL MINES LTD,0001134115,40,-4638333.0,0.0,56895723.0,497952.0
ABTC,American Bitcoin Corp.,0001755953,40,-153171000.0,185164000.0,1246512000.0,580693000.0
BIXIU,Bitcoin Infrastructure Acquisition Corp Ltd,0002082542,40,150959.0,,223420406.0,8933348.0
DSACW,Daedalus Special Acquisition Corp.,0002082149,40,370459.0,,251743139.0,8946683.0
DSACU,Daedalus Special Acquisition Corp.,0002082149,40,370459.0,,251743139.0,8946683.0
GLIBK,Liberty Capital Corp/NV,0002057463,40,-309000000.0,1046000000.0,3234000000.0,1528000000.0
EVAC-WT,EQV Ventures Acquisition Corp. II,0002042902,40,8916352.0,,470267754.0,18131414.0
EVAC-UN,EQV Ventures Acquisition Corp. II,0002042902,40,8916352.0,,470267754.0,18131414.0
EE,"Excelerate Energy, Inc.",0001888447,40,,1228263000.0,4131461000.0,1902383000.0
MNTN,"MNTN, Inc.",0001891027,40,-6426000.0,290093000.0,378302000.0,72566000.0
TRON,Tron Inc.,0001956744,40,-16811267.0,4740551.0,211433083.0,1116848.0
AAP,ADVANCE AUTO PARTS INC,0001158449,40,44000000.0,8601000000.0,11826000000.0,9628000000.0
MADL,MAN AHL DIVERSIFIED I LP,0001052354,40,,,96721385.0,746638.0
FXY,Invesco CurrencyShares Japanese Yen Trust,0001353613,40,-2394647.0,0.0,475304521.0,160130.0
DBP,Invesco DB Precious Metals Fund,0001383057,40,112620838.0,,257693833.0,150185.0
USL,"United States 12 Month Oil Fund, LP",0001405528,40,-2499311.0,-2405324.0,36815860.0,172220.0
PZG,Paramount Gold Nevada Corp.,0001629210,40,-9050423.0,330259.0,52403032.0,18834909.0
SRG-PA,Seritage Growth Properties,0001628063,40,-154911000.0,18204000.0,393779000.0,60979000.0
FXF,Invesco CurrencyShares Swiss Franc Trust,0001353615,40,-1686937.0,0.0,396589627.0,320522.0
COLAR,Columbus Acquisition Corp/Cayman Islands,0002028201,40,1285090.0,,62721049.0,310209.0
COLAU,Columbus Acquisition Corp/Cayman Islands,0002028201,40,1285090.0,,62721049.0,310209.0
GSRFU,GSR IV Acquisition Corp.,0002072404,40,2320989.0,,234586860.0,9220900.0
TLNCW,Talon Capital Corp.,0002073340,40,2625175.0,,255100876.0,10328702.0
PTEN,PATTERSON UTI ENERGY INC,0000889900,40,-93635000.0,4826624000.0,5570466000.0,2345751000.0
HTFL,"Heartflow, Inc.",0001464521,40,-116791000.0,176034000.0,359452000.0,58805000.0
CDP,COPT DEFENSE PROPERTIES,0000860546,40,13708000.0,763923000.0,4701790000.0,3114115000.0
RLAY,"Relay Therapeutics, Inc.",0001812364,40,-276479000.0,15355000.0,621331000.0,54271000.0
CON,"Concentra Group Holdings Parent, Inc.",0002014596,40,166415000.0,2163417000.0,2858388000.0,2437959000.0
NNE,Nano Nuclear Energy Inc.,0001923891,40,-40067076.0,,228656866.0,6088138.0
UGA,"United States Gasoline Fund, LP",0001396878,40,-5193815.0,-4990528.0,77459738.0,246492.0
UUP,Invesco DB US Dollar Index Bullish Fund,0001383151,40,-22111962.0,,230211749.0,142841.0
DBO,Invesco DB Oil Fund,0001383058,40,-19419807.0,,204946160.0,725308.0
ATLCP,Atlanticus Holdings Corp,0001464343,40,122204000.0,1968399000.0,7623088000.0,6979258000.0
BBDC,"Barings BDC, Inc.",0001379785,40,101924000.0,,2636383000.0,1475701000.0
CENX,CENTURY ALUMINUM CO,0000949157,40,41800000.0,389100000.0,2269300000.0,
CCIIU,Cohen Circle Acquisition Corp. II,0002064683,40,4355499.0,,259709691.0,10897791.0
CCIIW,Cohen Circle Acquisition Corp. II,0002064683,40,4355499.0,,259709691.0,10897791.0
DSGN,"Design Therapeutics, Inc.",0001807120,40,-69792000.0,0.0,226203000.0,13700000.0
PLOW,"DOUGLAS DYNAMICS, INC",0001287213,40,46897000.0,184538000.0,626701000.0,
IMMX,"Immix Biopharma, Inc.",0001873835,40,-29438613.0,20000000.0,104840341.0,11044171.0
ANNX,"Annexon, Inc.",0001528115,40,-206690000.0,,277571000.0,65923000.0
UDN,INVESCO DB US DOLLAR INDEX BEARISH FUND,0001383149,40,8996138.0,,138658061.0,77617.0
UNL,"United States 12 Month Natural Gas Fund, LP",0001405513,40,-1424526.0,-1364030.0,18815131.0,104602.0
BWOW,Bitwise Dogecoin ETF,0002053791,40,-376581.0,,1152882.0,67.0
SOEZ,Franklin Solana Trust,0002057388,40,-2855149.0,,9365458.0,403.0
AI,"C3.ai, Inc.",0001577526,40,-470369000.0,250268000.0,816273000.0,162522000.0
PLTM,GraniteShares Platinum Trust,0001690842,40,-6998000.0,,163840000.0,77000.0
ETCG,Grayscale Ethereum Classic Trust (ETC),0001705181,40,-157051000.0,,126004000.0,0.0
USCI,United States Commodity Index Funds Trust,0001479247,40,75327633.0,-16559249.0,200014444.0,3102585.0
LIVN,LivaNova PLC,0001639691,40,-242471000.0,1388053000.0,2606053000.0,1406066000.0
QUMSR,Quantumsphere Acquisition Corp,0002070900,40,978206.0,,85200365.0,3585747.0
QUMSU,Quantumsphere Acquisition Corp,0002070900,40,978206.0,,85200365.0,3585747.0
GSRFR,GSR IV Acquisition Corp.,0002072404,40,2320989.0,,234586860.0,9220900.0
FIGXU,FIGX Capital Acquisition Corp.,0002059033,40,2496388.0,,154719025.0,6523803.0
FIGXW,FIGX Capital Acquisition Corp.,0002059033,40,2496388.0,,154719025.0,6523803.0
APXTW,Apex Treasury Corp,0002079253,40,2019588.0,,348131627.0,13871500.0
APXTU,Apex Treasury Corp,0002079253,40,2019588.0,,348131627.0,13871500.0
BCO,BRINKS CO,0000078890,40,199700000.0,3562300000.0,7339200000.0,6931900000.0
ELVN,"Enliven Therapeutics, Inc.",0001672619,40,-103694000.0,,476168000.0,16568000.0
USAR,"USA Rare Earth, Inc.",0001970622,40,-297559000.0,1643000.0,694999000.0,191808000.0
CBLL,"Ceribell, Inc.",0001861107,40,-53412000.0,89063000.0,195803000.0,40467000.0
DAKT,DAKTRONICS INC /SD/,0000915779,40,45376000.0,126108000.0,554412000.0,
BTCO,Invesco Galaxy Bitcoin ETF,0001855781,40,-72291340.0,0.0,544369140.0,119145.0
CYN,Cyngn Inc.,0001874097,40,-23469273.0,218976.0,50053215.0,11298809.0
LIPO,LIPELLA PHARMACEUTICALS INC.,0001347242,40,-5016264.0,536357.0,2673870.0,754417.0
CLBZ,Collab Z Inc.,0002050338,40,-102195.0,1378149.0,2490483.0,453566.0
TOXR,21Shares XRP ETF,0002028835,40,-36024919.0,,247693539.0,35268.0
ALFUU,Centurion Acquisition Corp.,0002010930,40,11742335.0,,308335011.0,13747985.0
GXRP,Grayscale XRP Trust ETF,0002037427,40,-37885000.0,,223364000.0,0.0
CREG,Smart Powerr Corp.,0000721693,40,-2900041.0,262509.0,157642666.0,14493075.0
MEHA,Functional Brands Inc.,0001837254,40,758478.0,6611484.0,9108302.0,7566971.0
TRWD,Tradewinds Universal,0001916558,40,-892877.0,133222.0,307333.0,0.0
LEEN,"Leopard Energy, Inc.",0001230524,40,31835.0,5974.0,51398.0,134932.0
ACRS,"Aclaris Therapeutics, Inc.",0001557746,40,-64923000.0,1683000.0,160460000.0,57378000.0
KBDC,"Kayne Anderson BDC, Inc.",0001747172,40,93706000.0,,2286702000.0,1176771000.0
FTH,"Faeth Therapeutics, Inc.",0001829802,40,-21085000.0,,22902000.0,4310000.0
PKTX,"ProtoKinetix, Inc.",0001128189,40,-364188.0,0.0,466137.0,44959.0
IOBTQ,"IO Biotech, Inc.",0001865494,40,-95491000.0,,67699000.0,20684000.0
MCOM,micromobility.com Inc.,0001788841,40,8148000.0,1422000.0,2136000.0,35300000.0
BCHG,Grayscale Bitcoin Cash Trust (BCH),0001732409,40,44964000.0,,202961000.0,0.0
CLYM,"Climb Bio, Inc.",0001768446,40,-59851000.0,,167744000.0,7269000.0
KODK,EASTMAN KODAK CO,0000031235,40,-128000000.0,414000000.0,1617000000.0,904000000.0
OLMA,"Olema Pharmaceuticals, Inc.",0001750284,40,-162451000.0,,533430000.0,54871000.0
WENNU,WEN Acquisition Corp,0002057043,40,6877026.0,,308496366.0,14421082.0
WENNW,WEN Acquisition Corp,0002057043,40,6877026.0,,308496366.0,14421082.0
VACI-UN,Viking Acquisition Corp I,0002080023,40,207678.0,,232897410.0,9380127.0
LAFAU,LaFayette Acquisition Corp.,0002079106,40,554273.0,,116744813.0,4124850.0
LAFAR,LaFayette Acquisition Corp.,0002079106,40,554273.0,,116744813.0,4124850.0
MMTXW,Miluna Acquisition Corp,0002077033,40,316509.0,,70223492.0,740748.0
MMTXU,Miluna Acquisition Corp,0002077033,40,316509.0,,70223492.0,740748.0
PMTRW,Perimeter Acquisition Corp. I,0002061473,40,5307942.0,,248643694.0,9301632.0
VSH,VISHAY INTERTECHNOLOGY INC,0000103730,40,-8978000.0,3069048000.0,4234160000.0,2145887000.0
TPC,TUTOR PERINI CORP,0000077543,40,80440000.0,5543039000.0,5160422000.0,3897760000.0
NXDR,"Nextdoor Holdings, Inc.",0001846069,40,-54204000.0,257646000.0,486803000.0,55520000.0
SGP,"SpyGlass Pharma, Inc.",0001778922,40,-39869000.0,,115866000.0,10166000.0
EIG,"Employers Holdings, Inc.",0001379041,40,10800000.0,858700000.0,3436600000.0,2480900000.0
VBIO,"Valion Bio, Inc.",0001787740,40,-8878000.0,780000.0,31607000.0,7440000.0
MNTR,"Mentor Capital, Inc.",0001599117,40,-574119.0,166811.0,2859843.0,541744.0
SLDC,"Solidus Communications, Inc.",0001427644,40,644287.0,146731.0,41602.0,5381900.0
HGAS,Global Gas Corp,0001817232,40,24336.0,33012.0,55388.0,351718.0
WORX,SCWorx Corp.,0001674227,40,-4444109.0,2877629.0,7896088.0,743596.0
BBNX,"Beta Bionics, Inc.",0001674632,40,-73200000.0,100251000.0,328743000.0,41133000.0
IBTA,"Ibotta, Inc.",0001538379,40,3575000.0,342389000.0,525911000.0,238260000.0
COLL,"COLLEGIUM PHARMACEUTICAL, INC",0001267565,40,16963000.0,205449000.0,1656834000.0,1355159000.0
ABPO,"Abpro Holdings, Inc.",0001893219,40,2821459.0,183000.0,1063000.0,19607000.0
RKDA,"Arcadia Biosciences, Inc.",0001469443,40,-2339000.0,4858000.0,6546000.0,2406000.0
QPRC,QUEST PATENT RESEARCH CORP,0000824416,40,3649582.0,2050000.0,10437519.0,27630518.0
BJDX,"Bluejay Diagnostics, Inc.",0001704287,40,-6848483.0,249040.0,7119237.0,1143948.0
LGMK,"LogicMark, Inc.",0001566826,40,-7467427.0,11425463.0,20306558.0,2215229.0
ATXI,"AVENUE THERAPEUTICS, INC.",0001644963,40,-2909000.0,1404000.0,2931000.0,1099000.0
LWLG,"Lightwave Logic, Inc.",0001325964,40,-20313797.0,236855.0,79185249.0,4539419.0
DBVT,DBV Technologies S.A.,0001613780,40,-146947000.0,5636000.0,233718000.0,64948000.0
FOXF,FOX FACTORY HOLDING CORP,0001424929,40,-544579000.0,1467321000.0,1671749000.0,1001744000.0
SLG,SL GREEN REALTY CORP,0001040971,40,-96910000.0,1003046000.0,11082607000.0,6729517000.0
KBONU,Karbon Capital Partners Corp.,0002088749,40,357006.0,,346700712.0,12605635.0
KBONW,Karbon Capital Partners Corp.,0002088749,40,357006.0,,346700712.0,12605635.0
VACI-WT,Viking Acquisition Corp I,0002080023,40,207678.0,,232897410.0,9380127.0
JENA-RI,JENA ACQUISITION Corp II,0002060337,40,-1836775.0,,236574719.0,13825026.0
JENA-UN,JENA ACQUISITION Corp II,0002060337,40,-1836775.0,,236574719.0,13825026.0
PMTRU,Perimeter Acquisition Corp. I,0002061473,40,5307942.0,,248643694.0,9301632.0
DNMXW,Dynamix Corp III,0002081125,40,784847.0,,203944608.0,8300246.0
DNMXU,Dynamix Corp III,0002081125,40,784847.0,,203944608.0,8300246.0
LPTH,LIGHTPATH TECHNOLOGIES INC,0000889971,40,-14873182.0,37202630.0,81505766.0,31628488.0
SMP,"STANDARD MOTOR PRODUCTS, INC.",0000093389,40,41335000.0,971975000.0,1995241000.0,1296979000.0
AEMD,AETHLON MEDICAL INC,0000882291,40,-7151469.0,0.0,6333107.0,1446835.0
GNLN,"Greenlane Holdings, Inc.",0001743745,40,-85580000.0,13275000.0,74931000.0,7207000.0
IPDN,"Professional Diversity Network, Inc.",0001546296,40,-6450991.0,22054219.0,17867569.0,6685309.0
PTIX,"Protagenic Therapeutics, Inc.\new",0001022899,40,1367977.0,0.0,3650370.0,1031479.0
MITI,"Mitesco, Inc.",0000802257,40,498724.0,38700.0,132108.0,23604699.0
BBLG,Bone Biologics Corp,0001419554,40,-3108991.0,1070000000.0,5796135.0,418587.0
SCDA,"B-Scada, Inc.",0001341878,40,-398221.0,1935468.0,2783799.0,505983.0
TBPH,"Theravance Biopharma, Inc.",0001583107,40,61024000.0,4515000.0,485570000.0,
CVLG,"COVENANT LOGISTICS GROUP, INC.",0000928658,40,7239000.0,272268000.0,1045548000.0,641552000.0
ATPC,Agape ATP Corp,0001713210,40,-2279791.0,1524262.0,24591278.0,2165177.0
LIFD,LFTD PARTNERS INC.,0001391135,40,-24858678.0,36920799.0,19272548.0,6640288.0
KOP,Koppers Holdings Inc.,0001315257,40,56000000.0,1879300000.0,1886800000.0,1312500000.0
REEMF,RARE ELEMENT RESOURCES LTD,0001419806,40,-4899000.0,0.0,24120000.0,1831000.0
YHC,LQR House Inc.,0001843165,40,-25522618.0,1120622.0,31232458.0,1899820.0
CRCE,"Circle Energy, Inc./NV",0001911467,40,-12283.0,0.0,165465.0,702.0
TOFB,TOFUTTI BRANDS INC,0000730349,40,-778000.0,14107000.0,3384000.0,1176000.0
OGEN,ORAGENICS INC,0001174940,40,-9842487.0,0.0,10067764.0,1786359.0
ONAR,Onar Holding Corp,0001682265,40,-9276897.0,3179519.0,3807247.0,676959.0
NCPL,Netcapital Inc.,0001414767,40,-28301325.0,869460.0,20901491.0,5995767.0
ROOT,"Root, Inc.",0001788882,40,40300000.0,1517100000.0,1674500000.0,1278200000.0
SIBN,"SI-BONE, Inc.",0001459839,40,-18904000.0,67301000.0,238555000.0,61023000.0
HGTY,"Hagerty, Inc.",0001840776,40,32078000.0,1456389000.0,2093976000.0,1346950000.0
NNI,NELNET INC,0001258602,40,428474000.0,0.0,14063783000.0,10486554000.0
NP,Neptune Insurance Holdings Inc.,0002067129,40,37413000.0,159551000.0,65299000.0,292793000.0
IEP,ICAHN ENTERPRISES L.P.,0000813762,40,-299000000.0,9658000000.0,14215000000.0,10789000000.0
HGYN,HONG YUAN HOLDING GROUP,0001324759,40,155329.0,837753.0,611315.0,591669.0
GNPX,"Genprex, Inc.",0001595248,40,-16228953.0,0.0,10159011.0,2197135.0
CIIT,"Tianci International, Inc.",0001557798,40,-2640789.0,9282997.0,3145971.0,159054.0
FDMT,"4D Molecular Therapeutics, Inc.",0001650648,40,-140109000.0,85209000.0,566711000.0,61047000.0
WYFI,"WhiteFiber, Inc.",0002042022,40,-24682538.0,79164252.0,651352198.0,168888158.0
MTNB,"Matinas BioPharma Holdings, Inc.",0001582554,40,-10345000.0,119750.0,7208000.0,2378000.0
RNAZ,"Transcode Therapeutics, Inc.",0001829635,40,-34661076.0,,162398689.0,10518687.0
ITP,"IT TECH PACKAGING, INC.",0001358190,40,-9843094.0,75837943.0,177546786.0,21496469.0
WHLT,CHASE PACKAGING CORP,0001025771,40,-76742.0,0.0,221966.0,80165.0
BIAF,"bioAffinity Technologies, Inc.",0001712762,40,-14909754.0,7900000.0,10960772.0,3683116.0
EDBL,Edible Garden AG Inc,0001809750,40,-17332000.0,12810000.0,20596000.0,8099000.0
SOBR,"SOBR Safe, Inc.",0001425627,40,-8951104.0,437421.0,6621222.0,1696033.0
NXTS,Nexentis Technologies Inc.,0001789192,40,-4004000.0,263445.0,20405000.0,4675000.0
ONCO,"Onconetix, Inc.",0001782107,40,-14032342.0,815371.0,24926638.0,9160287.0
PPCB,"Propanc Biopharma, Inc.",0001517681,40,-58923300.0,,19631808.0,5725616.0
XXII,"22nd Century Group, Inc.",0001347858,40,-5054000.0,25832530.0,27023000.0,8531000.0
TGL,TREASURE GLOBAL INC,0001905956,40,-23377488.0,2330557.0,14873148.0,4129415.0
BKYI,BIO KEY INTERNATIONAL INC,0001019034,40,-7157946.0,6302984.0,8303315.0,3196510.0
DC,Dakota Gold Corp.,0001852353,40,-29538699.0,,115857950.0,3337411.0
SWIM,"Latham Group, Inc.",0001833197,40,11124000.0,545912000.0,823223000.0,417362000.0
WOOF,"Petco Health & Wellness Company, Inc.",0001826470,40,9066000.0,5961467000.0,5173425000.0,4009171000.0
NGNE,Neurogene Inc.,0001404644,40,-90351000.0,0.0,288604000.0,23717000.0
FWRG,"First Watch Restaurant Group, Inc.",0001789940,40,19432000.0,1222501000.0,1742029000.0,1115750000.0
GRI,"GRI Bio, Inc.",0001824293,40,-11956000.0,0.0,8666000.0,2658000.0
IVDA,"Iveda Solutions, Inc.",0001397183,40,-3198112.0,4468279.0,6427790.0,1442358.0
GBR,"New Concept Energy, Inc.",0000105744,40,-46000.0,155000.0,4560000.0,60000.0
SILO,"Silo Pharma, Inc.",0001514183,40,-4227698.0,72102.0,7605100.0,1299659.0
ATXG,ADDENTAX GROUP CORP.,0001650101,40,-4469165.0,0.0,29252097.0,7565858.0
SXTP,"60 DEGREES PHARMACEUTICALS, INC.",0001946563,40,-7365158.0,1005471.0,5366211.0,1986795.0
CHR,"Cheer Holding, Inc.",0001738758,40,3278278.0,,257597889.0,1930410.0
GOVX,"GeoVax Labs, Inc.",0000832489,40,-21464771.0,,6341868.0,2516736.0
PHGE,BiomX Inc.,0001739174,40,-36199000.0,,5783000.0,871011.0
BRRWW,"ProCap Financial, Inc.",0002076163,40,-28975504.0,85000.0,638886743.0,218710068.0
HVIIR,Hennessy Capital Investment Corp. VII,0001846416,40,3687416.0,,198284635.0,10376953.0
HVIIU,Hennessy Capital Investment Corp. VII,0001846416,40,3687416.0,,198284635.0,10376953.0
FSHPR,Flag Ship Acquisition Corp,0001850059,40,1828909.0,,33105112.0,3188875.0
SLDPW,"Solid Power, Inc.",0001844862,40,-93410000.0,21747000.0,455092000.0,38918000.0
WALDW,Waldencast plc,0001840199,40,-14427685.0,,346793686.0,56602720.0
RGTIW,"Rigetti Computing, Inc.",0001838359,40,-216210000.0,13102000.0,666574000.0,120375000.0
BLZRU,Trailblazer Acquisition Corp.,0002075310,40,2984991.0,,279551867.0,11822756.0
BLZRW,Trailblazer Acquisition Corp.,0002075310,40,2984991.0,,279551867.0,11822756.0
ONDS,Ondas Inc.,0001646188,40,-132235000.0,50731000.0,1132841000.0,661226000.0
AURA,"Aura Biosciences, Inc.",0001501796,40,-106191000.0,,169430000.0,32517000.0
FEED,"ENvue Medical, Inc.",0001326706,40,-18185000.0,318000.0,41124000.0,7627000.0
SBFM,Sunshine Biopharma Inc.,0001402328,40,-5975352.0,36305891.0,30079167.0,7040707.0
APVO,Aptevo Therapeutics Inc.,0001671584,40,-25967000.0,3114000.0,27194000.0,9813000.0
TCRT,"Alaunos Therapeutics, Inc.",0001107421,40,-4176000.0,15900000.0,2966000.0,813000.0
REVB,"REVELATION BIOSCIENCES, INC.",0001810560,40,-8913649.0,,11582924.0,2721929.0
AOSL,ALPHA & OMEGA SEMICONDUCTOR Ltd,0001387467,40,-42265000.0,342291000.0,963555000.0,165654000.0
STTK,"Shattuck Labs, Inc.",0001680367,40,-48809000.0,1000000.0,91026000.0,8636000.0
HIVE,HIVE Digital Technologies Ltd.,0001720424,40,-148448000.0,297791000.0,639146000.0,109787000.0
IWSH,"Wright Investors Service Holdings, Inc.",0001279715,40,-1024000.0,5412000.0,1386000.0,79000.0
BMRA,BIOMERICA INC,0000073290,40,-4973000.0,5311000.0,5945000.0,1840000.0
ELAB,PMGC Holdings Inc.,0001840563,40,-7747813.0,590084.0,12868473.0,5031111.0
IONI,I-ON Digital Corp.,0001580490,40,-2883992.0,433012.0,18313834.0,4055631.0
TOPP,Toppoint Holdings Inc.,0001960847,40,-7344586.0,16548734.0,10995741.0,2374183.0
CTNT,CHEETAH NET SUPPLY CHAIN SERVICE INC.,0001951667,40,-3649703.0,1288536.0,11858464.0,2502877.0
CSAI,"CLOUDASTRUCTURE, INC.",0001709628,40,-8462000.0,5066000.0,10122000.0,1212000.0
USAQ,"QHSLab, Inc.",0000856984,40,457417.0,0.0,2171006.0,546078.0
BGLC,BioNexus Gene Lab Corp,0001737523,40,-2984607.0,7424911.0,9252784.0,637856.0
NKE,"NIKE, Inc.",0000320187,40,3108000000.0,46398000000.0,38410000000.0,
CTVA,"Corteva, Inc.",0001755672,40,1094000000.0,17401000000.0,42845000000.0,
RNGTW,Range Capital Acquisition Corp II,0002078653,40,1836809.0,,233365127.0,8135602.0
RNGTU,Range Capital Acquisition Corp II,0002078653,40,1836809.0,,233365127.0,8135602.0
SKAS,"Saker Aviation Services, Inc.",0001128281,40,-1089990.0,16088906.0,9055526.0,328281.0
PMCB,"PharmaCyte Biotech, Inc.",0001157075,40,-19424654.0,0.0,46753242.0,11772424.0
YCBD,"cbdMD, Inc.",0001644903,40,-2040902.0,19190468.0,10419950.0,3193843.0
VREX,Varex Imaging Corp,0001681622,40,-70300000.0,811000000.0,1107400000.0,620800000.0
CGBD,"Carlyle Secured Lending, Inc.",0001544206,40,69972000.0,,2790167000.0,1622779000.0
BCSF,"Bain Capital Specialty Finance, Inc.",0001655050,40,27784000.0,,2662585000.0,1545175000.0
METC,"Ramaco Resources, Inc.",0001687187,40,-51446000.0,,1140569000.0,657003000.0
GITS,"Global Interactive Technologies, Inc.",0001911545,40,-4632893.0,794166.0,4376094.0,933389.0
KAPA,"Kairos Pharma, LTD.",0001962011,40,-5447000.0,,6540000.0,992000.0
TWAV,"TaoWeave, Inc.",0000746210,40,-6355000.0,,8219000.0,1186000.0
PULM,"Pulmatrix, Inc.",0001574235,40,-5162000.0,7910000.0,4139000.0,329000.0
SDCH,"SideChannel, Inc.",0001022505,40,-892000.0,316248.0,3465000.0,1322000.0
HEPA,"Hepion Pharmaceuticals, Inc.",0001583771,40,-8277850.0,0.0,3069952.0,402405.0
DSNY,DESTINY MEDIA TECHNOLOGIES INC,0001099369,40,-637877.0,4524448.0,2966843.0,544255.0
AMIX,"Autonomix Medical, Inc.",0001617867,40,-16715000.0,0.0,7600000.0,1705000.0
CCXI,Churchill Capital Corp XI,0002074973,40,382098.0,,415909532.0,16120667.0
BACCU,Blue Acquisition Corp/Cayman,0002059654,40,2531400.0,,206334054.0,8117815.0
BACCR,Blue Acquisition Corp/Cayman,0002059654,40,2531400.0,,206334054.0,8117815.0
LPAAU,Launch One Acquisition Corp.,0002015502,40,8309154.0,,245630529.0,11741137.0
CHPGU,ChampionsGate Acquisition Corp,0002024460,40,1175395.0,,76992999.0,1663238.0
CHPGR,ChampionsGate Acquisition Corp,0002024460,40,1175395.0,,76992999.0,1663238.0
GBTG,"Global Business Travel Group, Inc.",0001820872,40,6199890.0,2718000000.0,4916000000.0,3255000000.0
FDUS,FIDUS INVESTMENT Corp,0001513363,40,12050000.0,,1426539000.0,684640000.0
BRWC,Birdie Win Corp,0001873213,40,-17299.0,30000.0,19570.0,5200.0
VEEE,"Twin Vee PowerCats, Co.",0001855509,40,-8607273.0,14819130.0,16234369.0,2766558.0
AUUD,AUDDIA INC.,0001554818,40,-7693197.0,0.0,5202455.0,966961.0
PCSA,"Processa Pharmaceuticals, Inc.",0001533743,40,-13563834.0,5000.0,7813567.0,2236253.0
CDIO,"Cardio Diagnostics Holdings, Inc.",0001870144,40,-6498167.0,14825.0,7766415.0,793061.0
GURE,"GULF RESOURCES, INC.",0000885462,40,-43920231.0,25418335.0,133731810.0,22253888.0
FCUV,FOCUS UNIVERSAL INC.,0001590418,40,-4787769.0,255023.0,8885514.0,366471.0
CVKD,"Cadrenal Therapeutics, Inc.",0001937993,40,-13237362.0,,4326708.0,1587982.0
BGMS,"Bio Green Med Solution, Inc.",0001130166,40,-2998000.0,0.0,8185000.0,1343000.0
EWTX,"Edgewise Therapeutics, Inc.",0001710072,40,-167795000.0,,552603000.0,30346000.0
HAE,HAEMONETICS CORP,0000313143,40,97308000.0,910373000.0,2395925000.0,
KCHVU,Kochav Defense Acquisition Corp.,0002053799,40,5535163.0,,259895500.0,7119104.0
KCHVR,Kochav Defense Acquisition Corp.,0002053799,40,5535163.0,,259895500.0,7119104.0
TMSWW,Teamshares Inc,0002048951,40,-16495381.0,,240473275.0,30185375.0
SNES,"SenesTech, Inc.",0001680378,40,-6383000.0,600000.0,12843000.0,3275000.0
CIMG,CIMG Inc.,0001527613,40,-4883396.0,1793590.0,74175548.0,27645099.0
ACXP,"Acurx Pharmaceuticals, Inc.",0001736243,40,-7966538.0,,7689535.0,2420943.0
IPST,"IP STRATEGY HOLDINGS, INC.",0001788230,40,-137715315.0,8402488.0,108758070.0,10541940.0
GDC,GD Culture Group Ltd,0001641398,40,-186876696.0,153304.0,670158753.0,2016608.0
UAMY,UNITED STATES ANTIMONY CORP,0000101538,40,-4339526.0,39257708.0,153925669.0,12970480.0
ALH,Alliance Laundry Holdings Inc.,0001317685,40,101755000.0,1709237000.0,2885888000.0,2493770000.0
RUM,RUM Group Inc.,0001830081,40,-81830362.0,100622320.0,336846798.0,62004606.0
FACWW,Factorial Energy Inc.,0002049662,40,6219069.0,,284154850.0,13974869.0
ONCHU,1RT Acquisition Corp.,0002054272,40,2889101.0,,176383931.0,8357001.0
ONCHW,1RT Acquisition Corp.,0002054272,40,2889101.0,,176383931.0,8357001.0
NXL,"Nexalin Technology, Inc.",0001527352,40,-8222181.0,301647.0,4635319.0,887333.0
PIAC,PRINCETON CAPITAL CORP,0000845385,40,-6780265.0,8757000.0,14758599.0,495598.0
CURX,Curanex Pharmaceuticals Inc,0002025942,40,-4225106.0,,11580124.0,361040.0
BBOT,"BridgeBio Oncology Therapeutics, Inc.",0001869105,40,-134044000.0,,448381000.0,37285000.0
BWMN,Bowman Consulting Group Ltd.,0001847590,40,12849000.0,490017000.0,579682000.0,318577000.0
HNRG,HALLADOR ENERGY CO,0000788965,40,41871000.0,469466000.0,408053000.0,248220000.0
XPON,Expion360 Inc.,0001894954,40,-6235187.0,9651870.0,8071362.0,1535602.0
APUS,"Apimeds Pharmaceuticals US, Inc.",0001894525,40,-6001137.0,,164183736.0,10835909.0
HOV,HOVNANIAN ENTERPRISES INC,0000357294,40,46178000.0,2978581000.0,2633913000.0,1802978000.0
EVC,ENTRAVISION COMMUNICATIONS CORP,0001109116,40,7360000.0,73460000.0,387511000.0,332069000.0
ALOY,REALLOYS INC.,0001567900,40,-4426116.0,692803.0,8686067.0,1500.0
MNPR,Monopar Therapeutics,0001645469,40,-13716894.0,0.0,140717709.0,2890156.0
BILL,"BILL Holdings, Inc.",0001786352,40,-11241000.0,1653160000.0,10218139000.0,6687537000.0
OII,OCEANEERING INTERNATIONAL INC,0000073756,40,353761000.0,2784156000.0,2667254000.0,
OGS,"ONE Gas, Inc.",0001587732,40,264224000.0,2578005000.0,8853084000.0,
PRM,"Perimeter Solutions, Inc.",0001880319,40,-206366000.0,652862000.0,2653007000.0,1519688000.0
BDTB,Bodhi Tree Biotechnology Inc,0002041531,40,-149666.0,17000.0,119161.0,500.0
NTWOU,Newbury Street II Acquisition Corp,0002028027,40,6620992.0,,182743641.0,6184804.0
NTWOW,Newbury Street II Acquisition Corp,0002028027,40,6620992.0,,182743641.0,6184804.0
TBNRL,Tamboran Resources Corp,0001997652,40,-36901412.0,0.0,446462122.0,57010352.0
IBACR,IB Acquisition Corp.,0001998781,40,3416169.0,,17134092.0,1832100.0
LPAAW,Launch One Acquisition Corp.,0002015502,40,8309154.0,,245630529.0,11741137.0
MTN,VAIL RESORTS INC,0000812011,40,280004000.0,2964347000.0,5777885000.0,5023981000.0
XBIO,"Xenetic Biosciences, Inc.",0001534525,40,-2680860.0,2976411.0,8363847.0,968025.0
CELZ,"CREATIVE MEDICAL TECHNOLOGY HOLDINGS, INC.",0001187953,40,-5995008.0,6000.0,7809525.0,284880.0
VS,Versus Systems Inc.,0001701963,40,-1792166.0,2183415.0,2061062.0,142759.0
AUID,authID Inc.,0001534154,40,-17932880.0,2040660.0,9981930.0,1358160.0
INM,InMed Pharmaceuticals Inc.,0001728328,40,-8162133.0,4942633.0,15580040.0,2145545.0
CODX,"Co-Diagnostics, Inc.",0001692415,40,-46895936.0,622489.0,24742585.0,4113921.0
ACON,"Aclarion, Inc.",0001635077,40,-7233629.0,75730.0,13672404.0,837287.0
DRMA,"Dermata Therapeutics, Inc.",0001853816,40,-7558557.0,,7863826.0,1640446.0
NVNO,enVVeno Medical Corp,0001661053,40,-19472000.0,31243.0,29562000.0,2432000.0
TECX,"Tectonic Therapeutic, Inc.",0001681087,40,-74151000.0,,261038000.0,9709000.0
ALLO,"Allogene Therapeutics, Inc.",0001737287,40,-190886000.0,0.0,415905000.0,123363000.0
NMFC,New Mountain Finance Corp,0001496099,40,16488000.0,,2902853000.0,1714597000.0
OSRH,"OSR Health, Inc.",0001840425,40,-2410879.0,2905805.0,171238248.0,44200845.0
BNKK,"BONK, INC.",0001760903,40,-68185762.0,2117309.0,40973415.0,5977071.0
WKSP,Worksport Ltd,0001096275,40,-16163789.0,16101738.0,30714074.0,7837853.0
AZTR,"Azitra, Inc.",0001701478,40,-10955370.0,0.0,5025386.0,1224156.0
MGRX,"MANGOCEUTICALS, INC.",0001938046,40,-20642994.0,456021.0,16089573.0,890568.0
TRAW,"Traws Pharma, Inc.",0001130598,40,9170000.0,2790000.0,10617000.0,11246000.0
ASMB,"ASSEMBLY BIOSCIENCES, INC.",0001426800,40,-6122000.0,72303000.0,257590000.0,50839000.0
PHR,"Phreesia, Inc.",0001412408,40,2306000.0,480591000.0,663790000.0,326583000.0
CTMX,"CytomX Therapeutics, Inc.",0001501989,40,-17368000.0,76201000.0,151566000.0,52558000.0
CHECU,Chenghe Acquisition III Co.,0002047177,40,1088407.0,,128678635.0,5238499.0
CHECW,Chenghe Acquisition III Co.,0002047177,40,1088407.0,,128678635.0,5238499.0
COPL-UN,Copley Acquisition Corp,0002045473,40,4133810.0,,178160385.0,5412035.0
COPL-WT,Copley Acquisition Corp,0002045473,40,4133810.0,,178160385.0,5412035.0
RITE,MINERALRITE Corp,0001096296,40,-291519.0,5000.0,433828780.0,5061768.0
WVVI,WILLAMETTE VALLEY VINEYARDS INC,0000838875,40,-917685.0,37197122.0,107735599.0,41547424.0
VTGN,"Vistagen Therapeutics, Inc.",0001411685,40,-69685000.0,176000.0,48564000.0,13044000.0
CVR,CHICAGO RIVET & MACHINE CO,0000019871,40,-1083214.0,27890260.0,23301439.0,4468137.0
APRE,"Aprea Therapeutics, Inc.",0001781983,40,-12599569.0,,15933401.0,3201086.0
AQMS,"Aqua Metals, Inc.",0001621832,40,-22646000.0,2100000.0,19706000.0,4936000.0
JCTC,JEWETT CAMERON TRADING CO LTD,0000885307,40,-4130092.0,41298140.0,25476598.0,4695620.0
PRSO,Peraso Inc.,0000890394,40,-4753000.0,14573000.0,6079000.0,1443000.0
AHNRF,ATHENA GOLD CORP,0001304409,40,-636518.0,,6992460.0,838004.0
CISO,"CISO Global, Inc.",0001777319,40,-8073930.0,26605998.0,25028253.0,8036339.0
MSN,EMERSON RADIO CORP,0000032621,40,-4300000.0,77829000.0,18636000.0,1442000.0
SCND,SCIENTIFIC INDUSTRIES INC,0000087802,40,-1220400.0,5053800.0,12607600.0,1944600.0
VRME,"VerifyMe, Inc.",0001104038,40,-4905000.0,16398000.0,13018000.0,2025000.0
FBLG,"FibroBiologics, Inc.",0001958777,40,-18646000.0,,9619000.0,3463000.0
SKYE,"Skye Bioscience, Inc.",0001516551,40,-55924814.0,,28313633.0,8289458.0
TPET,Trio Petroleum Corp,0001898766,40,-7282133.0,30000.0,13214110.0,1910759.0
SESCW,SES AI Corp,0001819142,40,-73040000.0,21000000.0,272646000.0,57891000.0
PHXE-P,"Phoenix Energy One, LLC",0001818643,40,66108000.0,687180000.0,1806769000.0,1728557000.0
HGASW,Global Gas Corp,0001817232,40,24336.0,33012.0,55388.0,351718.0
EDBLW,Edible Garden AG Inc,0001809750,40,-17332000.0,12810000.0,20596000.0,8099000.0
EXPE,"Expedia Group, Inc.",0001324424,40,1294000000.0,14733000000.0,24452000000.0,
KIDS,ORTHOPEDIATRICS CORP,0001425450,40,-39648000.0,98049000.0,508630000.0,162034000.0
MBRX,"Moleculin Biotech, Inc.",0001659617,40,-33560000.0,0.0,22126000.0,7120000.0
KPRX,KIORA PHARMACEUTICALS INC,0001372514,40,-10835154.0,0.0,24253300.0,8126764.0
INAB,"IN8BIO, INC.",0001740279,40,-19440000.0,,32282000.0,4724000.0
QNRX,"Quoin Pharmaceuticals, Ltd.",0001671502,40,-15804655.0,,20390569.0,7270663.0
VNOV,VitaNova Life Sciences Corp,0001699709,40,-37304.0,38000.0,2446561.0,395781.0
SYRA,Syra Health Corp,0001922335,40,-896333.0,7225973.0,2772917.0,674739.0
LCTC,"Lifeloc Technologies, Inc",0001493137,40,-2470399.0,9026938.0,6686568.0,2582790.0
OXBR,OXBRIDGE RE HOLDINGS Ltd,0001584831,40,-2079000.0,2577000.0,8053000.0,1560000.0
SFCX,SUPA Consolidated Inc.,0001624985,40,-293069.0,0.0,5150775.0,1112845.0
BFRG,"BullFrog AI Holdings, Inc.",0001829247,40,-6498068.0,116670.0,2808351.0,672022.0
UCFIW,CN Healthy Food Tech Group Corp.,0001901203,40,1375819.0,,72796002.0,5110189.0
MLR,MILLER INDUSTRIES INC /TN/,0000924822,40,23014000.0,,589667000.0,169097000.0
NGLD,Nevada Canyon Gold Corp.,0001605481,40,-3730970.0,4000.0,8367870.0,1402130.0
PBSV,"Pharma-Bio Serv, Inc.",0001304161,40,-100463.0,9001096.0,13653046.0,1738799.0
BLIN,"Bridgeline Digital, Inc.",0001378590,40,-2518000.0,13568000.0,15326000.0,5758000.0
HCTI,"Healthcare Triangle, Inc.",0001839285,40,-9476000.0,13891000.0,22736000.0,7075000.0
MSAI,"MultiSensor AI Holdings, Inc.",0001863990,40,-11713000.0,5551000.0,35474000.0,3442000.0
EDUC,EDUCATIONAL DEVELOPMENT CORP,0000031667,40,-3107000.0,4178300.0,54311600.0,11521100.0
GXAI,GAXOS.AI INC.,0001895618,40,-3900583.0,1933030.0,13421545.0,680589.0
IMSR,Terrestrial Energy Inc. /DE/,0002019804,40,-28016641.0,248357.0,302980424.0,7574182.0
NABL,"N-able, Inc.",0001834488,40,-17032000.0,511430000.0,1409906000.0,605251000.0
FEIM,FREQUENCY ELECTRONICS INC,0000039020,40,-903000.0,63227000.0,90706000.0,34303000.0
DBHL,"Deep Isolation Nuclear, Inc.",0001918080,40,-5336000.0,6136000.0,29623000.0,2427000.0
BIAFW,"bioAffinity Technologies, Inc.",0001712762,40,-14909754.0,7900000.0,10960772.0,3683116.0
NAKAW,Nakamoto Inc.,0001946573,40,-52228923.0,1821315.0,730607754.0,216351128.0
SABSW,"SAB Biotherapeutics, Inc.",0001833214,40,13273683.0,0.0,172809969.0,21315594.0
KARX,Karbon-X Corp.,0001729637,40,-2744583.0,412057.0,3970582.0,1142325.0
CABR,"Caring Brands, Inc.",0002020737,40,-6278191.0,4215.0,2326818.0,235494.0
DMII,Drugs Made In America Acquisition II Corp.,0002040475,40,4187050.0,,504959837.0,17800864.0
BXC,BlueLinx Holdings Inc.,0001301787,40,219000.0,2954007000.0,1549279000.0,931964000.0
TMQ,Trilogy Metals Inc.,0001543418,40,-42241000.0,,157304000.0,33183000.0
ADIL,"ADIAL PHARMACEUTICALS, INC.",0001513525,40,-7977171.0,,6673367.0,1396909.0
BNGO,"Bionano Genomics, Inc.",0001411690,40,-26395000.0,4013537.0,73584000.0,29160000.0
PHIO,Phio Pharmaceuticals Corp.,0001533040,40,-8698000.0,0.0,21487000.0,1340000.0
GTBP,"GT Biopharma, Inc.",0000109657,40,-28354000.0,0.0,8106000.0,1321000.0
NEWH,"NewHydrogen, Inc.",0001371128,40,-1265049.0,,1459070.0,1780.0
OABI,"OmniAb, Inc.",0001846253,40,-64779000.0,18666000.0,300914000.0,33887000.0
INN,"Summit Hotel Properties, Inc.",0001497645,40,-11012000.0,729472000.0,2776030000.0,1502059000.0
ANGO,ANGIODYNAMICS INC,0001275187,40,-36742000.0,291010000.0,267163000.0,96338000.0
HRI,HERC HOLDINGS INC,0001364479,40,1000000.0,4376000000.0,13776000000.0,11828000000.0
GVA,GRANITE CONSTRUCTION INC,0000861459,40,193003000.0,1762965000.0,4030393000.0,
OUT,OUTFRONT Media Inc.,0001579877,40,147000000.0,1831700000.0,5311600000.0,4577700000.0
INTS,"INTENSITY THERAPEUTICS, INC.",0001567264,40,-11606000.0,,14101000.0,2225000.0
LSTA,"LISATA THERAPEUTICS, INC.",0000320017,40,-16586000.0,35283868.0,17744000.0,3143000.0
ARTW,ARTS WAY MANUFACTURING CO INC,0000007623,40,1034899.0,22975408.0,22477555.0,9171295.0
CBIO,"CRESCENT BIOPHARMA, INC.",0001253689,40,-153942000.0,18500.0,240293000.0,37281000.0
SGMT,Sagimet Biosciences Inc.,0001400118,40,-51038000.0,2000000.0,116482000.0,5654000.0
PROK,PROKIDNEY CORP.,0001850270,40,-68986000.0,,335574000.0,34781000.0
ENHA,Enhanced Group Inc.,0001956439,40,2568594.0,,204154720.0,8472203.0
RHNO,RHINO BITCOIN INC.,0001785493,40,-458364.0,478159.0,1551674.0,393261.0
ADTN,"ADTRAN Holdings, Inc.",0000926282,40,-45656000.0,1083807000.0,1204493000.0,685335000.0
ASTC,ASTROTECH Corp,0001001907,40,-13850000.0,1000000.0,26989000.0,4889000.0
SYBX,"SYNLOGIC, INC.",0001527599,40,-1005000.0,0.0,15447000.0,3814000.0
NHTC,NATURAL HEALTH TRENDS CORP,0000912061,40,-882000.0,39776000.0,38428000.0,14999000.0
NROM,NOBLE ROMANS INC,0000709005,40,1173224.0,16461459.0,15894484.0,12462536.0
MYSE,"Myseum.AI, Inc.",0001648960,40,-2607272.0,550.0,7197408.0,1092725.0
ICU,SeaStar Medical Holding Corp,0001831868,40,-12150000.0,1234000.0,14158000.0,3742000.0
KDOZF,KIDOZ INC.,0001318482,40,-190321.0,93475.0,13925531.0,4574834.0
CDIOW,"Cardio Diagnostics Holdings, Inc.",0001870144,40,-6498167.0,14825.0,7766415.0,793061.0
MBVIU,M3-Brigade Acquisition VI Corp.,0002073928,40,4150483.0,,350760221.0,16707470.0
MBVIW,M3-Brigade Acquisition VI Corp.,0002073928,40,4150483.0,,350760221.0,16707470.0
LATAW,Galata Acquisition Corp. II,0002076427,40,1534988.0,,175421465.0,6121880.0
LATAU,Galata Acquisition Corp. II,0002076427,40,1534988.0,,175421465.0,6121880.0
SBXE-WT,SilverBox Corp V,0002081909,40,-7689409.0,,277803811.0,20309946.0
SHC,Sotera Health Co,0001822479,40,77949000.0,1163617000.0,3263190000.0,2657155000.0
RGTI,"Rigetti Computing, Inc.",0001838359,40,-216210000.0,13102000.0,666574000.0,120375000.0
MAIN,Main Street Capital CORP,0001396440,40,493398000.0,,5681701000.0,2687808000.0
CTNM,"Contineum Therapeutics, Inc.",0001855175,40,-59978000.0,0.0,276642000.0,15653000.0
NB,NIOCORP DEVELOPMENTS LTD,0001512228,40,-17982000.0,,43819000.0,14658000.0
NCDL,Nuveen Churchill Direct Lending Corp.,0001737924,40,65614000.0,,2054469000.0,1179289000.0
CMMB,Chemomab Therapeutics Ltd.,0001534248,40,-27646000.0,,43063000.0,6840000.0
AIFF,"FIREFLY NEUROSCIENCE, INC.",0000803578,40,-19882000.0,1142000.0,10477000.0,2840000.0
BIVI,BIOVIE INC.,0001580149,40,-22072863.0,,14250462.0,3980192.0
KALA,"KALA BIO, Inc.",0001479419,40,-26980000.0,0.0,9490000.0,2494000.0
AIIA-RI,AI Infrastructure Acquisition Corp.,0002073553,40,1097990.0,,140503529.0,131718.0
EVAC,EQV Ventures Acquisition Corp. II,0002042902,40,8916352.0,,470267754.0,18131414.0
BCSS,Bain Capital GSS Investment Corp.,0002064355,40,4259585.0,,465840596.0,16391711.0
PAYD,PAID INC,0001017655,40,-368243.0,12920789.0,8277764.0,2735504.0
KTTA,Pasithea Therapeutics Corp.,0001841330,40,-20427683.0,486559.0,60240070.0,5020832.0
SCNX,"Scienture Holdings, Inc.",0001382574,40,-41512264.0,3831778.0,84178330.0,14057946.0
IDAI,T Stamp Inc,0001718939,40,-8330000.0,0.0,11238409.0,2350102.0
AIXC,"AIxCrypto Holdings, Inc.",0001460702,40,-16965875.0,4983556.0,31279846.0,4136805.0
EFOI,"ENERGY FOCUS, INC/DE",0000924168,40,-1027000.0,3560000.0,5109000.0,1000000.0
LEXX,Lexaria Bioscience Corp.,0001348362,40,-11901841.0,705923.0,4175121.0,1572366.0
INHD,INNO HOLDINGS INC.,0001961847,40,-7079363.0,2846250.0,16005383.0,838656.0
IPM,INTELLIGENT PROTECTION MANAGEMENT CORP.,0001355839,40,-1956536.0,23612459.0,26040517.0,7854589.0
LPCN,Lipocine Inc.,0001535955,40,-9627505.0,1976677.0,17005612.0,2528196.0
RYES,Rise Gold Corp.,0001424864,40,-3260358.0,,4442507.0,1179422.0
EVOH,EvoAir Holdings Inc.,0001700844,40,-14626862.0,135557.0,45688955.0,3247528.0
BTSGU,"BrightSpring Health Services, Inc.",0001865782,40,190666000.0,12910564000.0,6413311000.0,4526945000.0
CEPF,"Cantor Equity Partners IV, Inc.",0002034267,40,6132022.0,,456948634.0,95402.0
BTLN,"Glimpse Group, Inc.",0001854445,40,-2552651.0,1395000.0,19279066.0,2343176.0
NEUP,Neuphoria Therapeutics Inc.,0001191070,40,-369632.0,15649448.0,28589614.0,9587040.0
ANY,Sphere 3D Corp.,0001591956,40,-21482000.0,11181000.0,25120000.0,5346000.0
QCLS,"Q/C TECHNOLOGIES, INC.",0001321834,40,-11627122.0,3929527.0,41166096.0,16441042.0
FABC,"Fabric.AI, Inc.",0001086745,40,-21089145.0,4579745.0,11408652.0,1696019.0
FTFT,Future FinTech Group Inc.,0001066923,40,-4620065.0,3829805.0,53287334.0,9329644.0
NIXX,"Nixxy, Inc.",0001462223,40,-14983000.0,97906000.0,13181000.0,5205000.0
HYEX,HEALTHY EXTRACTS INC.,0001630176,40,-881119.0,4511997.0,27824664.0,3795099.0
CRMT,AMERICAS CARMART INC,0000799850,40,9259000.0,1281502000.0,1416840000.0,970784000.0
NMTC,NEUROONE MEDICAL TECHNOLOGIES Corp,0001500198,40,-3605374.0,9097692.0,10785647.0,3713125.0
RKTO,Rocket One Inc.,0001711786,40,-12469302.0,,7603444.0,1452675.0
SBXE-UN,SilverBox Corp V,0002081909,40,-7689409.0,,277803811.0,20309946.0
SCPQW,Social Commerce Partners Corp,0002083143,40,-583044.0,,101119455.0,3646629.0
SCPQU,Social Commerce Partners Corp,0002083143,40,-583044.0,,101119455.0,3646629.0
AIIA-UN,AI Infrastructure Acquisition Corp.,0002073553,40,1097990.0,,140503529.0,131718.0
MSIF,"MSC INCOME FUND, INC.",0001535778,40,88728000.0,,1381031000.0,642372000.0
XMAX,XMax Inc.,0001473334,40,-3418578.0,12744871.0,35547329.0,7587761.0
ABVC,"ABVC BIOPHARMA, INC.",0001173313,40,-7908554.0,509589.0,21062203.0,7764723.0
VPLM,Voip-pal.com Inc,0001410738,40,-6227153.0,,1143199.0,173932.0
NNUP,NOCOPI TECHNOLOGIES INC/MD/,0000888981,40,-154900.0,1493800.0,14037600.0,281600.0
BESS,Bimergen Energy Corp,0001066764,40,-4973422.0,168880.0,27200294.0,1657523.0
COCP,"Cocrystal Pharma, Inc.",0001412486,40,-8831000.0,12712091.0,9712000.0,3381000.0
MWYN,"Marwynn Holdings, Inc.",0002030522,40,-3919942.0,4242866.0,3010318.0,427970.0
GRNQ,Greenpro Capital Corp.,0001597846,40,-2982333.0,3673997.0,5091388.0,1500544.0
ARVN,"ARVINAS, INC.",0001655759,40,-80800000.0,262600000.0,717900000.0,284000000.0
ALT,"Altimmune, Inc.",0001326190,40,-88093000.0,41000.0,279929000.0,55037000.0
MG,"Mistras Group, Inc.",0001436126,40,16837000.0,700970000.0,578781000.0,343136000.0
SEI,"Solaris Energy Infrastructure, Inc.",0001697500,40,30169000.0,622205000.0,2143106000.0,1315855000.0
VGASW,"Verde Clean Fuels, Inc.",0001841425,40,-6958000.0,,60247000.0,2112000.0
GTENU,"Gores Holdings X, Inc. / CI",0001986817,40,920659.0,,368717492.0,32376841.0
GTENW,"Gores Holdings X, Inc. / CI",0001986817,40,920659.0,,368717492.0,32376841.0
XRPNU,Armada Acquisition Corp. II,0002044009,40,1771983.0,,235199591.0,10715994.0
XRPNW,Armada Acquisition Corp. II,0002044009,40,1771983.0,,235199591.0,10715994.0
TFX,TELEFLEX INC,0000096943,40,-714329000.0,568984000.0,6947239000.0,3822471000.0
NXST,"NEXSTAR MEDIA GROUP, INC.",0001142417,40,109000000.0,4949000000.0,10846000000.0,8784000000.0
GFUZ,General Fusion Group Ltd.,0002074850,40,2359300.0,,233708498.0,9302634.0
INLX,"INTELLINETICS, INC.",0001081745,40,-1872895.0,2620108.0,17305572.0,5921556.0
EURK,Eureka Acquisition Corp,0002000410,40,1370753.0,,31437630.0,724581.0
TVRD,"Tvardi Therapeutics, Inc.",0001346830,40,-18214000.0,5533000.0,32073000.0,11127000.0
PETV,"PetVivo Holdings, Inc.",0001512922,40,-10473672.0,7124.0,3576741.0,1377292.0
MRKR,"Marker Therapeutics, Inc.",0001094038,40,-12163620.0,0.0,19070997.0,2274183.0
NXPL,NextPlat Corp,0001058307,40,-14025000.0,5869558.0,27465000.0,10043000.0
BRNS,Barinthus Biotherapeutics plc.,0001828185,40,-66428000.0,0.0,98169000.0,23877000.0
CLRB,"Cellectar Biosciences, Inc.",0001279704,40,-21791037.0,,14978321.0,5059134.0
SKKY,"Skkynet Cloud Systems, Inc.",0001546853,40,35351.0,2550951.0,1831014.0,803299.0
TXMD,"TherapeuticsMD, Inc.",0000025743,40,-569000.0,1761000.0,37656000.0,10780000.0
ZURA,Zura Bio Ltd,0001855644,40,-68650000.0,,113948000.0,12410000.0
AEXA,American Exceptionalism Acquisition Corp. A,0002079173,40,-7197255.0,,349248591.0,20801168.0
HNST,"Honest Company, Inc.",0001530979,40,-15686000.0,371317000.0,225407000.0,55738000.0
RLBY,RELIABILITY INC,0000034285,40,-664000.0,20717000.0,8845000.0,2172000.0
SNTL,Sentinel Holdings Ltd.,0000889353,40,1664817.0,1933422.0,2641112.0,5488797.0
CLRCF,ClimateRock,0001903392,40,-390001.0,,29395469.0,8130482.0
SRGZ,Star Gold Corp.,0001401835,40,-824850.0,,2851738.0,124352.0
NXTC,"NextCure, Inc.",0001661059,40,-55844000.0,22378000.0,50183000.0,15240000.0
EHSI,Elite Health Systems Inc.,0001089815,40,-7804000.0,1024000.0,6664000.0,1351000.0
RDGL,VIVOS INC,0001449349,40,-3066017.0,4995.0,1867583.0,206743.0
ATOS,"ATOSSA THERAPEUTICS, INC.",0001488039,40,-34770000.0,,47608000.0,8255000.0
SSGC,SafeSpace Global Corp,0001584693,40,-4638571.0,409354.0,7930903.0,366011.0
ENTX,Entera Bio Ltd.,0001638097,40,-11439000.0,42000.0,15993000.0,2892000.0
HYLN,Hyliion Holdings Corp.,0001759631,40,-57188000.0,3475000.0,203559000.0,11550000.0
IONQ-WT,"IonQ, Inc.",0001824920,40,-510378000.0,1235000000.0,6570358000.0,2756666000.0
DAAQW,Digital Asset Acquisition Corp.,0002052162,40,4244525.0,,178292737.0,7009536.0
PEW-WT,GrabAGun Digital Holdings Inc.,0002051380,40,-2507000.0,96449000.0,131262000.0,23661000.0
ATCH,"AtlasClear Holdings, Inc.",0001963088,40,794950.0,,55477860.0,12372267.0
YORW,YORK WATER CO,0000108985,40,20058000.0,77488000.0,680888000.0,
URG,UR-ENERGY INC,0001375205,40,-74898000.0,27207000.0,272459000.0,46057000.0
WSTRF,Western Uranium & Vanadium Corp.,0001621906,40,-7175923.0,425448.0,34446941.0,4144826.0
JOB,GEE Group Inc.,0000040570,40,-34747000.0,96504000.0,59997000.0,9987000.0
LIVE,LIVE VENTURES Inc,0001045742,40,22743000.0,286913000.0,386400000.0,291096000.0
FKWL,FRANKLIN WIRELESS CORP,0000722572,40,-243101.0,46086901.0,51330030.0,13435727.0
IBATF,INTERNATIONAL BATTERY METALS LTD.,0001786318,40,122000.0,,39762000.0,11398000.0
AVX,AVAX ONE TECHNOLOGY LTD.,0001826397,40,-33195206.0,2340811.0,194964640.0,7989015.0
ASPC,ASPAC III Acquisition Corp.,0001890361,40,1343931.0,,3935652.0,535955.0
EMCGF,Embrace Change Acquisition Corp.,0001869601,40,1442593.0,,26154194.0,5890908.0
GRML,Greenland Mines Ltd,0001907223,40,-10551674.0,,9593240.0,129764.0
NRDE,Stark Novus Financial Inc.,0001759546,40,-619000.0,,46969000.0,5995000.0
ARTV,"Artiva Biotherapeutics, Inc.",0001817241,40,-83865000.0,0.0,130940000.0,20970000.0
CTKB,"Cytek Biosciences, Inc.",0001831915,40,-66539000.0,193015000.0,461542000.0,119803000.0
MBUU,"MALIBU BOATS, INC.",0001590976,40,1653000.0,914590000.0,996194000.0,467768000.0
SBXD-UN,SilverBox Corp IV,0002015947,40,5715932.0,,213486048.0,12965883.0
CAPNR,Cayson Acquisition Corp,0002024203,40,1637488.0,,64639912.0,3409330.0
CAPNU,Cayson Acquisition Corp,0002024203,40,1637488.0,,64639912.0,3409330.0
SOUL-UN,Soulpower Acquisition Corp.,0002025608,40,5961658.0,,259125506.0,12284427.0
SOUL-RI,Soulpower Acquisition Corp.,0002025608,40,5961658.0,,259125506.0,12284427.0
OBAWW,Oxley Bridge Acquisition Ltd,0002034313,40,4782187.0,,259327478.0,12156507.0
OBAWU,Oxley Bridge Acquisition Ltd,0002034313,40,4782187.0,,259327478.0,12156507.0
DRDBU,Roman DBDR Acquisition Corp. II,0002032528,40,7737428.0,,241506267.0,1095805.0
DRDBW,Roman DBDR Acquisition Corp. II,0002032528,40,7737428.0,,241506267.0,1095805.0
RMTI,"ROCKWELL MEDICAL, INC.",0001041024,40,-5314000.0,,57145000.0,20164000.0
CLIR,ClearSign Technologies Corp,0001434524,40,-311000.0,0.0,12181000.0,2651000.0
GIFT,"GIFTIFY, INC.",0001760233,40,-10491658.0,83181716.0,31841058.0,9530111.0
IGC,"IGC Pharma, Inc.",0001326205,40,-7122000.0,1271000.0,8747000.0,2417000.0
RAND,RAND CAPITAL CORP,0000081955,40,1086281.0,,53195312.0,1011859.0
TAOX,TAO Synergies Inc.,0001571934,40,-28737448.0,299061.0,25835021.0,3936839.0
MODD,"Modular Medical, Inc.",0001074871,40,-28242000.0,0.0,14832000.0,1873000.0
EGHAU,EGH Acquisition Corp.,0002052547,40,3373817.0,,154767508.0,6095288.0
EGHAR,EGH Acquisition Corp.,0002052547,40,3373817.0,,154767508.0,6095288.0
MPLT,"MapLight Therapeutics, Inc.",0001770069,40,-161152000.0,,479512000.0,21140000.0
ZEO,Zeo Energy Corp.,0001865506,40,-14008754.0,69349938.0,56928444.0,9451443.0
MIRA,"MIRA PHARMACEUTICALS, INC.",0001904286,40,-10442485.0,,11093605.0,702068.0
KSCP,"Knightscope, Inc.",0001600983,40,-33815000.0,11335000.0,41258000.0,13492000.0
PPSI,"PIONEER POWER SOLUTIONS, INC.",0001449792,40,-5999000.0,27627000.0,35455000.0,6138000.0
UG,UNITED GUARDIAN INC,0000101295,40,2105738.0,,13108579.0,1876567.0
BLNE,"Beeline Holdings, Inc.",0001534708,40,-23167000.0,7770000.0,70217000.0,16609000.0
BTCT,BTC Digital Ltd.,0001796514,40,-2824000.0,,24543000.0,5101000.0
NNVC,"NANOVIRICIDES, INC.",0001379006,40,-9466966.0,,8824085.0,1300000.0
SWAG,"Stran & Company, Inc.",0001872525,40,-747000.0,116191000.0,49348000.0,18847000.0
KOSS,KOSS CORP,0000056701,40,-391464.0,,36658764.0,6499109.0
OVID,Ovid Therapeutics Inc.,0001636651,40,-17414000.0,7252000.0,150934000.0,20274000.0
JAGU,Jaguar Uranium Corp.,0002039273,40,-2314521.0,,8369411.0,2503442.0
XENE,Xenon Pharmaceuticals Inc.,0001582313,40,-345910000.0,16000.0,633163000.0,51403000.0
ZDGE,"Zedge, Inc.",0001667313,40,-2392000.0,29398000.0,35654000.0,9753000.0
SJ,Scienjoy Holding Corp,0001753673,40,151393.0,,58600581.0,2700050.0
NTIP,"NETWORK-1 TECHNOLOGIES, INC.",0001065078,40,-2420000.0,150000.0,40332000.0,770000.0
LITS,"Lite Strategy, Inc.",0001262104,40,-15945000.0,0.0,18285000.0,1354000.0
RDAC,Rising Dragon Acquisition Corp.,0002018145,40,1573962.0,,44425757.0,2288029.0
VTSI,"VirTra, Inc",0001085243,40,-792361.0,185971.0,65136584.0,19544403.0
MDBH,"MDB Capital Holdings, LLC",0001934642,40,-21245000.0,,63740000.0,3161000.0
CABA,"Cabaletta Bio, Inc.",0001759138,40,-167856000.0,,165083000.0,53032000.0
LOGC,ContextLogic Holdings Inc.,0002064307,40,-23000000.0,0.0,218000000.0,7000000.0
OACCW,Oaktree Acquisition Corp. III Life Sciences,0002029769,40,7288824.0,,203111772.0,8318397.0
OACCU,Oaktree Acquisition Corp. III Life Sciences,0002029769,40,7288824.0,,203111772.0,8318397.0
ATIIW,Archimedes Tech SPAC Partners II Co.,0002028516,40,7986738.0,,241345034.0,8187516.0
ATIIU,Archimedes Tech SPAC Partners II Co.,0002028516,40,7986738.0,,241345034.0,8187516.0
DAAQU,Digital Asset Acquisition Corp.,0002052162,40,4244525.0,,178292737.0,7009536.0
ERAS,"Erasca, Inc.",0001761918,40,-124546000.0,,396154000.0,70983000.0
DFTX,"Definium Therapeutics, Inc.",0001813814,40,-183793000.0,,440100000.0,107773000.0
CRVO,CervoMed Inc.,0001053691,40,-26966367.0,4006510.0,22879018.0,4656117.0
MAMO,Massimo Group,0001952853,40,1509341.0,71828444.0,51432811.0,27720206.0
CPHI,"CHINA PHARMA HOLDINGS, INC.",0001106644,40,-3187556.0,4144268.0,30999464.0,8259712.0
GAIA,"GAIA, INC",0001089872,40,-4494000.0,4500000.0,154649000.0,52519000.0
AFJK,"Aimei Health Technology Co., Ltd.",0001979005,40,1059768.0,,12103039.0,4061660.0
AMCX,AMC Global Media Inc.,0001514991,40,89400000.0,2311801000.0,3936881000.0,2923132000.0
FAST,FASTENAL CO,0000815556,40,1258400000.0,8200500000.0,5052900000.0,
PALX,Palomino Laboratories Inc.,0001938569,40,-3163196.0,,8434145.0,336458.0
INVLW,"Innventure, Inc.",0002001557,40,-293317000.0,2056000.0,599187000.0,115511000.0
RFAIR,RF Acquisition Corp II,0002012807,40,3367296.0,,52659178.0,4994449.0
RFAIU,RF Acquisition Corp II,0002012807,40,3367296.0,,52659178.0,4994449.0
SBXD-WT,SilverBox Corp IV,0002015947,40,5715932.0,,213486048.0,12965883.0
ELF,"e.l.f. Beauty, Inc.",0001600033,40,-49365000.0,449292000.0,2394158000.0,1263628000.0
RRR,"Red Rock Resorts, Inc.",0001653653,40,188066000.0,2011483000.0,4167073000.0,3834789000.0
FACTW,FACT II Acquisition Corp.,0002028935,40,5017538.0,,184422847.0,9161472.0
DYNCW,Dynamix Corp,0002028699,40,-13223196.0,,173689804.0,27347951.0
IXHL,Incannex Healthcare Inc.,0001873875,40,-46885000.0,12000.0,20447000.0,7058000.0
JOUT,JOHNSON OUTDOORS INC,0000788329,40,-29050000.0,135762000.0,604103000.0,185684000.0
RFAI,RF Acquisition Corp II,0002012807,40,3367296.0,,52659178.0,4994449.0
EVMN,"Evommune, Inc.",0002044725,40,-68870000.0,13000000.0,224946000.0,19380000.0
MEI,METHODE ELECTRONICS INC,0000065270,40,-35700000.0,908300000.0,1306100000.0,628600000.0
OIS,"OIL STATES INTERNATIONAL, INC",0001121484,40,-109377000.0,1088133000.0,883431000.0,310240000.0
ALGS,"Aligos Therapeutics, Inc.",0001799448,40,-24193000.0,2186000.0,88533000.0,34988000.0
NSPR,"InspireMD, Inc.",0001433607,40,-48786000.0,2310000.0,69404000.0,14203000.0
GROW,U S GLOBAL INVESTORS INC,0000754811,40,-334000.0,4641000.0,48064000.0,2857000.0
DTSQ,DT Cloud Star Acquisition Corp,0002017950,40,2132715.0,,17972109.0,1146888.0
HOLO,MicroCloud Hologram Inc.,0001841209,40,-20279224.0,72512835.0,40903832.0,12356837.0
SLDP,"Solid Power, Inc.",0001844862,40,-93410000.0,21747000.0,455092000.0,38918000.0
NWAX,New America Acquisition I Corp.,0002074878,40,477607.0,,347460979.0,885155.0
GTN,"GRAY MEDIA, INC",0000043196,40,-85000000.0,3095000000.0,10440000000.0,7635000000.0
IPI,"Intrepid Potash, Inc.",0001421461,40,11185000.0,,632179000.0,140750000.0
KYTX,"Kyverna Therapeutics, Inc.",0001994702,40,-161307000.0,,293826000.0,61550000.0
RIBBU,Ribbon Acquisition Corp.,0002035016,40,690218.0,,51999143.0,2607002.0
QETAR,Quetta Acquisition Corp,0001978528,40,-780924.0,,19255692.0,5068335.0
ATCHW,"AtlasClear Holdings, Inc.",0001963088,40,794950.0,,55477860.0,12372267.0
QETAU,Quetta Acquisition Corp,0001978528,40,-780924.0,,19255692.0,5068335.0
PLXS,PLEXUS CORP,0000785786,40,172885000.0,-108372000.0,3137110000.0,1682522000.0
DNTH,"Dianthus Therapeutics, Inc. /DE/",0001690585,40,-162337000.0,2036000.0,530922000.0,37521000.0
INFQ-WT,"Infleqtion, Inc.",0002007825,40,-66931068.0,,424866229.0,78795575.0
POLEW,Andretti Acquisition Corp. II,0002025341,40,8350365.0,,244423346.0,10416059.0
SAIH,SAIHEAT Ltd,0001847075,40,-1923605.0,,44993986.0,3160243.0
RMCO,Royalty Management Holding Corp,0001843656,40,-726890.0,4949916.0,16652523.0,2966716.0
QETA,Quetta Acquisition Corp,0001978528,40,-780924.0,,19255692.0,5068335.0
VERU,VERU INC.,0000863894,40,-22726279.0,16296958.0,29835719.0,11503049.0
PHUN,"Phunware, Inc.",0001665300,40,-11401000.0,30883000.0,120868000.0,24551000.0
FTEK,"FUEL TECH, INC.",0000846913,40,-2324000.0,4912000.0,47179000.0,7247000.0
ATHR,"Aether Holdings, Inc.",0002026353,40,-3141311.0,1380850.0,5036161.0,519078.0
EDSA,"Edesa Biotech, Inc.",0001540159,40,-7185523.0,0.0,13530518.0,1832827.0
CCCC,"C4 Therapeutics, Inc.",0001662579,40,-104994000.0,35947000.0,359075000.0,102488000.0
MGX,"Metagenomi Therapeutics, Inc.",0001785279,40,-87868000.0,25210000.0,221103000.0,62507000.0
AREN,"Arena Group Holdings, Inc.",0000894871,40,124858000.0,16892000.0,112603000.0,117428000.0
FSP,FRANKLIN STREET PROPERTIES CORP /MA/,0001031316,40,-44960000.0,107162000.0,892884000.0,285907000.0
MREO,Mereo BioPharma Group plc,0001719714,40,-41878000.0,500000.0,45917000.0,5001000.0
YHNA,YHN Acquisition I Ltd,0002020987,40,1325117.0,,27204379.0,2345664.0
FLNA,"FILANA THERAPEUTICS, INC.",0001069530,40,-90973000.0,,118355000.0,43952000.0
GLXZ,"Galaxy Gaming, Inc.",0000013156,40,1483619.0,1148242.0,27500619.0,44974894.0
GRCE,"Grace Therapeutics, Inc.",0001444192,40,-7793000.0,100000000.0,66654000.0,2758000.0
MLGO,MicroAlgo Inc.,0001800392,40,-6963546.0,87132230.0,72086734.0,5075274.0
RLMD,"RELMADA THERAPEUTICS, INC.",0001553643,40,-57385163.0,5129.0,94003471.0,7491458.0
BALY,Bally's Corp,0001747079,40,-650074000.0,2436189000.0,11230376000.0,8685546000.0
CNTX,Context Therapeutics Inc.,0001842952,40,-36123615.0,,68493768.0,8020041.0
MGLD,"Marygold Companies, Inc.",0001005101,40,-5820000.0,34876734.0,30420000.0,7433000.0
DYNCU,Dynamix Corp,0002028699,40,-13223196.0,,173689804.0,27347951.0
RIBBR,Ribbon Acquisition Corp.,0002035016,40,690218.0,,51999143.0,2607002.0
DMAAR,Drugs Made In America Acquisition Corp.,0002028614,40,5940643.0,,239918847.0,7276172.0
DMAAU,Drugs Made In America Acquisition Corp.,0002028614,40,5940643.0,,239918847.0,7276172.0
SXTPW,"60 DEGREES PHARMACEUTICALS, INC.",0001946563,40,-7365158.0,1005471.0,5366211.0,1986795.0
PACHU,Pioneer Acquisition I Corp,0002040381,40,4782280.0,,259221117.0,12231278.0
PACHW,Pioneer Acquisition I Corp,0002040381,40,4782280.0,,259221117.0,12231278.0
LKSPR,Lake Superior Acquisition Corp,0002043508,40,666033.0,,116586383.0,4728295.0
LKSPU,Lake Superior Acquisition Corp,0002043508,40,666033.0,,116586383.0,4728295.0
FACTU,FACT II Acquisition Corp.,0002028935,40,5017538.0,,184422847.0,9161472.0
CLF,CLEVELAND-CLIFFS INC.,0000764065,40,-1478000000.0,18610000000.0,20012000000.0,13689000000.0
RSI,"Rush Street Interactive, Inc.",0001793659,40,33308000.0,1134428000.0,658512000.0,355021000.0
INGM,Ingram Micro Holding Corp,0001897762,40,327882000.0,52556263000.0,21244384000.0,16995966000.0
SWX,"Southwest Gas Holdings, Inc.",0001692115,40,439826000.0,5433972000.0,10429477000.0,
ET,Energy Transfer LP,0001276187,40,4433000000.0,85536000000.0,141286000000.0,
IBO,IMPACT BIOMEDICAL INC.,0001834105,40,-11838000.0,32000.0,17405000.0,1850000.0
FAC,Factorial Energy Inc.,0002049662,40,6219069.0,,284154850.0,13974869.0
KRSP,Rice Acquisition Corp 3,0002074872,40,2743948.0,,351296579.0,16097649.0
MYSEW,"Myseum.AI, Inc.",0001648960,40,-2607272.0,550.0,7197408.0,1092725.0
HGIT,"HINES GLOBAL INCOME TRUST, INC.",0001585101,40,17291000.0,425203000.0,5992588000.0,4013912000.0
NWSLL,NEWS CORP,0001564708,40,573000000.0,9028000000.0,15544000000.0,
KRMN,Karman Holdings Inc.,0002040127,40,17366000.0,471500000.0,1104096000.0,721405000.0
MATX,"Matson, Inc.",0000003453,40,444800000.0,3344500000.0,4635600000.0,
SI,"SHOULDER INNOVATIONS, INC.",0001699350,40,-40359000.0,47317000.0,169907000.0,29157000.0
SMC,Summit Midstream Corp,0002024218,40,-5938000.0,562091000.0,2387609000.0,1299757000.0
CRAN,Crane Harbor Acquisition Corp. II,0002081358,40,331924.0,,347900188.0,14829807.0
DNA,"Ginkgo Bioworks Holdings, Inc.",0001830214,40,-312763000.0,170155000.0,1119696000.0,611106000.0
POCI,"PRECISION OPTICS CORPORATION, INC.",0000867840,40,-5780246.0,19091269.0,19790287.0,7531453.0
COLA,Columbus Acquisition Corp/Cayman Islands,0002028201,40,1285090.0,,62721049.0,310209.0
GTEN,"Gores Holdings X, Inc. / CI",0001986817,40,920659.0,,368717492.0,32376841.0
GIW,GigCapital8 Corp.,0002080019,40,1831322.0,0.0,256905556.0,286022.0
PRTA,PROTHENA CORP PUBLIC LTD CO,0001559053,40,-244092000.0,256000.0,326804000.0,46330000.0
RZLT,"Rezolute, Inc.",0001509261,40,-74412000.0,,175490000.0,13363000.0
POLEU,Andretti Acquisition Corp. II,0002025341,40,8350365.0,,244423346.0,10416059.0
TMS,Teamshares Inc,0002048951,40,-16495381.0,,240473275.0,30185375.0
APXT,Apex Treasury Corp,0002079253,40,2019588.0,,348131627.0,13871500.0
HBB,Hamilton Beach Brands Holding Co,0001709164,40,26455000.0,606852000.0,397624000.0,214779000.0
SRTS,"Sensus Healthcare, Inc.",0001494891,40,-7719000.0,27482000.0,53039000.0,4941000.0
KANP,KAANAPALI LAND LLC,0001230058,40,-3726000.0,1645000.0,85749000.0,8616000.0
VHC,VirnetX Holding Corp,0001082324,40,-18225000.0,162000.0,31062000.0,8588000.0
WHEN,"WORLD HEALTH ENERGY HOLDINGS, INC.",0000943535,40,-4694000.0,0.0,16118682.0,5447644.0
HYPD,"HYPERION DEFI, INC.",0001682639,40,-45314435.0,813455.0,51764256.0,10703749.0
SCYX,SCYNEXIS INC,0001178253,40,-8609000.0,257000.0,59027000.0,9651000.0
BKHA,Black Hawk Acquisition Corp,0002000775,40,1329557.0,,23877939.0,3897233.0
TACT,TRANSACT TECHNOLOGIES INC,0001017303,40,-1131000.0,11453000.0,44769000.0,13653000.0
ETS,Elite Express Holding Inc.,0002053641,40,-2185987.0,2665948.0,13705022.0,513155.0
CVV,CVD EQUIPMENT CORP,0000766792,40,-1585000.0,41128639.0,27509000.0,2784000.0
COGT,"Cogent Biosciences, Inc.",0001622229,40,-328937000.0,,937607000.0,301236000.0
NIOBW,NIOCORP DEVELOPMENTS LTD,0001512228,40,-17982000.0,,43819000.0,14658000.0
WORXD,SCWorx Corp.,0001674227,40,-4444109.0,2877629.0,7896088.0,743596.0
LBRA,1847 Holdings LLC,0001599407,40,65795303.0,48272312.0,34163656.0,63551493.0
WEC,"WEC ENERGY GROUP, INC.",0000783325,40,640300000.0,9800100000.0,51518300000.0,
CNC,CENTENE CORP,0001071739,40,-6674000000.0,194777000000.0,76747000000.0,56691000000.0
ZNOG,ZION OIL & GAS INC,0001131312,40,-2322000.0,0.0,46280000.0,3852000.0
MBVI,M3-Brigade Acquisition VI Corp.,0002073928,40,4150483.0,,350760221.0,16707470.0
ODYS,Odysight.ai Inc.,0001577445,40,-17035000.0,3015000.0,28979000.0,3553000.0
PRPO,"Precipio, Inc.",0001043961,40,-363000.0,24049000.0,21317000.0,6756000.0
VGAS,"Verde Clean Fuels, Inc.",0001841425,40,-6958000.0,,60247000.0,2112000.0
KVACF,Keen Vision Acquisition Corp.,0001889983,40,1910263.0,,57039871.0,7047398.0
HYOR,HyOrc Corp,0001070789,40,-551294.0,59124.0,21735860.0,15000.0
LIDR,"AEye, Inc.",0001818644,40,-33958000.0,233000.0,90893000.0,9551000.0
RNXT,"RenovoRx, Inc.",0001574094,40,-11168000.0,1123000.0,8095000.0,2673000.0
WNDW,"SolarWindow Technologies, Inc.",0001071840,40,-2257278.0,0.0,6645254.0,194175.0
APT,ALPHA PRO TECH LTD,0000884269,40,3531000.0,,74132000.0,11654000.0
RIBB,Ribbon Acquisition Corp.,0002035016,40,690218.0,,51999143.0,2607002.0
IBAC,IB Acquisition Corp.,0001998781,40,3416169.0,,17134092.0,1832100.0
CHCT,Community Healthcare Trust Inc,0001631569,40,5102000.0,121195000.0,990757000.0,561370000.0
TLNC,Talon Capital Corp.,0002073340,40,2625175.0,,255100876.0,10328702.0
ASPS,ALTISOURCE PORTFOLIO SOLUTIONS S.A.,0001462418,40,71112000.0,216066000.0,139801000.0,
SGA,SAGA COMMUNICATIONS INC,0000886136,40,-7899000.0,32938000.0,201322000.0,49842000.0
BGSF,"BGSF, INC.",0001474903,40,-1160000.0,22026000.0,57837000.0,9732000.0
CAPN,Cayson Acquisition Corp,0002024203,40,1637488.0,,64639912.0,3409330.0
SKYA,"SkyAI, Inc.",0001737995,40,-282502126.0,204120.0,269075173.0,4695027.0
BRID,BRIDGFORD FOODS CORP,0000014177,40,-13359000.0,174257000.0,147214000.0,31668000.0
CTM,"Castellum, Inc.",0001877939,40,-2398292.0,52866001.0,41902844.0,6150047.0
FSHP,Flag Ship Acquisition Corp,0001850059,40,1828909.0,,33105112.0,3188875.0
SOUNW,"SOUNDHOUND AI, INC.",0001840856,40,-14006000.0,,688173000.0,224387000.0
SATA,"Strive, Inc.",0001920406,40,-393598000.0,633489.0,745527000.0,14289000.0
VENAF,MicroAlgo Inc.,0001800392,40,-6963546.0,87132230.0,72086734.0,5075274.0
KVAUF,Keen Vision Acquisition Corp.,0001889983,40,1910263.0,,57039871.0,7047398.0
KVAWF,Keen Vision Acquisition Corp.,0001889983,40,1910263.0,,57039871.0,7047398.0
FEAV,"5E Advanced Materials, Inc.",0001888654,40,-31555000.0,,70729000.0,7539000.0
DBVTF,DBV Technologies S.A.,0001613780,40,-146947000.0,5636000.0,233718000.0,64948000.0
NFTM,Buildablock Corp.,0001345865,40,-1042104.0,134422.0,372007.0,131963.0
QBTS,D-Wave Quantum Inc.,0001907982,40,-355062000.0,24587000.0,915813000.0,63583000.0
HR,Healthcare Realty Trust Inc,0001360604,40,-246071000.0,1180546000.0,9210861000.0,4534236000.0
ORKA,"Oruka Therapeutics, Inc.",0000907654,40,-105433000.0,0.0,488617000.0,16687000.0
EYPT,"EyePoint, Inc.",0001314102,40,-231962000.0,701000.0,363996000.0,57883000.0
IMA,"ImageneBio, Inc.",0001835579,40,-45349000.0,800000.0,152976000.0,19837000.0
WATT,Energous Corp,0001575793,40,-9593000.0,29135.0,16742000.0,4244000.0
INMB,"Inmune Bio, Inc.",0001711754,40,-45933000.0,50000.0,32351000.0,8827000.0
DOMH,Dominari Holdings Inc.,0000012239,40,-22435000.0,123104000.0,112907000.0,43536000.0
AEI,Alset Inc.,0001750106,40,-47414942.0,16238200.0,136587114.0,6923965.0
MYPS,"PLAYSTUDIOS, Inc.",0001823878,40,-28639000.0,235097000.0,290618000.0,62752000.0
VRNO,Verano Holdings Corp.,0001848416,40,-257908000.0,821504000.0,1741594000.0,1039215000.0
KBON,Karbon Capital Partners Corp.,0002088749,40,357006.0,,346700712.0,12605635.0
BNTC,Benitec Biopharma Inc.,0001808898,40,-8805000.0,59000.0,99592000.0,2297000.0
PACK,Ranpak Holdings Corp.,0001712463,40,-38300000.0,395000000.0,1124900000.0,590000000.0
DGXX,Digi Power X Inc.,0001854368,40,-28356223.0,34188226.0,134113579.0,10852379.0
XRPN,Armada Acquisition Corp. II,0002044009,40,1771983.0,,235199591.0,10715994.0
KFII,K&F GROWTH ACQUISITION CORP. II,0002029976,40,10196396.0,,300603350.0,10145764.0
GEOS,GEOSPACE TECHNOLOGIES CORP,0001001115,40,-9724000.0,110803000.0,153037000.0,27528000.0
BOLD,"Boundless Bio, Inc.",0001782303,40,-58197000.0,,157059000.0,58405000.0
FEAM,"5E Advanced Materials, Inc.",0001888654,40,-31555000.0,,70729000.0,7539000.0
AIRG,AIRGAIN INC,0001272842,40,-6426000.0,51779000.0,45337000.0,17048000.0
QXL,QUANTUM X LABS INC.,0000797542,40,-19285000.0,26941000.0,10757000.0,975153.0
NTRB,NutriBand Inc.,0001676047,40,-8229632.0,2036651.0,7547935.0,868447.0
CMPX,"Compass Therapeutics, Inc.",0001738021,40,-66489000.0,,219588000.0,22797000.0
MESH,Meshflow Acquisition Corp,0002081468,40,550974.0,,347012367.0,14805130.0
CARL,"CARLSMED, INC.",0001794546,40,-29634000.0,,130120000.0,31251000.0
FISN,"DEEP FISSION, INC.",0001918102,40,-61002954.0,,24691085.0,2403972.0
AVIR,"Atea Pharmaceuticals, Inc.",0001593899,40,-158349000.0,351367000.0,315218000.0,39784000.0
BOC,BOSTON OMAHA Corp,0001494582,40,-12427540.0,114376348.0,713072289.0,177000323.0
COBA,Chilean Cobalt Corp.,0001727255,40,-3263140.0,0.0,2847271.0,50432.0
S,"SentinelOne, Inc.",0001583708,40,-450735000.0,1001278000.0,2438102000.0,1000957000.0
RAL,Ralliant Corp,0002041385,40,-1222500000.0,2068800000.0,3821600000.0,2187300000.0
CGON,"CG Oncology, Inc.",0001991792,40,-160995000.0,,791592000.0,38990000.0
NCPLW,Netcapital Inc.,0001414767,40,-28301325.0,869460.0,20901491.0,5995767.0
BTCK,Teucrium Commodity Trust,0001471824,40,-26493588.0,,241695254.0,17047836.0
SERV,Serve Robotics Inc. /DE/,0001832483,40,-101361000.0,207545.0,367751000.0,17007000.0
BTCS,BTCS Inc.,0001436229,40,-33353433.0,16491584.0,214631822.0,75215043.0
VRDR,"VERDE RESOURCES, INC.",0001506929,40,-4782977.0,133202.0,39095392.0,1726621.0
IBIO,"iBio, Inc.",0001420720,40,-33044000.0,0.0,99110000.0,13397000.0
XBIT,XBiotech Inc.,0001626878,40,-45540000.0,,150082000.0,9732000.0
TENX,"TENAX THERAPEUTICS, INC.",0000034956,40,-52599000.0,0.0,104227000.0,7156000.0
UAVS,AgEagle Aerial Systems Inc.,0000008504,40,-5279717.0,13392777.0,42229341.0,6492635.0
VISK,"Viskase Holdings, Inc.",0000727510,40,-3409000.0,26000.0,42813000.0,4801000.0
BMBL,Bumble Inc.,0001830043,40,-693138000.0,965658000.0,1425078000.0,743969000.0
HVT,HAVERTY FURNITURE COMPANIES INC,0000216085,40,19730000.0,758995000.0,649052000.0,341123000.0
BIOA,"BioAge Labs, Inc.",0001709941,40,-80605000.0,8995000.0,294889000.0,22838000.0
CANE,Teucrium Commodity Trust,0001471824,40,-26493588.0,,241695254.0,17047836.0
NPAC,New Providence Acquisition Corp. III/Cayman,0002048948,40,7675973.0,,310806263.0,12884684.0
ANVS,"Annovis Bio, Inc.",0001477845,40,-28854197.0,0.0,21081625.0,4230375.0
WWR,"WESTWATER RESOURCES, INC.",0000839470,40,-27326000.0,0.0,194533000.0,13004000.0
LINK,INTERLINK ELECTRONICS INC,0000828146,40,-1615000.0,11890000.0,11738000.0,2517000.0
PEW,GrabAGun Digital Holdings Inc.,0002051380,40,-2507000.0,96449000.0,131262000.0,23661000.0
RANG,Range Capital Acquisition Corp.,0002035644,40,4035451.0,,120927257.0,206622.0
AISP,"Airship AI Holdings, Inc.",0001842566,40,29321363.0,15321349.0,19475330.0,26624972.0
RNTX,"Rein Therapeutics, Inc.",0001420565,40,-49871000.0,0.0,24158000.0,7240000.0
PLRX,"PLIANT THERAPEUTICS, INC.",0001746473,40,-149344000.0,0.0,225228000.0,44023000.0
PMVP,"PMV Pharmaceuticals, Inc.",0001699382,40,-77742000.0,,116562000.0,11850000.0
INVE,"Identiv, Inc.",0001036044,40,-18003000.0,60219000.0,151337000.0,10636000.0
BFRGW,"BullFrog AI Holdings, Inc.",0001829247,40,-6498068.0,116670.0,2808351.0,672022.0
INN-PF,"Summit Hotel Properties, Inc.",0001497645,40,-11012000.0,729472000.0,2776030000.0,1502059000.0
INN-PE,"Summit Hotel Properties, Inc.",0001497645,40,-11012000.0,729472000.0,2776030000.0,1502059000.0
ZETA,Zeta Global Holdings Corp.,0001851003,40,-31509000.0,1304668000.0,1503524000.0,698935000.0
CCAP,"Crescent Capital BDC, Inc.",0001633336,40,34509000.0,,1622135000.0,916097000.0
CRDF,"Cardiff Oncology, Inc.",0001213037,40,-45851000.0,365993.0,61884000.0,16496000.0
IPWR,Ideal Power Inc.,0001507957,40,-10578420.0,0.0,10046689.0,2169600.0
CSPI,CSP INC /MA/,0000356037,40,-91000.0,58730000.0,71163000.0,26612000.0
WTG,Wintergreen Acquisition Corp.,0002053927,40,988403.0,,58753226.0,115845.0
BPAC,Blueport Acquisition Ltd,0002064177,40,-19738.0,,58327817.0,1285257.0
MNOV,MEDICINOVA INC,0001226616,40,-11997957.0,6000000.0,45603109.0,4016428.0
ATVK,"Globaltek Ventures, Inc.",0001530185,40,-6384392.0,678300.0,10969697.0,3169376.0
CAPR,"CAPRICOR THERAPEUTICS, INC.",0001133869,40,-105043946.0,0.0,355949294.0,50157149.0
RTAC,Renatus Tactical Acquisition Corp I,0002035173,40,2084244.0,,248611625.0,10423035.0
CRAQ,Cal Redwood Acquisition Corp.,0002058359,40,5054949.0,,236871137.0,9379542.0
ARCT,Arcturus Therapeutics Holdings Inc.,0001768224,40,-65783000.0,82031000.0,271148000.0,57163000.0
WEAT,Teucrium Commodity Trust,0001471824,40,-26493588.0,,241695254.0,17047836.0
TAGS,Teucrium Commodity Trust,0001471824,40,-26493588.0,,241695254.0,17047836.0
SOYB,Teucrium Commodity Trust,0001471824,40,-26493588.0,,241695254.0,17047836.0
CORN,Teucrium Commodity Trust,0001471824,40,-26493588.0,,241695254.0,17047836.0
ACCO,ACCO BRANDS Corp,0000712034,40,41300000.0,1524700000.0,2253000000.0,1588400000.0
TELO,"Telomir Pharmaceuticals, Inc.",0001971532,40,-10413205.0,,7341361.0,1427991.0
ZOMDF,Zomedica Corp.,0001684144,40,-81858000.0,4133123.0,127039000.0,11642000.0
EMPD,Empery Digital Inc.,0001829794,40,-150052486.0,974977.0,372436094.0,103221877.0
SEAT,Vivid Seats Inc.,0001856031,40,806054000.0,450509000.0,636866000.0,721995000.0
NORD,Nordicus Partners Corp,0001011060,40,-4001686.0,3346.0,75463346.0,11225463.0
NATH,"NATHANS FAMOUS, INC.",0000069733,40,20020000.0,22129000.0,53651000.0,67874000.0
XFOR,"X4 Pharmaceuticals, Inc",0001501697,40,-79199000.0,6500000.0,290461000.0,104171000.0
MRAM,EVERSPIN TECHNOLOGIES INC.,0001438423,40,-586000.0,49417000.0,84609000.0,15692000.0
SRRK,Scholar Rock Holding Corp,0001727196,40,-377939000.0,0.0,404272000.0,158784000.0
BA,BOEING CO,0000012927,40,2235000000.0,89463000000.0,168235000000.0,162778000000.0
SBFMW,Sunshine Biopharma Inc.,0001402328,40,-5975352.0,36305891.0,30079167.0,7040707.0
TEX,TEREX CORP,0000097216,40,221000000.0,5421000000.0,6139000000.0,4044000000.0
AWI,ARMSTRONG WORLD INDUSTRIES INC,0000007431,40,308700000.0,1620800000.0,1924700000.0,
CPER,United States Commodity Index Funds Trust,0001479247,40,75327633.0,-16559249.0,200014444.0,3102585.0
SWDR,"Starwood Real Estate Income Trust, Inc.",0001711929,40,-691616000.0,1580929000.0,18917862000.0,14550271000.0
ASPSZ,ALTISOURCE PORTFOLIO SOLUTIONS S.A.,0001462418,40,71112000.0,216066000.0,139801000.0,
PCAP,ProCap Acquisition Corp,0002056634,40,5659179.0,,257302148.0,11365789.0
RLGT,"RADIANT LOGISTICS, INC",0001171155,40,17291000.0,902696000.0,426774000.0,200689000.0
RCKT,"ROCKET PHARMACEUTICALS, INC.",0001281895,40,-223123000.0,0.0,330449000.0,53228000.0
TKNO,"Alpha Teknova, Inc.",0001850902,40,-17259000.0,40520000.0,103584000.0,34809000.0
CPHC,Canterbury Park Holding Corp,0001672909,40,-529431.0,12602241.0,112581080.0,28703032.0
ASRV,AMERISERV FINANCIAL INC /PA/,0000707605,40,1442000.0,14634000.0,1453813000.0,1334501000.0
LPAA,Launch One Acquisition Corp.,0002015502,40,8309154.0,,245630529.0,11741137.0
FRMM,FORUM MARKETS Inc,0001690080,40,-450521000.0,6547000.0,306297000.0,66879000.0
IOR,INCOME OPPORTUNITY REALTY INVESTORS INC /TX/,0000949961,40,976000.0,,125917000.0,12000.0
MCHX,MARCHEX INC,0001224133,40,-5235000.0,90291000.0,39680000.0,9595000.0
NMAD,"NOMAD POWER SOLUTIONS, INC.",0001335105,40,-6078593.0,200000.0,12733621.0,1772070.0
LXEO,"Lexeo Therapeutics, Inc.",0001907108,40,-99961000.0,654000.0,268688000.0,22019000.0
MNRO,"MONRO, INC.",0000876427,40,2173000.0,1157176000.0,1567977000.0,976504000.0
SWDS,"Starwood Real Estate Income Trust, Inc.",0001711929,40,-691616000.0,1580929000.0,18917862000.0,14550271000.0
CAI,"Caris Life Sciences, Inc.",0002019410,40,-68088000.0,812033000.0,1125663000.0,548356000.0
LEVI,LEVI STRAUSS & CO,0000094845,40,210600000.0,6282000000.0,6848800000.0,4570200000.0
RDAG,Republic Digital Acquisition Co,0002055459,40,7718712.0,,309194555.0,12800343.0
GEVO,"Gevo, Inc.",0001392380,40,-33836000.0,711000.0,718929000.0,247760000.0
RLYB,Rallybio Corp,0001739410,40,-8978000.0,858000.0,62261000.0,4305000.0
ACET,"Adicet Bio, Inc.",0001720580,40,-116803000.0,,192355000.0,33145000.0
SERA,"SERA PROGNOSTICS, INC.",0001534969,40,-31928000.0,81000.0,101933000.0,26525000.0
ALIS,Calisa Acquisition Corp,0002026767,40,245454.0,,61017446.0,85186.0
RVRC,Revium Rx.,0001839140,40,-13449000.0,,8296000.0,1415000.0
LCGMF,LION COPPER & GOLD CORP.,0001339688,40,4383000.0,,29468000.0,6082000.0
LFVN,Lifevantage Corp,0000849146,40,5072000.0,203204000.0,62111000.0,28522000.0
IEHC,IEH Corp,0000050292,40,-1296784.0,29417600.0,27058894.0,4700402.0
APAC,StoneBridge Acquisition II Corp,0002043630,40,302325.0,,58639061.0,45683.0
TACO,Berto Acquisition Corp.,0002033122,40,7876314.0,,309391928.0,12439195.0
CAG,CONAGRA BRANDS INC.,0000023217,40,-1916200000.0,1500000000.0,17274400000.0,10916800000.0
SNEX,StoneX Group Inc.,0000913760,40,305900000.0,132378200000.0,45268000000.0,42890600000.0
ASPSW,ALTISOURCE PORTFOLIO SOLUTIONS S.A.,0001462418,40,71112000.0,216066000.0,139801000.0,
ILMN,"ILLUMINA, INC.",0001110803,40,850000000.0,4343000000.0,6644000000.0,
IPSC,"Century Therapeutics, Inc.",0001850119,40,-9580000.0,109164000.0,223704000.0,64768000.0
SLP,"Simulations Plus, Inc.",0001023459,40,-64718000.0,59577000.0,131936000.0,7135000.0
CLFD,"Clearfield, Inc.",0000796505,40,-8050000.0,85034000.0,306173000.0,50010000.0
WRAP,"WRAP TECHNOLOGIES, INC.",0001702924,40,-10335000.0,4672000.0,15418000.0,3928000.0
MMTX,Miluna Acquisition Corp,0002077033,40,316509.0,,70223492.0,740748.0
SIMA,SIM Acquisition Corp. I,0002014982,40,8789649.0,,245388730.0,11254592.0
VRA,"Vera Bradley, Inc.",0001495320,40,2657000.0,118193000.0,234005000.0,102366000.0
DWTX,"Dogwood Therapeutics, Inc.",0001818844,40,-34257370.0,,90171237.0,15274370.0
GANX,"Gain Therapeutics, Inc.",0001819411,40,-20161099.0,55180.0,22818975.0,4254227.0
MGPI,MGP INGREDIENTS INC,0000835011,40,-107809000.0,19782000.0,1235864000.0,519074000.0
CD,Chaince Digital Holdings Inc.,0001527762,40,-5097831.0,1867068.0,46595073.0,2562879.0
WENN,WEN Acquisition Corp,0002057043,40,6877026.0,,308496366.0,14421082.0
HCXY,"Hercules Capital, Inc.",0001280784,40,339737000.0,,4584026000.0,2367973000.0
PEB-PH,Pebblebrook Hotel Trust,0001474098,40,-65811000.0,1475544000.0,5348174000.0,2785436000.0
PEB-PG,Pebblebrook Hotel Trust,0001474098,40,-65811000.0,1475544000.0,5348174000.0,2785436000.0
CFTR-PA,"Cantor Fitzgerald Income Trust, Inc.",0001666244,40,-8412310.0,97855264.0,1136840647.0,666504266.0
IA,INNOVATIVE SOLUTIONS & SUPPORT INC,0000836690,40,15627660.0,,103360153.0,38757611.0
FCRS,FutureCrest Acquisition Corp.,0002074697,40,2404209.0,,291551364.0,12484029.0
LYEL,"Lyell Immunopharma, Inc.",0001806952,40,-274448000.0,36000.0,340052000.0,91850000.0
UPB,"Upstream Bio, Inc.",0002022626,40,-143443000.0,2854000.0,353772000.0,14001000.0
LCCC,Lakeshore Acquisition III Corp.,0002049248,40,1257633.0,,71623609.0,2490000.0
CGTX,COGNITION THERAPEUTICS INC,0001455365,40,-23487000.0,,48390000.0,14119000.0
BCRD,"BlueOne Technologies, Inc.",0001496690,40,-2945205.0,260013.0,12627742.0,2265856.0
ACRV,"Acrivon Therapeutics, Inc.",0001781174,40,-77905000.0,,129717000.0,17201000.0
SUIG,SUI Group Holdings Ltd.,0001425355,40,-266081856.0,3898631.0,190364976.0,20623297.0
HYPR,"Hyperfine, Inc.",0001833769,40,-35574000.0,13563000.0,55262000.0,14257000.0
ALDX,"Aldeyra Therapeutics, Inc.",0001341235,40,-33846661.0,,72059317.0,27808927.0
ORIQ,Origin Investment Corp I,0002044523,40,683099.0,,72311172.0,174872.0
ICCC,IMMUCELL CORP /DE/,0000811641,40,-1040027.0,26493169.0,42532447.0,15476967.0
SCCO,SOUTHERN COPPER CORP/,0001001838,40,536900000.0,6654500000.0,21381400000.0,
STX,Seagate Technology Holdings plc,0001137789,40,1469000000.0,7384000000.0,8023000000.0,8476000000.0
COMP,"Compass, Inc.",0001563190,40,-58500000.0,6961600000.0,1539500000.0,752200000.0
SFD,SMITHFIELD FOODS INC,0000091388,40,987000000.0,15531000000.0,12177000000.0,
JXN,Jackson Financial Inc.,0001822993,40,27000000.0,6683000000.0,352586000000.0,342244000000.0
TACH,Titan Acquisition Corp.,0002009183,40,7236195.0,,286457271.0,13838202.0
MBOT,Microbot Medical Inc.,0000883975,40,-13142000.0,29000.0,81544000.0,3990000.0
XTGRF,XTRA-GOLD RESOURCES CORP,0001288770,40,-5324757.0,,9823316.0,917255.0
PLYX,"Polaryx Therapeutics, Inc.",0002075320,40,-8985000.0,,5170000.0,605000.0
MGTE,Marblegate Capital Corp,0001965052,40,-44947000.0,48532000.0,713032000.0,116762000.0
BHM,"Bluerock Homes Trust, Inc.",0001903382,40,-1000000.0,68734000.0,1154405000.0,462565000.0
ATRA,"Atara Biotherapeutics, Inc.",0001604464,40,32688000.0,120772000.0,20235000.0,58737000.0
ARQ,"Arq, Inc.",0001515156,40,-52610000.0,25764000.0,230580000.0,62617000.0
LGL,LGL GROUP INC,0000061004,40,-27000.0,1219000.0,46776000.0,1211000.0
REI,"RING ENERGY, INC.",0001384195,40,-34731199.0,307178072.0,1411899249.0,575623503.0
ATR,"APTARGROUP, INC.",0000896622,40,392789000.0,3777181000.0,5252719000.0,
AHL-PE,ASPEN INSURANCE HOLDINGS LTD,0001267395,40,-146800000.0,598500000.0,12532900000.0,9876900000.0
AHL-PD,ASPEN INSURANCE HOLDINGS LTD,0001267395,40,-146800000.0,598500000.0,12532900000.0,9876900000.0
KCHV,Kochav Defense Acquisition Corp.,0002053799,40,5535163.0,,259895500.0,7119104.0
CCII,Cohen Circle Acquisition Corp. II,0002064683,40,4355499.0,,259709691.0,10897791.0
HLLY,Holley Inc.,0001822928,40,19175000.0,613514000.0,1163953000.0,715028000.0
CHPG,ChampionsGate Acquisition Corp,0002024460,40,1175395.0,,76992999.0,1663238.0
NOEM,CO2 Energy Transition Corp.,0001956648,40,1652360.0,,72496829.0,2875111.0
PUSA,Aureus Greenway Holdings Inc,0002009312,40,-3677030.0,2964377.0,34751338.0,2036080.0
GRWG,GrowGeneration Corp.,0001604868,40,-24046000.0,193365479.0,147040000.0,49541000.0
AMPG,"AmpliTech Group, Inc.",0001518461,40,-7007155.0,25195930.0,51479179.0,18616618.0
SEV,Aptera Motors Corp,0001786471,40,-43907000.0,,30237000.0,9797000.0
KLRS,"Kalaris Therapeutics, Inc.",0001754068,40,-43438000.0,165000.0,121736000.0,42922000.0
SPKL,Spark I Acquisition Corp,0001884046,40,293600.0,,25357804.0,7347552.0
ARTNA,ARTESIAN RESOURCES CORP,0000863110,40,22822000.0,112941000.0,851229000.0,
BKKT,"Bakkt, Inc.",0001820302,40,-107212000.0,2335243000.0,162788000.0,50006000.0
VIAV,VIAVI SOLUTIONS INC.,0000912093,40,-30400000.0,1518300000.0,2705600000.0,1257100000.0
BRKR,BRUKER CORP,0001109354,40,-8600000.0,553600000.0,6241400000.0,3731100000.0
TWST,Twist Bioscience Corp,0001581280,40,-77670000.0,,641861000.0,168903000.0
JBL,JABIL INC,0000898293,40,657000000.0,25282320000.0,18543000000.0,17026000000.0
BAH,Booz Allen Hamilton Holding Corp,0001443646,40,851000000.0,11217000000.0,7118000000.0,6013000000.0
BROS,Dutch Bros Inc.,0001866581,40,79842000.0,1638159000.0,3009314000.0,2111445000.0
ZNTL,"Zentalis Pharmaceuticals, Inc.",0001725160,40,-137060000.0,0.0,288967000.0,72763000.0
OYSE,Oyster Enterprises II Acquisition Corp,0002042182,40,5784370.0,,260284528.0,8972542.0
BDCI,BTC Development Corp.,0002042292,40,1871283.0,,257284312.0,10876958.0
PAII,Pyrophyte Acquisition Corp. II,0002069238,40,2973863.0,,204802905.0,9463638.0
SPAI,Safe Pro Group Inc.,0002011208,40,-14322779.0,606681.0,19114804.0,1397791.0
QSEA,Quartzsea Acquisition Corp,0002047455,40,510959.0,,85336925.0,4053883.0
YARW,"Yarrow Bioscience, Inc.",0001566044,40,-26483000.0,4286000.0,30160000.0,2395000.0
AMCI,AMC Robotics Corp,0001937891,40,-24817342.0,5980847.0,11172586.0,746384.0
RR,RICHTECH ROBOTICS INC.,0001963685,40,-15754000.0,5045000.0,272758000.0,2925000.0
ALUB,Alussa Energy Acquisition Corp. II,0002041493,40,-7403644.0,,290243281.0,18716728.0
SDHI,Siddhi Acquisition Corp (Cayman Islands),0002034037,40,-223387.0,,286743485.0,16683674.0
CATX,"Perspective Therapeutics, Inc.",0000728387,40,-103121000.0,2505000.0,266972000.0,59941000.0
PTLO,Portillo's Inc.,0001871509,40,19345000.0,732066000.0,1606534000.0,1109261000.0
RFIL,R F INDUSTRIES LTD,0000740664,40,75000.0,55325000.0,73046000.0,37842000.0
OCC,OPTICAL CABLE CORP,0001000230,40,48613.0,20273277.0,40059781.0,18485876.0
INV,"Innventure, Inc.",0002001557,40,-293317000.0,2056000.0,599187000.0,115511000.0
QUMS,Quantumsphere Acquisition Corp,0002070900,40,978206.0,,85200365.0,3585747.0
PGAC,PANTAGES CAPITAL ACQUISITION Corp,0002030829,40,2547952.0,,90359632.0,1654422.0
SEER,"Seer, Inc.",0001726445,40,-73600000.0,16578000.0,296083000.0,36776000.0
PLMK,"Plum Acquisition Corp, IV",0002030482,40,6051821.0,,181681987.0,7363935.0
DTCX,"Datacentrex, Inc.",0001853825,40,-8502885.0,2446.0,66841910.0,335203.0
COYA,"Coya Therapeutics, Inc.",0001835022,40,-21226107.0,7945753.0,49950245.0,6922015.0
HYSR,"SUNHYDROGEN, INC.",0001481028,40,-8226307.0,,37923920.0,674942.0
LAKE,LAKELAND INDUSTRIES INC,0000798081,40,-25311000.0,192648000.0,209933000.0,80806000.0
NAUT,"Nautilus Biotechnology, Inc.",0001808805,40,-59001000.0,,191112000.0,34139000.0
RFL,"Rafael Holdings, Inc.",0001713863,40,-290000.0,917000.0,114109000.0,15738000.0
SLNG,"Stabilis Solutions, Inc.",0001043186,40,-1354000.0,68245000.0,83110000.0,16438000.0
ET-PI,Energy Transfer LP,0001276187,40,4433000000.0,85536000000.0,141286000000.0,
AHL-PF,ASPEN INSURANCE HOLDINGS LTD,0001267395,40,-146800000.0,598500000.0,12532900000.0,9876900000.0
R,RYDER SYSTEM INC,0000085961,40,499000000.0,12665000000.0,16387000000.0,13335000000.0
IMVT,"Immunovant, Inc.",0001764013,40,-505606000.0,,957014000.0,104422000.0
BLZR,Trailblazer Acquisition Corp.,0002075310,40,2984991.0,,279551867.0,11822756.0
DSAC,Daedalus Special Acquisition Corp.,0002082149,40,370459.0,,251743139.0,8946683.0
CHAR,Charlton Aria Acquisition Corp,0002024459,40,2982042.0,,89457824.0,1898508.0
AGPU,Axe Compute Inc.,0001446159,40,-233095203.0,,52888346.0,5171391.0
ENGN,enGene Therapeutics Inc.,0001980845,40,-117302000.0,,221468000.0,53758000.0
KULR,"KULR Technology Group, Inc.",0001662684,40,-61899782.0,1274028.0,128967704.0,7355506.0
MX,MAGNACHIP SEMICONDUCTOR Corp,0001325702,40,-29724000.0,178860000.0,351529000.0,103279000.0
BRBS,"BLUE RIDGE BANKSHARES, INC.",0000842717,40,10709000.0,111284000.0,2432589000.0,2108898000.0
SOUL,Soulpower Acquisition Corp.,0002025608,40,5961658.0,,259125506.0,12284427.0
BLND,"Blend Labs, Inc.",0001855747,40,-6801000.0,123585000.0,170045000.0,41023000.0
CLNE,Clean Energy Fuels Corp.,0001368265,40,-222024000.0,341599000.0,1056716000.0,491649000.0
PALI,"PALISADE BIO, INC.",0001357459,40,-16781000.0,260000.0,134344000.0,4964000.0
SEG,Seaport Entertainment Group Inc.,0002009684,40,-116742000.0,130408000.0,650122000.0,183715000.0
IKT,"Inhibikase Therapeutics, Inc.",0001750149,40,-48259189.0,0.0,181204516.0,8300837.0
APGE,"Apogee Therapeutics, Inc.",0001974640,40,-255843000.0,,937134000.0,33251000.0
BEAG,Bold Eagle Acquisition Corp.,0001852207,40,9764567.0,,270595239.0,9761683.0
NAKA,Nakamoto Inc.,0001946573,40,-52228923.0,1821315.0,730607754.0,216351128.0
HSDT,Solana Co,0001610853,40,-40890000.0,6017000.0,303929000.0,3016000.0
QTRX,Quanterix Corp,0001503274,40,-107150000.0,10877000.0,418766000.0,123036000.0
BDTX,"Black Diamond Therapeutics, Inc.",0001701541,40,22367000.0,0.0,143010000.0,30799000.0
IPEX,Inflection Point Acquisition Corp. V,0002028355,40,396872.0,,89528052.0,6218470.0
HOVR,New Horizon Aircraft Ltd.,0001930021,40,8614602.0,,122083192.0,7086158.0
GNLX,GENELUX Corp,0001231457,40,-32145000.0,8000.0,19027000.0,7483000.0
GRUSF,Grown Rogue International Inc.,0001463000,40,3229957.0,32427936.0,62736536.0,38818189.0
RANI,"Rani Therapeutics Holdings, Inc.",0001856725,40,-29673000.0,1633000.0,58621000.0,17109000.0
ANIX,Anixa Biosciences Inc,0000715446,40,-10927000.0,210000.0,16080000.0,2130000.0
SBXE,SilverBox Corp V,0002081909,40,-7689409.0,,277803811.0,20309946.0
AXIN,Axiom Intelligence Acquisition Corp 1,0002057030,40,3649620.0,,205155188.0,8104774.0
PCOR,"PROCORE TECHNOLOGIES, INC.",0001611052,40,-100783000.0,1322509000.0,2239065000.0,976803000.0
BGMSP,"Bio Green Med Solution, Inc.",0001130166,40,-2998000.0,0.0,8185000.0,1343000.0
SYRE,"Spyre Therapeutics, Inc.",0001636282,40,-155203000.0,0.0,777781000.0,62545000.0
HURA,"TuHURA Biosciences, Inc./NV",0001498382,40,-30051977.0,0.0,27353156.0,6420828.0
KVHI,KVH INDUSTRIES INC \DE\,0001007587,40,-7383000.0,9622000.0,151500000.0,20516000.0
USGO,U.S. GoldMining Inc.,0001947244,40,-6991064.0,,8445682.0,836572.0
EQ,"Equillium, Inc.",0001746466,40,-22398000.0,41095000.0,31887000.0,3290000.0
UMEW,UMeWorld Inc.,0001114936,40,-77289.0,166803.0,21135830.0,1531506.0
MED,MEDIFAST INC,0000910329,40,-18672000.0,264912000.0,247973000.0,49053000.0
VTVT,vTv Therapeutics Inc.,0001641489,40,-26974000.0,0.0,89899000.0,25462000.0
HDRN,"Hadron Energy, Inc.",0002023730,40,3825465.0,0.0,211878016.0,3641177.0
MRLN,"Merlin, Inc.",0002028707,40,6008347.0,,263149350.0,12079932.0
HCMA,HCM III ACQUISITION CORP.,0002069856,40,2192991.0,,258425412.0,13914331.0
RMR,RMR GROUP INC.,0001644378,40,17596000.0,700284000.0,718245000.0,316232000.0
NMFCZ,New Mountain Finance Corp,0001496099,40,16488000.0,,2902853000.0,1714597000.0
AMPGZ,"AmpliTech Group, Inc.",0001518461,40,-7007155.0,25195930.0,51479179.0,18616618.0
ATLCZ,Atlanticus Holdings Corp,0001464343,40,122204000.0,1968399000.0,7623088000.0,6979258000.0
ATLCL,Atlanticus Holdings Corp,0001464343,40,122204000.0,1968399000.0,7623088000.0,6979258000.0
SPXC,"SPX Technologies, Inc.",0000088205,40,244000000.0,2265100000.0,3604600000.0,
VSAT,VIASAT INC,0000797721,40,-34086000.0,4640280000.0,15226596000.0,10497334000.0
SABS,"SAB Biotherapeutics, Inc.",0001833214,40,13273683.0,0.0,172809969.0,21315594.0
MXCT,"MAXCYTE, INC.",0001287098,40,-44630000.0,33026000.0,202507000.0,31017000.0
INTT,INTEST CORP,0001036262,40,-2527000.0,19381000.0,151313000.0,47690000.0
LENZ,"LENZ Therapeutics, Inc.",0001815776,40,-82127000.0,19088000.0,305876000.0,21537000.0
BOOM,DMC Global Inc.,0000034067,40,-13452000.0,609840000.0,635831000.0,206701000.0
FVN,Future Vision II Acquisition Corp.,0002010653,40,2070450.0,,62060299.0,158000.0
AOUT,"American Outdoor Brands, Inc.",0001808997,40,-9208000.0,190536000.0,226620000.0,60727000.0
CNTB,Connect Biopharma Holdings Ltd,0001835268,40,-55480000.0,64000.0,56075000.0,14095000.0
CLW,Clearwater Paper Corp,0001441236,40,-18600000.0,1555400000.0,1588300000.0,763000000.0
RPAY,Repay Holdings Corp,0001720592,40,-256724000.0,309261000.0,1199749000.0,717967000.0
BLUW,Blue Water Acquisition Corp. III,0002050501,40,4667721.0,,258910967.0,9045149.0
IMRX,Immuneering Corp,0001790340,40,-56024898.0,0.0,231985010.0,13501042.0
SCPQ,Social Commerce Partners Corp,0002083143,40,-583044.0,,101119455.0,3646629.0
PTGX,"Protagonist Therapeutics, Inc",0001377121,40,-130149000.0,,668188000.0,53481000.0
AES,AES CORP,0000874761,40,910000000.0,12233000000.0,51768000000.0,
KRMD,"KORU Medical Systems, Inc.",0000704440,40,-2637926.0,41127366.0,28200179.0,11152257.0
TNYA,"Tenaya Therapeutics, Inc.",0001858848,40,-90597000.0,,146921000.0,23656000.0
CITR,CitroTech Inc.,0000894556,40,-36837643.0,2381407.0,14183519.0,2920605.0
PAL,"Proficient Auto Logistics, Inc",0001998768,40,-36019566.0,,477977509.0,166587038.0
YCY,AA Mission Acquisition Corp. II,0002075336,40,585266.0,,117222948.0,3231746.0
UNCY,"Unicycive Therapeutics, Inc.",0001766140,40,-26555000.0,675000.0,49135000.0,18938000.0
CLAR,Clarus Corp,0000913277,40,-46556000.0,228000.0,249028000.0,52635000.0
INGN,Inogen Inc,0001294133,40,-22747000.0,348668000.0,298625000.0,106394000.0
AARD,"Aardvark Therapeutics, Inc.",0001774857,40,-57591000.0,,117181000.0,10548000.0
MET,METLIFE INC,0001099219,40,3379000000.0,77084000000.0,745166000000.0,716245000000.0
BKR,Baker Hughes Co,0001701605,40,2588000000.0,27733000000.0,40881000000.0,
COF-PK,CAPITAL ONE FINANCIAL CORP,0000927628,40,2453000000.0,53434000000.0,669009000000.0,555393000000.0
COF-PJ,CAPITAL ONE FINANCIAL CORP,0000927628,40,2453000000.0,53434000000.0,669009000000.0,555393000000.0
COF-PI,CAPITAL ONE FINANCIAL CORP,0000927628,40,2453000000.0,53434000000.0,669009000000.0,555393000000.0
PRAX,"Praxis Precision Medicines, Inc.",0001689548,40,-303268000.0,0.0,937907000.0,59771000.0
OBA,Oxley Bridge Acquisition Ltd,0002034313,40,4782187.0,,259327478.0,12156507.0
DRDB,Roman DBDR Acquisition Corp. II,0002032528,40,7737428.0,,241506267.0,1095805.0
SZZL,Sizzle Acquisition Corp. II,0002030663,40,6469756.0,,237962086.0,11088927.0
DUOT,"DUOS TECHNOLOGIES GROUP, INC.",0001396536,40,-9835031.0,27023651.0,63409415.0,14856849.0
FERA,Fifth Era Acquisition Corp I,0002025401,40,4130222.0,,238584003.0,14063559.0
TONT,Graf Global Corp.,0001897463,40,8019450.0,,245725603.0,11084276.0
EML,EASTERN CO,0000031107,40,7132785.0,248970345.0,216676616.0,92031287.0
HOFT,HOOKER FURNISHINGS Corp,0001077688,40,-26967000.0,,225891000.0,56649000.0
INAC,Indigo Acquisition Corp.,0002063816,40,1822212.0,,118083962.0,4109042.0
INDP,"Indaptus Therapeutics, Inc.",0001857044,40,-20848916.0,,9310168.0,3393881.0
TLS,TELOS CORP,0000320121,40,-36546000.0,164805000.0,139864000.0,43914000.0
ABAT,AMERICAN BATTERY TECHNOLOGY Co,0001576873,40,-46762625.0,0.0,84457791.0,13858768.0
CEPV,"Cantor Equity Partners V, Inc.",0002034266,40,1230175.0,,251996009.0,91177.0
RGP,"RESOURCES CONNECTION, INC.",0001084765,40,-40601000.0,452006000.0,257399000.0,87625000.0
SMMT,Summit Therapeutics Inc.,0001599298,40,-1079586000.0,0.0,751182000.0,92322000.0
AM,Antero Midstream Corp,0001623925,40,17669000.0,1188426000.0,5884116000.0,3912075000.0
COF-PN,CAPITAL ONE FINANCIAL CORP,0000927628,40,2453000000.0,53434000000.0,669009000000.0,555393000000.0
COF-PL,CAPITAL ONE FINANCIAL CORP,0000927628,40,2453000000.0,53434000000.0,669009000000.0,555393000000.0
GKOS,GLAUKOS Corp,0001192448,40,-187691000.0,507442000.0,893487000.0,237332000.0
UHS,UNIVERSAL HEALTH SERVICES INC,0000352915,40,1488796000.0,17364829000.0,15527593000.0,
ORBS,Eightco Holdings Inc.,0001892492,40,-262013060.0,31820779.0,250193124.0,17975088.0
FREVS,"FIRST REAL ESTATE INVESTMENT TRUST OF NEW JERSEY, INC.",0000036840,40,1122000.0,7546000.0,149874000.0,124171000.0
SPEG,Silver Pegasus Acquisition Corp.,0002028735,40,2948.0,,117639375.0,8477246.0
LAFA,LaFayette Acquisition Corp.,0002079106,40,554273.0,,116744813.0,4124850.0
OKUR,"OnKure Therapeutics, Inc.",0001637715,40,-59517000.0,0.0,62117000.0,5933000.0
DIBS,"1stdibs.com, Inc.",0001600641,40,-13666000.0,89620000.0,132107000.0,38526000.0
LKSP,Lake Superior Acquisition Corp,0002043508,40,666033.0,,116586383.0,4728295.0
USBC,"USBC, Inc.",0001074828,40,-27455848.0,0.0,93670930.0,12139155.0
VNDA,Vanda Pharmaceuticals Inc.,0001347178,40,-220474000.0,216105000.0,488948000.0,161762000.0
KOYN,"CSLM Digital Asset Acquisition Corp III, Ltd",0002068454,40,1847947.0,,236485789.0,9409558.0
EVOX,Evolution Global Acquisition Corp,0002077954,40,-4113235.0,,242474554.0,9766686.0
PACH,Pioneer Acquisition I Corp,0002040381,40,4782280.0,,259221117.0,12231278.0
PCAR,PACCAR INC,0000075362,40,2375800000.0,28444800000.0,44336200000.0,
QSI,Quantum-Si Inc,0001816431,40,-101339000.0,2436000.0,245607000.0,25381000.0
CUE,"Cue Biopharma, Inc.",0001645460,40,-26602000.0,27466000.0,42212000.0,15780000.0
SPRB,"SPRUCE BIOSCIENCES, INC.",0001683553,40,-38966000.0,0.0,53021000.0,10505000.0
EMIS,Emmis Acquisition Corp.,0002075816,40,840557.0,,117320852.0,96707.0
ONL,Orion Properties Inc.,0001873923,40,-139309000.0,,1170502000.0,545987000.0
RM,Regional Management Corp.,0001519401,40,44412000.0,645598000.0,2103930000.0,1730838000.0
VACI,Viking Acquisition Corp I,0002080023,40,207678.0,,232897410.0,9380127.0
PMTR,Perimeter Acquisition Corp. I,0002061473,40,5307942.0,,248643694.0,9301632.0
NNDM,Nano Dimension Ltd.,0001643303,40,-293295000.0,102437000.0,638224000.0,86236000.0
ALDF,Aldel Financial II Inc.,0002031561,40,9225582.0,,243725291.0,28145.0
F-PD,FORD MOTOR CO,0000037996,40,5879000000.0,184992000000.0,289160000000.0,253180000000.0
F-PC,FORD MOTOR CO,0000037996,40,5879000000.0,184992000000.0,289160000000.0,253180000000.0
F-PB,FORD MOTOR CO,0000037996,40,5879000000.0,184992000000.0,289160000000.0,253180000000.0
DPZ,DOMINOS PIZZA INC,0001286681,40,601704000.0,4939994000.0,1716459000.0,5617601000.0
FLS,FLOWSERVE CORP,0000030625,40,346247000.0,0.0,5708200000.0,3026177000.0
OC,Owens Corning,0001370946,40,-522000000.0,7160000000.0,12980000000.0,9087000000.0
BTSG,"BrightSpring Health Services, Inc.",0001865782,40,190666000.0,12910564000.0,6413311000.0,4526945000.0
MDGL,"MADRIGAL PHARMACEUTICALS, INC.",0001157601,40,-288284000.0,180133000.0,1259589000.0,656900000.0
PNW,PINNACLE WEST CAPITAL CORP,0000764622,40,350053000.0,5339939000.0,30031599000.0,
CR,Crane Co,0001944013,40,366600000.0,2305000000.0,3853400000.0,
STEX,Streamex Corp.,0001530766,40,-462775000.0,18000.0,187543000.0,54215000.0
WALD,Waldencast plc,0001840199,40,-14427685.0,,346793686.0,56602720.0
NLOP,Net Lease Office Properties,0001952976,40,-145262000.0,118915000.0,453371000.0,155546000.0
TAVI,Tavia Acquisition Corp.,0002020385,40,3605405.0,,121115768.0,1414840.0
CNTN,"Canton Strategic Holdings, Inc.",0001861657,40,-35916250.0,,519146435.0,121220555.0
TONX,TON Strategy Co,0001566610,40,-148479000.0,32000.0,411164000.0,4769000.0
ROST,"ROSS STORES, INC.",0000745732,40,2145044000.0,22750559000.0,15548737000.0,
MLP,MAUI LAND & PINEAPPLE CO INC,0000063330,40,-10579000.0,19457000.0,47968000.0,14905000.0
RNGT,Range Capital Acquisition Corp II,0002078653,40,1836809.0,,233365127.0,8135602.0
SAC,Safeguard Acquisition Corp.,0002082844,40,333565.0,,232307042.0,9308949.0
POLE,Andretti Acquisition Corp. II,0002025341,40,8350365.0,,244423346.0,10416059.0
PHCI,Panamera Holdings Corp,0001620749,40,-536414.0,241430.0,803519.0,179064.0
UTKN,Universal Token,0001919182,40,-356248.0,0.0,1151236.0,30000.0
CRBU,"Caribou Biosciences, Inc.",0001619856,40,-148125000.0,11159000.0,175367000.0,53192000.0
CHEC,Chenghe Acquisition III Co.,0002047177,40,1088407.0,,128678635.0,5238499.0
ATOM,Atomera Inc,0001420520,40,-20174000.0,62000.0,21093000.0,2712000.0
MRT,"Marti Technologies, Inc.",0001852767,40,-837116.0,,149068001.0,8184895.0
GPAT,GP-Act III Acquisition Corp.,0001834526,40,11891655.0,,309368322.0,14672112.0
NPWR,Net Power Inc.,0001845437,40,-578628000.0,0.0,599701000.0,64496000.0
DOUG,Douglas Elliman Inc.,0001878897,40,15219000.0,955578000.0,444409000.0,261131000.0
AEAQ,Activate Energy Acquisition Corp.,0002083689,40,300371.0,,231760639.0,8226392.0
ATII,Archimedes Tech SPAC Partners II Co.,0002028516,40,7986738.0,,241345034.0,8187516.0
TVA,Texas Ventures Acquisition III Corp,0002033991,40,5926421.0,,233452498.0,9233852.0
GTERA,Globa Terra Acquisition Corp,0002043766,40,1570284.0,,179071521.0,1210014.0
BA-PA,BOEING CO,0000012927,40,2235000000.0,89463000000.0,168235000000.0,162778000000.0
FNF,"Fidelity National Financial, Inc.",0001331875,40,602000000.0,14445000000.0,109014000000.0,100042000000.0
RRX,REGAL REXNORD CORP,0000082811,40,279500000.0,3257100000.0,13921000000.0,
SCE-PN,SOUTHERN CALIFORNIA EDISON Co,0000092103,40,1085000000.0,,40315000000.0,30357000000.0
SCE-PL,SOUTHERN CALIFORNIA EDISON Co,0000092103,40,1085000000.0,,40315000000.0,30357000000.0
SCE-PG,SOUTHERN CALIFORNIA EDISON Co,0000092103,40,1085000000.0,,40315000000.0,30357000000.0
DGX,QUEST DIAGNOSTICS INC,0001022079,40,992000000.0,11035000000.0,16225000000.0,
ITHA,ITHAX Acquisition Corp III,0002080985,40,-56044.0,,231373278.0,9897468.0
CV,"CapsoVision, Inc",0001378325,40,-25315000.0,13554000.0,18164000.0,4904000.0
ZPTA,"Zapata Quantum, Inc.",0001843714,40,9336000.0,3876000.0,2272000.0,10539000.0
TAYD,"TAYLOR DEVICES, INC.",0000096536,40,8563674.0,41649673.0,77744884.0,
HVII,Hennessy Capital Investment Corp. VII,0001846416,40,3687416.0,,198284635.0,10376953.0
NKTX,"Nkarta, Inc.",0001787400,40,-104084000.0,0.0,404209000.0,91884000.0
VHCP,Vine Hill Capital Investment Corp. II,0002086264,40,,,233333000.0,8471000.0
RAC,Rithm Acquisition Corp.,0002047497,40,5451008.0,,236870253.0,8101261.0
LWAC,LightWave Acquisition Corp.,0002061379,40,3633569.0,,221031393.0,7700220.0
LPBB,Launch Two Acquisition Corp.,0002023676,40,8911506.0,,243717770.0,11106201.0
ZUMZ,Zumiez Inc,0001318008,40,13377000.0,929057000.0,644171000.0,319886000.0
XPER,Xperi Inc.,0001788999,40,-56339000.0,448105000.0,615829000.0,201754000.0
MANH,MANHATTAN ASSOCIATES INC,0001056696,40,219948000.0,131300000.0,839388000.0,
SJM,J M SMUCKER Co,0000091419,40,-138700000.0,,16219400000.0,10675600000.0
GDDY,GoDaddy Inc.,0001609711,40,875000000.0,4951100000.0,8034900000.0,
HVMC,Highview Merger Corp.,0002070602,40,3148918.0,,234702826.0,9369142.0
JENA,JENA ACQUISITION Corp II,0002060337,40,-1836775.0,,236574719.0,13825026.0
BRR,"ProCap Financial, Inc.",0002076163,40,-28975504.0,85000.0,638886743.0,218710068.0
ZSQR,Z Squared Inc.,0001759186,40,-11917015.0,1363045.0,16153921.0,2085764.0
LQMT,LIQUIDMETAL TECHNOLOGIES INC,0001141240,40,-2341000.0,77000.0,29114000.0,2028000.0
EVI,"EVI INDUSTRIES, INC.",0000065312,40,7498000.0,389830000.0,307028000.0,163551000.0
JRVR,"James River Group Holdings, Inc.",0001620459,40,47427000.0,687614000.0,4859930000.0,4188662000.0
BIXI,Bitcoin Infrastructure Acquisition Corp Ltd,0002082542,40,150959.0,,223420406.0,8933348.0
BCYC,BICYCLE THERAPEUTICS PLC,0001761612,40,-218960000.0,72586000.0,717597000.0,107620000.0
WTS,WATTS WATER TECHNOLOGIES INC,0000795403,40,340800000.0,2438500000.0,2881200000.0,
BJ,"BJ's Wholesale Club Holdings, Inc.",0001531152,40,578377000.0,21457274000.0,7510475000.0,5312816000.0
WELPM,WISCONSIN ELECTRIC POWER CO,0000107815,40,359500000.0,4493600000.0,19696400000.0,
SCE-PM,SOUTHERN CALIFORNIA EDISON Co,0000092103,40,1085000000.0,,40315000000.0,30357000000.0
GLXY,Galaxy Digital Inc.,0001859392,40,-241349000.0,60406728000.0,11348081000.0,8313304000.0
GPAC,General Purpose Acquisition Corp.,0002085408,40,302316.0,,232040669.0,9412047.0
ACOG,Alpha Cognition Inc.,0001655923,40,-20669875.0,10220275.0,79730235.0,17200060.0
VYGR,"Voyager Therapeutics, Inc.",0001640266,40,-119721000.0,6346000.0,252281000.0,56200000.0
TDAC,Translational Development Acquisition Corp.,0001926599,40,6362427.0,,181696776.0,6581573.0
FIGX,FIGX Capital Acquisition Corp.,0002059033,40,2496388.0,,154719025.0,6523803.0
SLE,"Super League Enterprise, Inc.",0001621672,40,-20717000.0,2064000.0,21869000.0,4335000.0
AMWL,American Well Corp,0001393584,40,-95700000.0,249325000.0,323787000.0,75999000.0
AIIA,AI Infrastructure Acquisition Corp.,0002073553,40,1097990.0,,140503529.0,131718.0
LFAC,Leapfrog Acquisition Corp,0002084563,40,205296.0,,145667472.0,5256050.0
ANGI,Angi Inc.,0001705110,40,43832000.0,223213000.0,1680368000.0,
SES,SES AI Corp,0001819142,40,-73040000.0,21000000.0,272646000.0,57891000.0
ORMP,ORAMED PHARMACEUTICALS INC.,0001176309,40,64050000.0,2000000.0,230864000.0,
MVST,"Microvast Holdings, Inc.",0001760689,40,-29218000.0,427516000.0,1005448000.0,594935000.0
GSRF,GSR IV Acquisition Corp.,0002072404,40,2320989.0,,234586860.0,9220900.0
DECK,DECKERS OUTDOOR CORP,0000910521,40,1024071000.0,5472296000.0,3687765000.0,
BACC,Blue Acquisition Corp/Cayman,0002059654,40,2531400.0,,206334054.0,8117815.0
LTBR,LIGHTBRIDGE Corp,0001084554,40,-19580341.0,0.0,203834795.0,1151210.0
FJET,"Starfighters Space, Inc.",0001947016,40,-16543616.0,,28386884.0,3486332.0
HAVA,Harvard Ave Acquisition Corp,0002042460,40,729121.0,,147112206.0,4823942.0
CCAQ,COLLECTIVE ACQUISITION CORP.,0002041047,40,3349485.0,,148297791.0,5847477.0
SGC,"SUPERIOR GROUP OF COMPANIES, INC.",0000095574,40,7000000.0,566184000.0,421844000.0,229026000.0
CRBP,"Corbus Pharmaceuticals Holdings, Inc.",0001595097,40,-78537000.0,4822272.0,168195000.0,20692000.0
NHIC,NewHold Investment Corp. III,0002043699,40,4918000.0,,210554000.0,8295000.0
RCMT,"RCM TECHNOLOGIES, INC.",0000700841,40,16334000.0,186737000.0,134397000.0,88423000.0
HCAC,Hall Chadwick Acquisition Corp,0002079013,40,652923.0,,208559328.0,8339550.0
SVAQ,Silicon Valley Acquisition Corp.,0002085659,40,-343073.0,,201879569.0,8316797.0
AMRN,AMARIN CORP PLC\UK,0000897448,40,-38798000.0,181104000.0,670775000.0,211494000.0
JAKK,JAKKS PACIFIC INC,0001009829,40,9871000.0,331249000.0,442197000.0,193092000.0
FCELB,FUELCELL ENERGY INC,0000886128,40,-187899000.0,17884000.0,932146000.0,201005000.0
OTIS,Otis Worldwide Corp,0001781335,40,1384000000.0,14431000000.0,10653000000.0,15924000000.0
BAX,BAXTER INTERNATIONAL INC,0000010456,40,-957000000.0,11244000000.0,20055000000.0,13953000000.0
AERGP,"APPLIED ENERGETICS, INC.",0000879911,40,-14872730.0,461727.0,9064658.0,1504888.0
VRSN,VERISIGN INC/CA,0001014473,40,320032000.0,1656600000.0,1325900000.0,3480100000.0
ASTS,"AST SpaceMobile, Inc.",0001780312,40,-341940000.0,4400000.0,5014387000.0,2622062000.0
PEPG,PepGen Inc.,0001835597,40,-89655000.0,,173907000.0,26463000.0
GSHR,Gesher Acquisition Corp. II,0002044635,40,3473428.0,,149922149.0,5442281.0
ESOA,Energy Services of America CORP,0001357971,40,2211831.0,39564667.0,215207056.0,155971263.0
MPAA,MOTORCAR PARTS OF AMERICA INC,0000918251,40,12394000.0,789806000.0,1019437000.0,753427000.0
EGHA,EGH Acquisition Corp.,0002052547,40,3373817.0,,154767508.0,6095288.0
TNXP,Tonix Pharmaceuticals Holding Corp.,0001430306,40,-124021000.0,13107000.0,277171000.0,32021000.0
ANTX,"AN2 Therapeutics, Inc.",0001880438,40,-35174000.0,,61950000.0,8890000.0
ADAC,American Drive Acquisition Co,0002083002,40,94700.0,,231646618.0,9909672.0
FULC,"Fulcrum Therapeutics, Inc.",0001680581,40,-74880000.0,,366284000.0,17284000.0
CRL,"CHARLES RIVER LABORATORIES INTERNATIONAL, INC.",0001100682,40,-144338000.0,478477000.0,7135422000.0,3924228000.0
HOVNP,HOVNANIAN ENTERPRISES INC,0000357294,40,46178000.0,2978581000.0,2633913000.0,1802978000.0
WMG,Warner Music Group Corp.,0001319161,40,365000000.0,4463000000.0,9829000000.0,9072000000.0
IREN,IREN Ltd,0001878848,40,-702621000.0,707007000.0,15790039000.0,11604426000.0
BALL,BALL Corp,0000009389,40,444000000.0,,19524000000.0,14103000000.0
SVCO,"Silvaco Group, Inc.",0001943289,40,-41206000.0,63064000.0,122642000.0,47653000.0
LIEN,"Chicago Atlantic BDC, Inc.",0001843162,40,33279179.0,,341996454.0,38588380.0
BLRK,Bluerock Acquisition Corp.,0002081532,40,89649.0,,173583797.0,7429617.0
SIDU,Sidus Space Inc.,0001879726,40,-29474304.0,3383878.0,66090711.0,15455434.0
TARA,"Protara Therapeutics, Inc.",0001359931,40,-57439000.0,2948000.0,209468000.0,13056000.0
GSIT,GSI TECHNOLOGY INC,0001126741,40,-13246000.0,25122000.0,97953000.0,16192000.0
ONCH,1RT Acquisition Corp.,0002054272,40,2889101.0,,176383931.0,8357001.0
UCFI,CN Healthy Food Tech Group Corp.,0001901203,40,1375819.0,,72796002.0,5110189.0
LPCV,Launchpad Cadenza Acquisition Corp I,0002083728,40,105478.0,,231717270.0,11058234.0
TRDA,"Entrada Therapeutics, Inc.",0001689375,40,-143750000.0,25421000.0,377378000.0,71245000.0
AVXL,ANAVEX LIFE SCIENCES CORP.,0001314052,40,-46377000.0,,103815000.0,8946000.0
TVAI,Thayer Ventures Acquisition Corp II,0001872228,40,3883792.0,,206817707.0,8644400.0
DELL,Dell Technologies Inc.,0001571996,40,5936000000.0,113538000000.0,101286000000.0,103756000000.0
NWSA,NEWS CORP,0001564708,40,573000000.0,9028000000.0,15544000000.0,
CSL,CARLISLE COMPANIES INC,0000790051,40,740700000.0,5003600000.0,6263000000.0,
VUZI,Vuzix Corp,0001463972,40,-8615000.0,2243000.0,40071807.0,5390316.0
EU,enCore Energy Corp.,0001500881,40,-56856000.0,43155000.0,430422000.0,172042000.0
INFU,"InfuSystem Holdings, Inc",0001337013,40,6627000.0,143436000.0,100560000.0,43234000.0
LOVE,Lovesac Co,0001701758,40,4065000.0,697115000.0,534682000.0,315975000.0
BCAR,D. Boral ARC Acquisition I Corp.,0002065779,40,4455970.0,,285400102.0,37611.0
DYOR,Insight Digital Partners II,0002079292,40,893385.0,,175024287.0,7017125.0
COPL,Copley Acquisition Corp,0002045473,40,4133810.0,,178160385.0,5412035.0
LATA,Galata Acquisition Corp. II,0002076427,40,1534988.0,,175421465.0,6121880.0
FBLA,"FB Bancorp, Inc. /MD/",0002013639,40,1253000.0,66465000.0,1255406000.0,940956000.0
SVCC,Stellar V Capital Corp. (Cayman Islands),0002033593,40,5306976.0,,157175901.0,5374120.0
CUB,Lionheart Holdings,0002015955,40,8952273.0,,246463147.0,10109093.0
SBXD,SilverBox Corp IV,0002015947,40,5715932.0,,213486048.0,12965883.0
NRG,"NRG ENERGY, INC.",0001013871,40,864000000.0,30713000000.0,29140000000.0,27459000000.0
APG,APi Group Corp,0001796209,40,302000000.0,7911000000.0,8936000000.0,5528000000.0
IONQ,"IonQ, Inc.",0001824920,40,-510378000.0,1235000000.0,6570358000.0,2756666000.0
H,Hyatt Hotels Corp,0001468174,40,-52000000.0,1184000000.0,14036000000.0,10377000000.0
U,Unity Software Inc.,0001810806,40,-402765000.0,1849648000.0,6837606000.0,3341469000.0
LODE,Comstock Inc.,0001120970,40,-43076443.0,1553796.0,169604637.0,58703647.0
GWRS,"Global Water Resources, Inc.",0001434728,40,2957000.0,41914000.0,482913000.0,312475000.0
SOCA,Solarius Capital Acquisition Corp.,0002065948,40,2088460.0,,177327937.0,7607619.0
MCGA,Yorkville Acquisition Corp.,0002064658,40,499085.0,,176820874.0,7227001.0
III,Information Services Group Inc.,0001371489,40,9341000.0,192745000.0,211001000.0,116325000.0
TWLV,Twelve Seas Investment Co III/Cayman,0002052243,40,37028.0,,173639696.0,7073390.0
EXOD,"Exodus Movement, Inc.",0001821534,40,-11353000.0,121551000.0,266762000.0,19352000.0
MACI,Melar Acquisition Corp. I/Cayman,0002016221,40,5539430.0,,175314766.0,10894972.0
CEPO,"Cantor Equity Partners I, Inc.",0002027708,40,-6656942.0,,207728713.0,13997210.0
IVVD,"Invivyd, Inc.",0001832038,40,-52489000.0,53426000.0,276883000.0,35343000.0
TDWD,Tailwind 2.0 Acquisition Corp.,0002076616,40,509960.0,,174900520.0,7277581.0
J,JACOBS SOLUTIONS INC.,0000052988,40,289336000.0,4142644000.0,11252535000.0,
FLUT,Flutter Entertainment plc,0001635327,40,-407000000.0,,29280000000.0,19582000000.0
FTV,Fortive Corp,0001659166,40,579200000.0,6452700000.0,11737700000.0,
RYAN,"RYAN SPECIALTY HOLDINGS, INC.",0001849253,40,63399000.0,3051126000.0,10564171000.0,9310120000.0
ABR-PD,ARBOR REALTY TRUST INC,0001253986,40,6910656.0,,14494903000.0,11427750000.0
ECOC,"ABVC BIOPHARMA, INC.",0001173313,40,-7908554.0,509589.0,21062203.0,7764723.0
VLTO,Veralto Corp,0001967680,40,940000000.0,5503000000.0,7693000000.0,
RIVN,"Rivian Automotive, Inc. / DE",0001874178,40,-3646000000.0,5387000000.0,14864000000.0,10270000000.0
AERG,"APPLIED ENERGETICS, INC.",0000879911,40,-14872730.0,461727.0,9064658.0,1504888.0
BYND,"BEYOND MEAT, INC.",0001655210,40,219024000.0,275496000.0,614747000.0,
MKLY,McKinley Acquisition Corp,0002067592,40,2022720.0,,176922057.0,4587350.0
DAAQ,Digital Asset Acquisition Corp.,0002052162,40,4244525.0,,178292737.0,7009536.0
IGAC,Invest Green Acquisition Corp,0002075068,40,-351286.0,,173640297.0,7377380.0
DYNC,Dynamix Corp,0002028699,40,-13223196.0,,173689804.0,27347951.0
FF,FutureFuel Corp.,0001337298,40,-49397000.0,65513000.0,192242000.0,37534000.0
WHWK,"Whitehawk Therapeutics, Inc.",0001422142,40,-20596000.0,7145000.0,150830000.0,14519000.0
TTGT,"TechTarget, Inc.",0002018064,40,-1008306000.0,486791000.0,937308000.0,342689000.0
HCKT,"HACKETT GROUP, INC.",0001057379,40,5592000.0,64510000.0,206447000.0,138347000.0
POWWP,Outdoor Holding Co,0001015383,40,-3537641.0,51125398.0,267483770.0,32528667.0
CHTR,"CHARTER COMMUNICATIONS, INC. /MO/",0001091667,40,4987000000.0,54774000000.0,154213000000.0,
NAMSW,NewAmsterdam Pharma Co N.V.,0001936258,40,-203819000.0,22503000.0,769284000.0,85853000.0
OACC,Oaktree Acquisition Corp. III Life Sciences,0002029769,40,7288824.0,,203111772.0,8318397.0
POWW,Outdoor Holding Co,0001015383,40,-3537641.0,51125398.0,267483770.0,32528667.0
AIRO,"AIRO Group Holdings, Inc.",0001927958,40,-4104000.0,90907000.0,774139000.0,34947000.0
FACT,FACT II Acquisition Corp.,0002028935,40,5017538.0,,184422847.0,9161472.0
OSUR,ORASURE TECHNOLOGIES INC,0001116463,40,-68731000.0,49668000.0,403168000.0,62341000.0
NSLR,Neostellar Capital Corp.,0001509470,40,-20130112.0,,276018722.0,70702471.0
USAU,U.S. GOLD CORP.,0000027093,40,-17208080.0,17402000.0,50213444.0,1459011.0
AVNW,"AVIAT NETWORKS, INC.",0001377789,40,2539000.0,64229000.0,598962000.0,331574000.0
SMRT,"SmartRent, Inc.",0001837014,40,-60558000.0,152326000.0,320925000.0,88786000.0
DVLT,Datavault AI Inc.,0001682149,40,-78994000.0,39089000.0,274704000.0,36730000.0
DNMX,Dynamix Corp III,0002081125,40,784847.0,,203944608.0,8300246.0
DMAA,Drugs Made In America Acquisition Corp.,0002028614,40,5940643.0,,239918847.0,7276172.0
BRKRP,BRUKER CORP,0001109354,40,-8600000.0,553600000.0,6241400000.0,3731100000.0
ABR-PF,ARBOR REALTY TRUST INC,0001253986,40,6910656.0,,14494903000.0,11427750000.0
PKG,PACKAGING CORP OF AMERICA,0000075677,40,774100000.0,8989300000.0,10725500000.0,
MTX,MINERALS TECHNOLOGIES INC,0000891014,40,-18400000.0,2072600000.0,3469000000.0,1719300000.0
GIWWU,GigCapital8 Corp.,0002080019,40,1831322.0,0.0,256905556.0,286022.0
DYORU,Insight Digital Partners II,0002079292,40,893385.0,,175024287.0,7017125.0
DYORW,Insight Digital Partners II,0002079292,40,893385.0,,175024287.0,7017125.0
BLRKU,Bluerock Acquisition Corp.,0002081532,40,89649.0,,173583797.0,7429617.0
BLRKW,Bluerock Acquisition Corp.,0002081532,40,89649.0,,173583797.0,7429617.0
ADACW,American Drive Acquisition Co,0002083002,40,94700.0,,231646618.0,9909672.0
ADACU,American Drive Acquisition Co,0002083002,40,94700.0,,231646618.0,9909672.0
LFACW,Leapfrog Acquisition Corp,0002084563,40,205296.0,,145667472.0,5256050.0
ANDE,"Andersons, Inc.",0000821026,40,95713000.0,11008928000.0,3712832000.0,2422597000.0
WERN,WERNER ENTERPRISES INC,0000793074,40,-14399000.0,2974396000.0,2888674000.0,1497669000.0
ICHR,"ICHOR HOLDINGS, LTD.",0001652535,40,-52781000.0,947652000.0,942879000.0,278993000.0
CTRI,"Centuri Holdings, Inc.",0001981599,40,22395000.0,2982781000.0,2407706000.0,1529313000.0
SEATW,Vivid Seats Inc.,0001856031,40,806054000.0,450509000.0,636866000.0,721995000.0
DRMAW,"Dermata Therapeutics, Inc.",0001853816,40,-7558557.0,,7863826.0,1640446.0
OABIW,"OmniAb, Inc.",0001846253,40,-64779000.0,18666000.0,300914000.0,33887000.0
IFF,INTERNATIONAL FLAVORS & FRAGRANCES INC,0000051253,30,339781000.0,10890000000.0,25539000000.0,
GS,GOLDMAN SACHS GROUP INC,0000886982,30,17176000000.0,,1809320000000.0,1684348000000.0
BG,Bunge Global SA,0001996862,30,95000000.0,23762000000.0,44528000000.0,
GPUS-PD,"Hyperscale Data, Inc.",0000896493,30,-66397000.0,23871277.0,313707000.0,187850000.0
CRCL,"Circle Internet Group, Inc.",0001876042,30,-69508000.0,2746642000.0,78713207000.0,75382434000.0
ERNAW,Ernexa Therapeutics Inc.,0000748592,30,-14084000.0,582000.0,5834000.0,3433000.0
ACRE,Ares Commercial Real Estate Corp,0001529377,30,-902000.0,54833000.0,1618142000.0,1108574000.0
ARKO,ARKO Corp.,0001823794,30,22744000.0,9142799000.0,3534812000.0,3167573000.0
EVH,"Evolent Health, Inc.",0001628908,30,-429131000.0,556055000.0,1899236000.0,1484042000.0
QUAD,"Quad/Graphics, Inc.",0001481792,30,37800000.0,2419900000.0,1252900000.0,1124300000.0
BEEM,Beam Global,0001398805,30,-27003000.0,28236000.0,42732000.0,17887000.0
GPUS,"Hyperscale Data, Inc.",0000896493,30,-66397000.0,23871277.0,313707000.0,187850000.0
WMT,Walmart Inc.,0000104169,30,21893000000.0,713163000000.0,284668000000.0,
ENTG,ENTEGRIS INC,0001101302,30,235600000.0,3196600000.0,8350500000.0,
BCG,"Binah Capital Group, Inc.",0001953984,30,2308000.0,187144000.0,70215000.0,51948000.0
NTGR,"NETGEAR, INC.",0001122904,30,-17923000.0,699621000.0,836271000.0,338448000.0
AGM-PI,FEDERAL AGRICULTURAL MORTGAGE CORP,0000845877,30,207415000.0,,35370157000.0,33651208000.0
AGM-PH,FEDERAL AGRICULTURAL MORTGAGE CORP,0000845877,30,207415000.0,,35370157000.0,33651208000.0
AGM-PG,FEDERAL AGRICULTURAL MORTGAGE CORP,0000845877,30,207415000.0,,35370157000.0,33651208000.0
AGM-PF,FEDERAL AGRICULTURAL MORTGAGE CORP,0000845877,30,207415000.0,,35370157000.0,33651208000.0
AGM-PE,FEDERAL AGRICULTURAL MORTGAGE CORP,0000845877,30,207415000.0,,35370157000.0,33651208000.0
ASYS,AMTECH SYSTEMS INC,0000720500,30,-30326000.0,79364000.0,92873000.0,39488000.0
CAMP,Camp4 Therapeutics Corp,0001736730,30,-80403000.0,3498000.0,117808000.0,70104000.0
RWAY,Runway Growth Finance Corp.,0001653384,30,34049000.0,,960114000.0,475145000.0
LGVN,Longeveron Inc.,0001721484,30,-22704000.0,709000.0,10261000.0,4586000.0
LTRN,Lantern Pharma Inc.,0001763950,30,-17119438.0,,11035811.0,4501587.0
INVU,"Investview, Inc.",0000862651,30,-8913009.0,17917432.0,21496855.0,12571941.0
FOFA,"FAMILY OFFICE OF AMERICA, INC.",0001871181,30,-492748.0,221765.0,1543042.0,878533.0
SYM,Symbotic Inc.,0001837240,30,-16937000.0,2246922000.0,2401197000.0,1917984000.0
SCM,Stellus Capital Investment Corp,0001551901,30,27045329.0,,1041252306.0,670073350.0
PNNT,PENNANTPARK INVESTMENT CORP,0001383414,30,32726000.0,,1349554000.0,885604000.0
CMTG,"Claros Mortgage Trust, Inc.",0001666291,30,-489069000.0,187828000.0,4721759000.0,3189864000.0
GS-PD,GOLDMAN SACHS GROUP INC,0000886982,30,17176000000.0,,1809320000000.0,1684348000000.0
GS-PC,GOLDMAN SACHS GROUP INC,0000886982,30,17176000000.0,,1809320000000.0,1684348000000.0
GS-PA,GOLDMAN SACHS GROUP INC,0000886982,30,17176000000.0,,1809320000000.0,1684348000000.0
FDXF,"FedEx Freight Holding Company, Inc.",0002082247,30,655000000.0,8795000000.0,6884000000.0,
WSBCO,WESBANCO INC,0000203596,30,223105000.0,,27696333000.0,23664420000.0
UMBFO,UMB FINANCIAL CORP,0000101382,30,702398000.0,,73094090000.0,65400522000.0
SPND,SPINDLETOP OIL & GAS CO,0000867038,30,-1882000.0,4442000.0,27451000.0,13123000.0
NSYS,NORTECH SYSTEMS INC,0000722313,30,-252000.0,14371000.0,71919000.0,37372000.0
NOMA,Nomadar Corp.,0001994214,30,-2767318.0,6376.0,14090905.0,6902787.0
GRDX,GridAI Technologies Corp.,0001604191,30,-6392654.0,0.0,48551843.0,19718321.0
FLD,"Fold Holdings, Inc.",0001889123,30,-69590462.0,,153467654.0,90477007.0
STRR,"Star Equity Holdings, Inc.",0001210708,30,-5917000.0,172159000.0,113231000.0,47524000.0
RVP,RETRACTABLE TECHNOLOGIES INC,0000946563,30,-12565230.0,38266211.0,142630289.0,68255272.0
CVM,CEL SCI CORP,0000725363,30,-25411055.0,67818.0,28155748.0,12198663.0
FRMEP,FIRST MERCHANTS CORP,0000712534,30,226001000.0,,19025101000.0,16558434000.0
BANFP,BANCFIRST CORP /OK/,0000760498,30,240610000.0,,14838893000.0,12984768000.0
SMHI,SEACOR Marine Holdings Inc.,0001690334,30,-78124000.0,49343000.0,660601000.0,395929000.0
PYXS,"Pyxis Oncology, Inc.",0001782223,30,-79621000.0,13858000.0,91520000.0,38112000.0
DKS,"DICK'S SPORTING GOODS, INC.",0001089063,30,849239000.0,17215120000.0,17411499000.0,
PNFP,"Pinnacle Financial Partners, Inc.",0002082866,30,641865000.0,,57706053000.0,50662338000.0
AGM-PD,FEDERAL AGRICULTURAL MORTGAGE CORP,0000845877,30,207415000.0,,35370157000.0,33651208000.0
DX-PC,DYNEX CAPITAL INC,0000826675,30,319066000.0,,17342178000.0,14880034000.0
RF,REGIONS FINANCIAL CORP,0001281761,30,2156000000.0,,158814000000.0,139711000000.0
FTHM,Fathom Holdings Inc.,0001753162,30,-20307000.0,420477000.0,78044000.0,40605000.0
ONT,"Onterris, Inc.",0001643615,30,-843000.0,830538000.0,981296000.0,530121000.0
PRLD,Prelude Therapeutics Inc,0001678660,30,-99498000.0,12140000.0,141315000.0,72678000.0
COHN,Cohen & Co Inc.,0001270436,30,14431000.0,275564000.0,700585000.0,597499000.0
FVR,"FrontView REIT, Inc.",0001988494,30,-3829000.0,67115000.0,854443000.0,361219000.0
TLF,TANDY LEATHER FACTORY INC,0000909724,30,9102000.0,76324000.0,86633000.0,
TRTX,"TPG RE Finance Trust, Inc.",0001630472,30,60319000.0,,4406230000.0,3338207000.0
INSM,INSMED Inc,0001104506,30,-1276775000.0,0.0,2264558000.0,1525582000.0
DTIL,PRECISION BIOSCIENCES INC,0001357874,30,-45724000.0,1070000000.0,154416000.0,62168000.0
AVY,Avery Dennison Corp,0000008818,30,688000000.0,8855500000.0,8801700000.0,
EQH,"Equitable Holdings, Inc.",0001333986,30,-1380000000.0,11665000000.0,317990000000.0,316202000000.0
COKE,"Coca-Cola Consolidated, Inc.",0000317540,30,570582000.0,7228055000.0,4302998000.0,5042721000.0
WSO,WATSCO INC,0000105016,30,496994000.0,7239290000.0,4414805000.0,
GSCE,GOLDMAN SACHS GROUP INC,0000886982,30,17176000000.0,,1809320000000.0,1684348000000.0
VLYPN,VALLEY NATIONAL BANCORP,0000714310,30,597983000.0,,64132725000.0,56325027000.0
SYF,Synchrony Financial,0001601712,30,3552000000.0,,119095000000.0,102329000000.0
CRBG,"Corebridge Financial, Inc.",0001889539,30,-366000000.0,18481000000.0,413547000000.0,399587000000.0
WHR-PA,WHIRLPOOL CORP /DE/,0000106640,30,318000000.0,21253000000.0,16001000000.0,
FNMAH,FEDERAL NATIONAL MORTGAGE ASSOCIATION FANNIE MAE,0000310522,30,14364000000.0,,4317538000000.0,4208526000000.0
FNMAJ,FEDERAL NATIONAL MORTGAGE ASSOCIATION FANNIE MAE,0000310522,30,14364000000.0,,4317538000000.0,4208526000000.0
EMBC,Embecta Corp.,0001872789,30,95400000.0,1080400000.0,1090900000.0,
SLNH,"Soluna Holdings, Inc",0000064463,30,-53411000.0,38021000.0,187944000.0,75698000.0
TMCI,"TREACE MEDICAL CONCEPTS, INC.",0001630627,30,-59002000.0,212690000.0,190581000.0,103249000.0
ALXO,ALX ONCOLOGY HOLDINGS INC,0001810182,30,-101695000.0,0.0,59046000.0,33065000.0
DKNG,DraftKings Inc.,0001883685,30,3710000.0,6054525000.0,4530784000.0,3899323000.0
FITB-PK,FIFTH THIRD BANCORP,0000035527,30,2522000000.0,,214376000000.0,192652000000.0
FITB-PM,FIFTH THIRD BANCORP,0000035527,30,2522000000.0,,214376000000.0,192652000000.0
FITB-PI,FIFTH THIRD BANCORP,0000035527,30,2522000000.0,,214376000000.0,192652000000.0
FITB-PA,FIFTH THIRD BANCORP,0000035527,30,2522000000.0,,214376000000.0,192652000000.0
TLN,Talen Energy Corp,0001622536,30,-219000000.0,2581000000.0,10905000000.0,9812000000.0
SWK,"STANLEY BLACK & DECKER, INC.",0000093556,30,401900000.0,15130400000.0,21243700000.0,
ASPI,ASP Isotopes Inc.,0001921865,30,-159843000.0,23849000.0,498020000.0,235122000.0
EGY,VAALCO ENERGY INC /DE/,0000894627,30,-41391000.0,359272000.0,913375000.0,469878000.0
WBQNL,Woodbridge Liquidation Trust,0001785494,30,,,64154000.0,26820000.0
ALLR,"Allarity Therapeutics, Inc.",0001860657,30,-11231000.0,,18258000.0,8430000.0
DYNR,"DYNARESOURCE, INC.",0001111741,30,3817103.0,58467565.0,57596586.0,52834056.0
GEMI,"Gemini Space Station, Inc.",0002055592,30,-582813000.0,179572000.0,1801847000.0,1260974000.0
RWT,REDWOOD TRUST INC,0000930236,30,-70026000.0,,23701114000.0,22718498000.0
BRSP,"BrightSpire Capital, Inc.",0001717547,30,-31148000.0,330587000.0,3564830000.0,2636425000.0
HY,"HYSTER-YALE, INC.",0001173514,30,-60100000.0,3769300000.0,2020600000.0,1528200000.0
CTRN,Citi Trends Inc,0001318484,30,5207000.0,819962000.0,471171000.0,354851000.0
AIFA,"All In FutureTech Alliance, Inc.",0001708341,30,-32786790.0,698522.0,89780577.0,52131054.0
RGCO,RGC RESOURCES INC,0001069533,30,13279970.0,95334212.0,329839566.0,
ALOT,"AstroNova, Inc.",0000008146,30,-2376000.0,150515000.0,137566000.0,60704000.0
RICK,"RCI HOSPITALITY HOLDINGS, INC.",0000935419,30,-5502000.0,39210000.0,596935000.0,336056000.0
CHSCO,CHS INC,0000823277,30,597917000.0,35462608000.0,18863849000.0,
CHSCN,CHS INC,0000823277,30,597917000.0,35462608000.0,18863849000.0,
SNUS-PH,"Santander Holdings USA, Inc.",0000811830,30,1645158000.0,0.0,164572121000.0,146627414000.0
SNUS-PI,"Santander Holdings USA, Inc.",0000811830,30,1645158000.0,0.0,164572121000.0,146627414000.0
TFC-PR,TRUIST FINANCIAL CORP,0000092230,30,5307000000.0,,547538000000.0,482349000000.0
TFC-PO,TRUIST FINANCIAL CORP,0000092230,30,5307000000.0,,547538000000.0,482349000000.0
PBI-PB,PITNEY BOWES INC /DE/,0000078814,30,144697000.0,1892629000.0,3168951000.0,3971311000.0
FNMAS,FEDERAL NATIONAL MORTGAGE ASSOCIATION FANNIE MAE,0000310522,30,14364000000.0,,4317538000000.0,4208526000000.0
FNMAP,FEDERAL NATIONAL MORTGAGE ASSOCIATION FANNIE MAE,0000310522,30,14364000000.0,,4317538000000.0,4208526000000.0
DRS,"Leonardo DRS, Inc.",0001833756,30,278000000.0,3648000000.0,4486000000.0,
AUB-PA,Atlantic Union Bankshares Corp,0000883948,30,273715000.0,,37585754000.0,32579356000.0
INVUP,"Investview, Inc.",0000862651,30,-8913009.0,17917432.0,21496855.0,12571941.0
ABOS,"Acumen Pharmaceuticals, Inc.",0001576885,30,-121335000.0,,122833000.0,52403000.0
SLNHP,"Soluna Holdings, Inc",0000064463,30,-53411000.0,38021000.0,187944000.0,75698000.0
AGNC,AGNC Investment Corp.,0001423689,30,1670000000.0,,115077000000.0,102684000000.0
CNOBP,"ConnectOne Bancorp, Inc.",0000712771,30,39518000.0,,14002700000.0,12429360000.0
TFC-PI,TRUIST FINANCIAL CORP,0000092230,30,5307000000.0,,547538000000.0,482349000000.0
ZS,"Zscaler, Inc.",0001713683,30,-41478000.0,2673115000.0,6419888000.0,4620615000.0
HWCPZ,HANCOCK WHITNEY CORP,0000750577,30,486073000.0,,35472762000.0,31012645000.0
KLNG,"Koil Energy Solutions, Inc.",0001110607,30,-38000.0,24051000.0,19814000.0,10851000.0
DCGO,DocGo Inc.,0001822359,30,-182399628.0,322196000.0,217103012.0,91231675.0
GFLT,"GenFlat Holdings, Inc.",0001796949,30,-4668034.0,7894.0,686053.0,393985.0
NTRP,"NextTrip, Inc.",0000788611,30,-15911934.0,388574.0,13076958.0,7315557.0
HIND,"Vyome Holdings, Inc",0001427570,30,-10262007.0,319714.0,6497177.0,2735160.0
CYCU,"Cycurion, Inc.",0001868419,30,-23665708.0,17771485.0,33452336.0,17208870.0
CTXR,"Citius Pharmaceuticals, Inc.",0001506251,30,-32542912.0,0.0,130938025.0,53410425.0
REFR,RESEARCH FRONTIERS INC,0000793524,30,-2045584.0,381463.0,2251745.0,1318119.0
EFSCP,ENTERPRISE FINANCIAL SERVICES CORP,0001025835,30,201374000.0,,17300884000.0,15261498000.0
EAT,"BRINKER INTERNATIONAL, INC",0000703351,30,487000000.0,5807400000.0,2815000000.0,
STRRP,"Star Equity Holdings, Inc.",0001210708,30,-5917000.0,172159000.0,113231000.0,47524000.0
NLY-PJ,ANNALY CAPITAL MANAGEMENT INC,0001043219,30,2027262000.0,,135609838000.0,119449927000.0
TPVG,TriplePoint Venture Growth BDC Corp.,0001580345,30,49207000.0,,839649000.0,486028000.0
NLY-PI,ANNALY CAPITAL MANAGEMENT INC,0001043219,30,2027262000.0,,135609838000.0,119449927000.0
NLY-PG,ANNALY CAPITAL MANAGEMENT INC,0001043219,30,2027262000.0,,135609838000.0,119449927000.0
CHSCM,CHS INC,0000823277,30,597917000.0,35462608000.0,18863849000.0,
CHSCL,CHS INC,0000823277,30,597917000.0,35462608000.0,18863849000.0,
DDT,"DILLARD'S, INC.",0000028917,30,570187000.0,6563336000.0,3505023000.0,
TEM,"Tempus AI, Inc.",0001717115,30,-245028000.0,1271789000.0,2274838000.0,1783512000.0
UMBF,UMB FINANCIAL CORP,0000101382,30,702398000.0,,73094090000.0,65400522000.0
SSB,SouthState Bank Corp,0000764038,30,798667000.0,,67197412000.0,58138304000.0
MUSA,Murphy USA Inc.,0001573516,30,470600000.0,21529400000.0,4725800000.0,4102300000.0
FMCKK,FEDERAL HOME LOAN MORTGAGE CORP,0001026214,30,10731000000.0,,3497598000000.0,3427214000000.0
FREJP,FEDERAL HOME LOAN MORTGAGE CORP,0001026214,30,10731000000.0,,3497598000000.0,3427214000000.0
RWT-PA,REDWOOD TRUST INC,0000930236,30,-70026000.0,,23701114000.0,22718498000.0
TTMI,TTM TECHNOLOGIES INC,0001116942,30,177448000.0,2906345000.0,3840331000.0,
TECH,BIO-TECHNE Corp,0000842023,30,73400000.0,1215039000.0,2586726000.0,
WYNN,WYNN RESORTS LTD,0001174922,30,327334000.0,6717660000.0,13108117000.0,14139396000.0
NLY-PF,ANNALY CAPITAL MANAGEMENT INC,0001043219,30,2027262000.0,,135609838000.0,119449927000.0
FMCKI,FEDERAL HOME LOAN MORTGAGE CORP,0001026214,30,10731000000.0,,3497598000000.0,3427214000000.0
FMCCT,FEDERAL HOME LOAN MORTGAGE CORP,0001026214,30,10731000000.0,,3497598000000.0,3427214000000.0
FULTP,FULTON FINANCIAL CORP,0000700564,30,391609000.0,,32118400000.0,28627953000.0
DNUT,"Krispy Kreme, Inc.",0001857154,30,-515767000.0,1522616000.0,2592959000.0,1915998000.0
OPFI,OppFi Inc.,0001818502,30,26329000.0,,754090000.0,445214000.0
ESGH,ESG Inc.,0001883835,30,-1947318.0,7510103.0,26933159.0,15081041.0
CLMB,"Climb Global Solutions, Inc.",0000945983,30,21330000.0,652517000.0,460233000.0,343654000.0
KRUS,"KURA SUSHI USA, INC.",0001772177,30,-1904000.0,282763000.0,430942000.0,199872000.0
RSVR,"Reservoir Media, Inc.",0001824403,30,8302664.0,175664491.0,949677081.0,571112829.0
LOB-PA,"Live Oak Bancshares, Inc.",0001462120,30,105871000.0,,15134778000.0,13880672000.0
RWTO,REDWOOD TRUST INC,0000930236,30,-70026000.0,,23701114000.0,22718498000.0
RWTS,REDWOOD TRUST INC,0000930236,30,-70026000.0,,23701114000.0,22718498000.0
FLG-PA,"FLAGSTAR BANK, NATIONAL ASSOCIATION",0000910073,30,-177000000.0,1457374000.0,87512000000.0,79368000000.0
FLG-PU,"FLAGSTAR BANK, NATIONAL ASSOCIATION",0000910073,30,-177000000.0,1457374000.0,87512000000.0,79368000000.0
ARW,"ARROW ELECTRONICS, INC.",0000007536,30,571266000.0,30852935000.0,29078138000.0,
FMCCI,FEDERAL HOME LOAN MORTGAGE CORP,0001026214,30,10731000000.0,,3497598000000.0,3427214000000.0
GAME,"GameSquare Holdings, Inc.",0001714562,30,-40100483.0,44999302.0,79302381.0,43648641.0
CHEV,Charging Robotics Inc.,0001459188,30,-387000.0,,9055000.0,3911000.0
AKTX,Akari Therapeutics Plc,0001541157,30,-17298000.0,,47892000.0,19564000.0
RMAX,"RE/MAX Holdings, Inc.",0001581091,30,8153000.0,49504000.0,582475000.0,611463000.0
CETY,"Clean Energy Technologies, Inc.",0001329606,30,-6808895.0,957633.0,12412290.0,6165693.0
MATW,MATTHEWS INTERNATIONAL CORP,0000063296,30,-24471000.0,1795737000.0,1694442000.0,1213500000.0
NAII,NATURAL ALTERNATIVES INTERNATIONAL INC,0000787253,30,-13575000.0,132437000.0,151939000.0,83513000.0
SNAP,Snap Inc,0001564408,30,-460489000.0,824949000.0,7677802000.0,5396307000.0
CUBB,"Customers Bancorp, Inc.",0001488813,30,224088000.0,,24895868000.0,22780351000.0
PFXNZ,PhenixFIN Corp,0001490349,30,4155515.0,,316909795.0,156135495.0
OXSQH,Oxford Square Capital Corp.,0001259429,30,-18731067.0,,306739111.0,161334309.0
EGHT,8X8 INC /DE/,0001023731,30,1648000.0,79344000.0,662821000.0,516212000.0
OXSQG,Oxford Square Capital Corp.,0001259429,30,-18731067.0,,306739111.0,161334309.0
MYGN,MYRIAD GENETICS INC,0000899923,30,-365900000.0,771400000.0,706600000.0,338600000.0
CHWY,"Chewy, Inc.",0001766502,30,222800000.0,12601500000.0,3366400000.0,2868500000.0
CJMB,CALLAN JMB INC.,0002032545,30,-7966366.0,5723178.0,5775701.0,3447662.0
ELUT,ELUTIA INC.,0001708527,30,53380000.0,,62350000.0,34678000.0
ADVB,Advanced Biomed Inc.,0001941029,30,-3258969.0,,6512343.0,3034779.0
ZVRA,"ZEVRA THERAPEUTICS, INC.",0001434647,30,83229000.0,,284731000.0,130074000.0
TOVX,"Theriva Biologics, Inc.",0000894158,30,-18349000.0,,38239000.0,22856000.0
CIM-PC,CHIMERA INVESTMENT CORP,0001409493,30,28332000.0,,15808542000.0,13235848000.0
ONEW,OneWater Marine Inc.,0001772921,30,-114582000.0,1872334000.0,1403825000.0,1118872000.0
CPSS,"CONSUMER PORTFOLIO SERVICES, INC.",0000889609,30,19325000.0,434470000.0,3858193000.0,3548657000.0
RWTQ,REDWOOD TRUST INC,0000930236,30,-70026000.0,,23701114000.0,22718498000.0
RWTP,REDWOOD TRUST INC,0000930236,30,-70026000.0,,23701114000.0,22718498000.0
RWTN,REDWOOD TRUST INC,0000930236,30,-70026000.0,,23701114000.0,22718498000.0
ALV,AUTOLIV INC,0001034670,30,735000000.0,10815000000.0,8644000000.0,
SCWO,374Water Inc.,0000933972,30,-20975052.0,215037.0,11405348.0,4680441.0
AGIG,"ABUNDIA GLOBAL IMPACT GROUP, INC.",0001156041,30,-29452289.0,410632.0,31855429.0,12841012.0
PXLW,"PIXELWORKS, INC",0001040161,30,-22499000.0,693000.0,51263000.0,20857000.0
GYRO,"Gyrodyne, LLC",0001589061,30,-2501702.0,1825346.0,58690701.0,32831704.0
AMS,AMERICAN SHARED HOSPITAL SERVICES,0000744825,30,-1553000.0,19714000.0,55479000.0,27788000.0
CENN,Cenntro Inc.,0001707919,30,-72981773.0,18080161.0,74429290.0,34048813.0
MTVA,MetaVia Inc.,0001638287,30,-12973000.0,,11123000.0,5790000.0
HELE,HELEN OF TROY LTD,0000916789,30,-898982000.0,1478845000.0,2115548000.0,1317351000.0
MATV,"Mativ Holdings, Inc.",0001000623,30,-337400000.0,1987000000.0,2051600000.0,1552900000.0
SAR,SARATOGA INVESTMENT CORP.,0001377936,30,36604298.0,,1139265104.0,743109350.0
GLOO,"Gloo Holdings, Inc.",0002069785,30,-157128000.0,94660000.0,263659000.0,105977000.0
CIM-PB,CHIMERA INVESTMENT CORP,0001409493,30,28332000.0,,15808542000.0,13235848000.0
BOKF,BOK FINANCIAL CORP,0000875357,30,577990000.0,,52237501000.0,46316821000.0
ZARE,Ares Real Estate Income Trust Inc.,0001327978,30,-68004000.0,498835000.0,7268524000.0,5746004000.0
LEA,LEAR CORP,0000842162,30,436800000.0,23259100000.0,14843100000.0,
SAIA,SAIA INC,0001177702,30,255036000.0,3234286000.0,3482681000.0,
LGN,Legence Corp.,0002052568,30,-59780000.0,2550491000.0,2679396000.0,1890601000.0
CIM-PD,CHIMERA INVESTMENT CORP,0001409493,30,28332000.0,,15808542000.0,13235848000.0
CIMN,CHIMERA INVESTMENT CORP,0001409493,30,28332000.0,,15808542000.0,13235848000.0
CIMP,CHIMERA INVESTMENT CORP,0001409493,30,28332000.0,,15808542000.0,13235848000.0
CIMO,CHIMERA INVESTMENT CORP,0001409493,30,28332000.0,,15808542000.0,13235848000.0
ASFH,ASIAFIN HOLDINGS CORP.,0001828748,30,-85333.0,5126250.0,4754814.0,2188648.0
SENS,"Senseonics Holdings, Inc.",0001616543,30,-69113000.0,16389000.0,126269000.0,65223000.0
STRZ,STARZ ENTERTAINMENT CORP /CN/,0000929351,30,-211200000.0,1369600000.0,2173200000.0,1406800000.0
WNC,WABASH NATIONAL Corp,0000879526,30,-49878000.0,2027489000.0,1171181000.0,802639000.0
SLRC,SLR Investment Corp.,0001418076,30,92537000.0,,2572564000.0,1576571000.0
SNGX,"SOLIGENIX, INC.",0000812796,30,-11080380.0,119371.0,9235521.0,3943396.0
SPFX,"STANDARD PREMIUM FINANCE HOLDINGS, INC.",0001807893,30,1213960.0,12469770.0,74816957.0,66356738.0
IMNN,"Imunon, Inc.",0000749647,30,-14495028.0,125000.0,12288116.0,5226240.0
MOS,MOSAIC CO,0001285785,30,540700000.0,12052400000.0,24480100000.0,
FNMA,FEDERAL NATIONAL MORTGAGE ASSOCIATION FANNIE MAE,0000310522,30,14364000000.0,,4317538000000.0,4208526000000.0
OMF,"OneMain Holdings, Inc.",0001584207,30,783000000.0,,27388000000.0,23987000000.0
NMRA,"Neumora Therapeutics, Inc.",0001885522,30,-236928000.0,,191047000.0,87176000.0
JILL,"J.Jill, Inc.",0001687932,30,27891000.0,596549000.0,450216000.0,328717000.0
CEPL,"Capstone Energy Plus, Inc.",0001009759,30,2825000.0,106004000.0,111450000.0,81981000.0
QUIK,QUICKLOGIC Corp,0000882508,30,-14816000.0,13774000.0,44804000.0,22337000.0
WHFCL,"WhiteHorse Finance, Inc.",0001552198,30,14337000.0,,615129000.0,355337000.0
BRX,Brixmor Property Group Inc.,0001581068,30,386228000.0,,9133137000.0,6123081000.0
AAL,American Airlines Group Inc.,0000006201,30,111000000.0,54633000000.0,61774000000.0,
CBSH,COMMERCE BANCSHARES INC /MO/,0000022356,30,566251000.0,,32915089000.0,29100317000.0
PB,PROSPERITY BANCSHARES INC,0001068851,30,542843000.0,,38463425000.0,30847285000.0
EFC-PC,Ellington Financial Inc.,0001411342,30,118743000.0,,19352910000.0,17481755000.0
MAC,MACERICH CO,0000912242,30,-197149000.0,1013983000.0,8368685000.0,5841615000.0
VSXY,Victoria's Secret & Co.,0001856437,30,161000000.0,6553000000.0,5013000000.0,4103000000.0
OZ,"Belpointe PREP, LLC",0001807046,30,-40046000.0,9187000.0,564196000.0,288981000.0
ARR-PC,"Armour Residential REIT, Inc.",0001428205,30,322687000.0,,21005159000.0,18744106000.0
CBC,"Central Bancompany, Inc.",0002065601,30,390853000.0,,20751978000.0,16968001000.0
VLY,VALLEY NATIONAL BANCORP,0000714310,30,597983000.0,,64132725000.0,56325027000.0
NXGLW,"NEXGEL, INC.",0001468929,30,-3000000.0,11421000.0,10461000.0,5570000.0
SSII,"SS Innovations International, Inc.",0001676163,30,-12127387.0,42484747.0,74226217.0,36007966.0
LOTT,Techlott Inc.,0001568969,30,-15097000.0,345.0,21733000.0,8798000.0
AIRE,reAlpha Tech Corp.,0001859199,30,-17593968.0,4518498.0,21717331.0,9195718.0
AGNT,"AGNT, Inc.",0001495932,30,-22714000.0,500147681.0,442480000.0,199701000.0
BOLT,"Bolt Biotherapeutics, Inc.",0001641281,30,-33376000.0,7695000.0,56748000.0,30243000.0
BTBD,"BT Brands, Inc.",0001718224,30,-2311208.0,14823472.0,11996797.0,5031570.0
CNSP,"CNS Pharmaceuticals, Inc.",0001729427,30,-15850564.0,,8623466.0,4100910.0
LSF,"Laird Superfood, Inc.",0001650696,30,-3252211.0,49889286.0,19217837.0,7755050.0
ATER,"Aterian, Inc.",0001757715,30,-18984000.0,68975000.0,29564000.0,14354000.0
SEGG,Sports Entertainment Gaming Global Corp,0001673481,30,-20303608.0,6779057.0,55660225.0,31899358.0
CXAI,CXApp Inc.,0001820875,30,-13473000.0,4583000.0,32430000.0,18448000.0
PRAA,PRA GROUP INC,0001185348,30,-305142000.0,1201837000.0,5103322000.0,4063357000.0
NDRA,ENDRA Life Sciences Inc.,0001681682,30,-7027410.0,0.0,3853797.0,1593677.0
AIRS,"Airsculpt Technologies, Inc.",0001870940,30,-11667000.0,151818000.0,187304000.0,99592000.0
GPMT-PA,Granite Point Mortgage Trust Inc.,0001703644,30,-41152000.0,,1755224000.0,1202412000.0
PFLA,PennantPark Floating Rate Capital Ltd.,0001504619,30,66365000.0,,2913681000.0,1839165000.0
APLD,Applied Digital Corp.,0001144879,30,-149274000.0,611311000.0,9929312000.0,6185735000.0
RYTM,"RHYTHM PHARMACEUTICALS, INC.",0001649904,30,-196539000.0,0.0,480196000.0,210170000.0
EFC-PD,Ellington Financial Inc.,0001411342,30,118743000.0,,19352910000.0,17481755000.0
INBS,INTELLIGENT BIO SOLUTIONS INC.,0001725430,30,-12430975.0,1980484.0,11941836.0,6651010.0
NHP,"National Healthcare Properties, Inc.",0001561032,30,-20726000.0,342279000.0,1711772000.0,1107247000.0
PFLT,PennantPark Floating Rate Capital Ltd.,0001504619,30,66365000.0,,2913681000.0,1839165000.0
AHCO,AdaptHealth Corp.,0001725255,30,-70794000.0,3244857000.0,4316577000.0,2790253000.0
SRRE,SUNRISE REAL ESTATE GROUP INC,0001083490,30,-8311191.0,13276464.0,141308172.0,64036637.0
MITQ,MOVING iMAGE TECHNOLOGIES INC.,0001770236,30,-948000.0,20139000.0,10888000.0,6031000.0
NVCT,"Nuvectis Pharma, Inc.",0001875558,30,-26442000.0,,31709000.0,13296000.0
ERNA,Ernexa Therapeutics Inc.,0000748592,30,-14084000.0,582000.0,5834000.0,3433000.0
NAPD,"NAPC Defense, Inc.",0001703625,30,-711986.0,85000.0,1759732.0,1045060.0
SYF-PB,Synchrony Financial,0001601712,30,3552000000.0,,119095000000.0,102329000000.0
PACS,"PACS Group, Inc.",0002001184,30,191543000.0,5288932000.0,5584034000.0,4631585000.0
JSM,NAVIENT CORP,0001593538,30,-80000000.0,271000000.0,48681000000.0,46282000000.0
ALCO,"ALICO, INC.",0000003545,30,-147334000.0,1031000.0,201527000.0,93533000.0
PLX,"Protalix BioTherapeutics, Inc.",0001006281,30,-6604000.0,52744000.0,82346000.0,34116000.0
KRRO,"Korro Bio, Inc.",0001703647,30,-117260000.0,6392000.0,113506000.0,62067000.0
TWOD,TWO HARBORS INVESTMENT CORP.,0001465740,30,-454300000.0,,10859217000.0,9071290000.0
BKNG,Booking Holdings Inc.,0001075531,30,288663000.0,26917000000.0,29264000000.0,34842000000.0
HNGE,"Hinge Health, Inc.",0001673743,30,-528261000.0,587860000.0,744761000.0,366225000.0
ATNI,"ATN International, Inc.",0000879585,30,-14906000.0,727975000.0,1673254000.0,1032454000.0
RVPH,"REVIVA PHARMACEUTICALS HOLDINGS, INC.",0001742927,30,-19864902.0,,15923198.0,7275553.0
SXC,"SunCoke Energy, Inc.",0001514705,30,-44200000.0,1600300000.0,1789900000.0,1163800000.0
RPD,"Rapid7, Inc.",0001560327,30,23381000.0,685083000.0,1726464000.0,1571734000.0
TNON,"Tenon Medical, Inc.",0001560293,30,-12556000.0,3944000.0,10760000.0,5720000.0
MFIC,MidCap Financial Investment Corp,0001278752,30,63169000.0,,3323644000.0,2016383000.0
FNB,FNB CORP/PA/,0000037808,30,565000000.0,,50229000000.0,43470000000.0
MRDN,Meridian Holdings Inc./NV,0001437925,30,-91982136.0,182863373.0,118078800.0,69740174.0
NEOV,NeoVolta Inc.,0001748137,30,-5034596.0,8426835.0,6805173.0,3895451.0
DHX,"DHI GROUP, INC.",0001393883,30,-13510000.0,127826000.0,188243000.0,93736000.0
WHLRL,"Wheeler Real Estate Investment Trust, Inc.",0001527541,30,8770000.0,99445000.0,601734000.0,507043000.0
AN,"AUTONATION, INC.",0000350698,30,649100000.0,27631400000.0,14392200000.0,
EFC-PB,Ellington Financial Inc.,0001411342,30,118743000.0,,19352910000.0,17481755000.0
MBINM,Merchants Bancorp,0001629019,30,218770000.0,,19448943000.0,17168184000.0
SYF-PA,Synchrony Financial,0001601712,30,3552000000.0,,119095000000.0,102329000000.0
BHR-PD,Braemar Hotels & Resorts Inc.,0001574085,30,-22318000.0,121701000.0,1861732000.0,1336611000.0
BHR-PB,Braemar Hotels & Resorts Inc.,0001574085,30,-22318000.0,121701000.0,1861732000.0,1336611000.0
BBCP,"Concrete Pumping Holdings, Inc.",0001703956,30,6373000.0,392867000.0,879542000.0,589753000.0
CNET,ZW Data Action Technologies Inc.,0001376321,30,-1770000.0,46633000.0,9678000.0,5275000.0
XELB,"XCel Brands, Inc.",0001083220,30,-17461000.0,,38946000.0,23122000.0
NUWE,"Nuwellis, Inc.",0001506492,30,-17521000.0,8270000.0,6118000.0,3488000.0
PAGP,PLAINS GP HOLDINGS LP,0001581990,30,62000000.0,10565000000.0,31276000000.0,
GBFH,GBank Financial Holdings Inc.,0001791145,30,20929000.0,1235000000.0,1359491000.0,1193736000.0
RC,Ready Capital Corp,0001527590,30,26911000.0,,7769796000.0,6118168000.0
NODK,"NI Holdings, Inc.",0001681206,30,-10413000.0,285050000.0,506002000.0,265665000.0
MBINN,Merchants Bancorp,0001629019,30,218770000.0,,19448943000.0,17168184000.0
MBINL,Merchants Bancorp,0001629019,30,218770000.0,,19448943000.0,17168184000.0
CLDWW,"Calidi Biotherapeutics, Inc.",0001855485,30,-19906000.0,45000.0,8857000.0,5098000.0
PGC,PEAPACK GLADSTONE FINANCIAL CORP,0001050743,30,12159000.0,282995000.0,7526409000.0,6868203000.0
IPW,iPower Inc.,0001830072,30,-1528159.0,66142779.0,35642767.0,17366765.0
MBIO,"MUSTANG BIO, INC.",0001680048,30,-1921000.0,0.0,17593000.0,8064000.0
FLYE,"Fly-E Group, Inc.",0001975940,30,-9257808.0,19063357.0,29493092.0,12050688.0
GCMG,GCM Grosvenor Inc.,0001819796,30,45371000.0,557565000.0,813762000.0,686330000.0
ACHV,"ACHIEVE LIFE SCIENCES, INC.",0000949858,30,-54648000.0,0.0,41790000.0,20272000.0
WEST,Westrock Coffee Co,0001806347,30,-90445000.0,1188952000.0,1175978000.0,904343000.0
SG,"Sweetgreen, Inc.",0001477815,30,-134065000.0,679474000.0,788104000.0,431979000.0
NXGL,"NEXGEL, INC.",0001468929,30,-3000000.0,11421000.0,10461000.0,5570000.0
CLDI,"Calidi Biotherapeutics, Inc.",0001855485,30,-19906000.0,45000.0,8857000.0,5098000.0
GPMT,Granite Point Mortgage Trust Inc.,0001703644,30,-41152000.0,,1755224000.0,1202412000.0
MVIS,"MICROVISION, INC.",0000065770,30,-94981000.0,2300000.0,103119000.0,47571000.0
GWAV,"Greenwave Technology Solutions, Inc.",0001589149,30,-21596628.0,8098036.0,55169056.0,29232096.0
EGBN,EAGLE BANCORP INC,0001050441,30,-138052000.0,,10497203000.0,9365920000.0
SATL,Satellogic Inc.,0001874315,30,-4783000.0,17707000.0,151303000.0,90777000.0
INDI,"indie Semiconductor, Inc.",0001841925,30,-143066000.0,217394000.0,840786000.0,456773000.0
SLN,Silence Therapeutics plc,0001479615,30,-88612000.0,559000.0,131442000.0,69138000.0
CAKE,CHEESECAKE FACTORY INC,0000887596,30,148427000.0,3751806000.0,3261672000.0,2825245000.0
MXL,"MAXLINEAR, INC",0001288469,30,-136681000.0,194716000.0,796396000.0,344501000.0
HWC,HANCOCK WHITNEY CORP,0000750577,30,486073000.0,,35472762000.0,31012645000.0
CZR,"Caesars Entertainment, Inc.",0001590895,30,-502000000.0,428220000.0,31639000000.0,27953000000.0
SXT,SENSIENT TECHNOLOGIES CORP,0000310142,30,134489000.0,1396499000.0,2244137000.0,
RDNT,"RadNet, Inc.",0000790526,30,-18652000.0,1616630000.0,3758563000.0,2402677000.0
AUB,Atlantic Union Bankshares Corp,0000883948,30,273715000.0,,37585754000.0,32579356000.0
NHPBP,"National Healthcare Properties, Inc.",0001561032,30,-20726000.0,342279000.0,1711772000.0,1107247000.0
NHPAP,"National Healthcare Properties, Inc.",0001561032,30,-20726000.0,342279000.0,1711772000.0,1107247000.0
RCD,Ready Capital Corp,0001527590,30,26911000.0,,7769796000.0,6118168000.0
RC-PE,Ready Capital Corp,0001527590,30,26911000.0,,7769796000.0,6118168000.0
RC-PC,Ready Capital Corp,0001527590,30,26911000.0,,7769796000.0,6118168000.0
RWAYI,Runway Growth Finance Corp.,0001653384,30,34049000.0,,960114000.0,475145000.0
RWAYL,Runway Growth Finance Corp.,0001653384,30,34049000.0,,960114000.0,475145000.0
KLC,"KinderCare Learning Companies, Inc.",0001873529,30,-112880000.0,2733323000.0,3747890000.0,2992628000.0
GXO,"GXO Logistics, Inc.",0001852244,30,32000000.0,13178000000.0,12262000000.0,
CVLT,COMMVAULT SYSTEMS INC,0001169561,30,70657000.0,1183690000.0,1886305000.0,
FLG,"FLAGSTAR BANK, NATIONAL ASSOCIATION",0000910073,30,-177000000.0,1457374000.0,87512000000.0,79368000000.0
SYY,SYSCO CORP,0000096021,30,1757000000.0,84553000000.0,28397000000.0,
LKQ,LKQ CORP,0001065696,30,608000000.0,13651000000.0,15137000000.0,
HOMB,HOME BANCSHARES INC,0001331520,30,475441000.0,,22881879000.0,18585008000.0
M,"Macy's, Inc.",0000794367,30,642000000.0,22621000000.0,16238000000.0,
ACI,"Albertsons Companies, Inc.",0001646972,30,217400000.0,83172500000.0,26765900000.0,
CROX,"Crocs, Inc.",0001334036,30,-81198000.0,4040647000.0,4174750000.0,2881467000.0
CURI,CuriosityStream Inc.,0001776909,30,-6427000.0,78043000.0,75731000.0,34244000.0
EPSN,Epsilon Energy Ltd.,0001726126,30,-5798863.0,,228239417.0,103507063.0
ABCB,Ameris Bancorp,0000351569,30,412154000.0,,27515879000.0,23439851000.0
TCRX,"TScan Therapeutics, Inc.",0001783328,30,-129766000.0,10325000.0,228789000.0,105666000.0
BTMD,biote Corp.,0001819253,30,27045000.0,192219000.0,107613000.0,158010000.0
TIL,"Instil Bio, Inc.",0001789769,30,-71372000.0,0.0,203523000.0,89657000.0
OFAL,OFA Group,0002036307,30,-8022816.0,716885.0,21607285.0,8893867.0
SHFS,"SHF Holdings, Inc.",0001854963,30,-2160998.0,7673532.0,17207024.0,8971116.0
DCOY,Decoy Therapeutics Inc.,0001615219,30,-12518480.0,0.0,11056707.0,5167738.0
NAVI,NAVIENT CORP,0001593538,30,-80000000.0,271000000.0,48681000000.0,46282000000.0
SGHT,"Sight Sciences, Inc.",0001531177,30,-38426000.0,77363000.0,115300000.0,51358000.0
EVGO,EVgo Inc.,0001821159,30,-41574000.0,54588000.0,964830000.0,578886000.0
SGLY,Singularity Future Technology Ltd.,0001422892,30,-3912479.0,1813193.0,18228902.0,7771970.0
EZRA,"Reliance Global Group, Inc.",0001812727,30,-6987756.0,12430959.0,13548421.0,7120991.0
DXR,DAXOR CORP,0000027367,30,-7185639.0,1446345.0,85724861.0,49508270.0
TROX,Tronox Holdings plc,0001530804,30,-470000000.0,2898000000.0,6217000000.0,4768000000.0
GTX,Garrett Motion Inc.,0001735707,30,84000000.0,891000000.0,2367000000.0,3169000000.0
SFBS,"ServisFirst Bancshares, Inc.",0001430723,30,276603000.0,,17727190000.0,15876843000.0
TFSL,TFS Financial CORP,0001381668,30,90959000.0,,17456316000.0,15562392000.0
MC,Moelis & Co,0001596967,30,2787000.0,,1740685000.0,1060308000.0
PSBD,Palmer Square Capital BDC Inc.,0001794776,30,-3169730.0,,1219375759.0,755252587.0
FFIN,FIRST FINANCIAL BANKSHARES INC,0000036029,30,253579000.0,,15446476000.0,13529159000.0
VMCUF,Valuence Merger Corp. I,0001892747,30,280285.0,,23231673.0,13080073.0
VMCWF,Valuence Merger Corp. I,0001892747,30,280285.0,,23231673.0,13080073.0
CRBD,"Corebridge Financial, Inc.",0001889539,30,-366000000.0,18481000000.0,413547000000.0,399587000000.0
PINE-PA,"Alpine Income Property Trust, Inc.",0001786117,30,-2657000.0,60532000.0,715874000.0,414618000.0
UEIC,UNIVERSAL ELECTRONICS INC,0000101984,30,-18599000.0,368288000.0,273997000.0,127813000.0
ESMC,ESCALON MEDICAL CORP,0000862668,30,105525.0,9400031.0,4993059.0,3077952.0
ALTX,ALTEX INDUSTRIES INC,0000775057,30,-192000.0,18000.0,2745000.0,1403000.0
BNBX,BNB PLUS CORP.,0000744452,30,-15160724.0,5389089.0,4437441.0,2495748.0
ACDC,ProFrac Holding Corp.,0001881487,30,-369000000.0,1941800000.0,2573100000.0,1692400000.0
PWCM,"POWERCOMPUTE, INC.",0001640384,30,-26920197.0,8844733.0,51316226.0,22439432.0
SLM,SLM Corp,0001032033,30,744847000.0,,29746295000.0,27294937000.0
TBI,"TrueBlue, Inc.",0000768899,30,-47960000.0,,638667000.0,364110000.0
FELE,FRANKLIN ELECTRIC CO INC,0000038725,30,147090000.0,2131250000.0,1944385000.0,
ANF,ABERCROMBIE & FITCH CO /DE/,0001018840,30,506921000.0,5266292000.0,3541874000.0,
ASNS,ACTELIS NETWORKS INC,0001141284,30,-8261000.0,3671000.0,9530000.0,4733000.0
TWI,TITAN INTERNATIONAL INC,0000899751,30,-63494000.0,1828443000.0,1672660000.0,1151043000.0
GLAD,GLADSTONE CAPITAL CORP,0001143513,30,57191000.0,,907597000.0,406175000.0
RBOT,Vicarious Surgical Inc.,0001812173,30,-50182000.0,,19581000.0,9740000.0
OMTK,Omnitek Engineering Corp,0001404804,30,273639.0,1449950.0,754386.0,1823723.0
NX,Quanex Building Products CORP,0001423221,30,-250806000.0,1837641000.0,1968233000.0,1242054000.0
ADAM,"ADAMAS TRUST, INC.",0001273685,30,149048000.0,,12638847000.0,11208410000.0
VIVC,VIVIC CORP.,0001703073,30,-3446751.0,106322.0,3859558.0,2052367.0
VTAK,"Catheter Precision, Inc.",0001716621,30,-17183000.0,442000.0,15860000.0,9209000.0
HOUR,"Hour Loop, Inc",0001874875,30,1704849.0,142440236.0,23821437.0,16827578.0
MFA,"MFA FINANCIAL, INC.",0001055160,30,176783000.0,,13046449000.0,11218754000.0
WHLR,"Wheeler Real Estate Investment Trust, Inc.",0001527541,30,8770000.0,99445000.0,601734000.0,507043000.0
SOC,Sable Offshore Corp.,0001831481,30,-410162000.0,0.0,1740822000.0,1206519000.0
PGIM,PGIM Private Credit Fund,0001923622,30,21822000.0,,383924000.0,179255000.0
PNFP-PB,"Pinnacle Financial Partners, Inc.",0002082866,30,641865000.0,,57706053000.0,50662338000.0
ALK,"ALASKA AIR GROUP, INC.",0000766421,30,100000000.0,10426000000.0,20361000000.0,
FULT,FULTON FINANCIAL CORP,0000700564,30,391609000.0,,32118400000.0,28627953000.0
ACLEW,"Alternus Clean Energy, Inc.",0001883984,30,-6486000.0,311000.0,57044000.0,34022000.0
ALCED,"Alternus Clean Energy, Inc.",0001883984,30,-6486000.0,311000.0,57044000.0,34022000.0
EQPT,EquipmentShare.com Inc,0001693736,30,40000000.0,4379000000.0,5987000000.0,5099000000.0
MAGN,Magnera Corp,0000041719,30,-159000000.0,3204000000.0,3989000000.0,2925000000.0
TLPH,"TALPHERA, INC.",0001427925,30,-14290000.0,475000.0,29719000.0,12684000.0
MGNO,"Magnolia Bancorp, Inc.",0002033615,30,-170000.0,6000.0,37396000.0,17400000.0
TDAY,"USA TODAY Co., Inc.",0001579684,30,1749000.0,416039000.0,1837158000.0,1682546000.0
WINT,WINDTREE THERAPEUTICS INC /DE/,0000946486,30,-1787000.0,198000.0,27875000.0,14698000.0
JBGS,JBG SMITH Properties,0001689796,30,-139063000.0,498598000.0,4388191000.0,2719259000.0
QDEL,QuidelOrtho Corp,0001906324,30,-1131800000.0,2730200000.0,5769300000.0,3848800000.0
CADL,"Candel Therapeutics, Inc.",0001841387,30,-38182000.0,125000.0,125195000.0,73273000.0
ASTI,"Ascent Solar Technologies, Inc.",0001350102,30,-7832755.0,3949911.0,6331903.0,2994054.0
FOSL,"Fossil Group, Inc.",0000883569,30,117911000.0,1004406000.0,689254000.0,
OBIO,"Orchestra BioMed Holdings, Inc.",0001814114,30,-52701000.0,33482000.0,114857000.0,51479000.0
GHI,Greystone Housing Impact Investors LP,0001059142,30,-7613745.0,85389766.0,1502887278.0,1123257804.0
ADM,Archer-Daniels-Midland Co,0000007084,30,1078000000.0,80269000000.0,52389000000.0,
PCG,PG&E Corp,0001004980,30,1220000000.0,24935000000.0,141611000000.0,
NG,NOVAGOLD RESOURCES INC,0001173420,30,-94659000.0,0.0,335913000.0,172119000.0
CATY,CATHAY GENERAL BANCORP,0000861842,30,315124000.0,,24229575000.0,21304187000.0
BDC,BELDEN INC.,0000913142,30,237522000.0,2715194000.0,3543621000.0,
CRC,California Resources Corp,0001609253,30,363000000.0,3669000000.0,7403000000.0,
GFF,GRIFFON CORP,0000050725,30,51110000.0,2519926000.0,2063637000.0,1989665000.0
PNFP-PA,"Pinnacle Financial Partners, Inc.",0002082866,30,641865000.0,,57706053000.0,50662338000.0
PNFP-PC,"Pinnacle Financial Partners, Inc.",0002082866,30,641865000.0,,57706053000.0,50662338000.0
IBOC,INTERNATIONAL BANCSHARES CORP,0000315709,30,412293000.0,,16576335000.0,13324697000.0
CVBF,CVB FINANCIAL CORP,0000354647,30,209298000.0,,15631054000.0,13335830000.0
DORM,"Dorman Products, Inc.",0000868780,30,204194000.0,2130319000.0,2493078000.0,
BHR,Braemar Hotels & Resorts Inc.,0001574085,30,-22318000.0,121701000.0,1861732000.0,1336611000.0
OWLT,"Owlet, Inc.",0001816708,30,-39678000.0,105708000.0,85631000.0,50176000.0
OXSQ,Oxford Square Capital Corp.,0001259429,30,-18731067.0,,306739111.0,161334309.0
CBT,CABOT CORP,0000016040,30,331000000.0,3713000000.0,3815000000.0,
COLD,AMERICOLD REALTY TRUST,0001455863,30,-114548000.0,2601846000.0,8121598000.0,5199585000.0
TNL,Travel & Leisure Co.,0001361658,30,230000000.0,4021000000.0,6760000000.0,7742000000.0
NSIT,INSIGHT ENTERPRISES INC,0000932696,30,157347000.0,8247180000.0,9087372000.0,7438498000.0
MAT,MATTEL INC /DE/,0000063276,30,397584000.0,5347623000.0,6640382000.0,
ADPT,Adaptive Biotechnologies Corp,0001478320,30,-59499000.0,276976000.0,512736000.0,287735000.0
EXOZ,EXOZYMES INC.,0002010788,30,-9158734.0,70069.0,5971517.0,2574268.0
BVS,Bioventus Inc.,0001665988,30,22732000.0,568087000.0,683559000.0,455112000.0
UAN,"CVR PARTNERS, LP",0001425292,30,98662000.0,606038000.0,969455000.0,
CIM,CHIMERA INVESTMENT CORP,0001409493,30,28332000.0,,15808542000.0,13235848000.0
BLMN,"Bloomin' Brands, Inc.",0001546417,30,8237000.0,1013113000.0,3171907000.0,2834742000.0
HPQ,HP INC,0000047217,30,2529000000.0,55295000000.0,41769000000.0,
BBW,BUILD-A-BEAR WORKSHOP INC,0001113809,30,52203000.0,357866000.0,345453000.0,
PED,PEDEVCO CORP,0001141197,30,-10362000.0,14200000.0,375869000.0,168505000.0
BANF,BANCFIRST CORP /OK/,0000760498,30,240610000.0,,14838893000.0,12984768000.0
COR,"Cencora, Inc.",0001140859,30,1554169000.0,321332819000.0,76590112000.0,
GWW,"W.W. GRAINGER, INC.",0000277135,30,1706000000.0,17942000000.0,8962000000.0,
TFC,TRUIST FINANCIAL CORP,0000092230,30,5307000000.0,,547538000000.0,482349000000.0
TWIN,TWIN DISC INC,0000100378,30,-1894000.0,340738000.0,355562000.0,191171000.0
LMND,"Lemonade, Inc.",0001691421,30,-165500000.0,737900000.0,1925700000.0,1392100000.0
INDB,INDEPENDENT BANK CORP,0000776901,30,205122000.0,,24912896000.0,21347168000.0
LZ,"LEGALZOOM.COM, INC.",0001286139,30,15427000.0,756043000.0,511522000.0,339640000.0
UTL,UNITIL CORP,0000755001,30,50200000.0,536000000.0,2134200000.0,
BLZE,"Backblaze, Inc.",0001462056,30,-25612000.0,145835000.0,191826000.0,108605000.0
SFIX,"Stitch Fix, Inc.",0001576942,30,-28739000.0,1226505000.0,480622000.0,277644000.0
TZOO,TRAVELZOO,0001133311,30,4699000.0,27062000.0,45192000.0,47614000.0
FC,FRANKLIN COVEY CO,0000886206,30,3068000.0,267067000.0,242912000.0,176001000.0
DDS,"DILLARD'S, INC.",0000028917,30,570187000.0,6563336000.0,3505023000.0,
CHSCP,CHS INC,0000823277,30,597917000.0,35462608000.0,18863849000.0,
EQH-PA,"Equitable Holdings, Inc.",0001333986,30,-1380000000.0,11665000000.0,317990000000.0,316202000000.0
DSFT,DeltaSoft Corp,0002020919,30,-76.0,37918.0,73338.0,34470.0
ABG,ASBURY AUTOMOTIVE GROUP INC,0001144980,30,492000000.0,17999000000.0,11618200000.0,
RCUS,"Arcus Biosciences, Inc.",0001724521,30,-353000000.0,247000000.0,1139000000.0,750448000.0
FMCC,FEDERAL HOME LOAN MORTGAGE CORP,0001026214,30,10731000000.0,,3497598000000.0,3427214000000.0
FA,FIRST ADVANTAGE CORP,0001210677,30,-34824000.0,1574389000.0,3833802000.0,2520250000.0
WHF,"WhiteHorse Finance, Inc.",0001552198,30,14337000.0,,615129000.0,355337000.0
BBBYW,"NEIGHBORHOOD INTELLIGENCE, INC.",0001130713,30,-258795000.0,1044616000.0,425478000.0,207534000.0
WSBC,WESBANCO INC,0000203596,30,223105000.0,,27696333000.0,23664420000.0
BBWI,"Bath & Body Works, Inc.",0000701985,30,649000000.0,7291000000.0,5069000000.0,
VAC,MARRIOTT VACATIONS WORLDWIDE Corp,0001524358,30,-308000000.0,5032000000.0,9757000000.0,7764000000.0
RNST,RENASANT CORP,0000715072,30,181272000.0,,26751426000.0,22866521000.0
LXRX,"LEXICON PHARMACEUTICALS, INC.",0001062822,30,-50341000.0,49803000.0,184987000.0,77449000.0
AUC,ATIF Holdings Ltd,0001755058,30,-3191524.0,620000.0,3012588.0,1258834.0
NRUC,NATIONAL RURAL UTILITIES COOPERATIVE FINANCE CORP /DC/,0000070502,30,262112000.0,,39704347000.0,36392211000.0
KSS,KOHLS Corp,0000885639,30,272000000.0,15527000000.0,13362000000.0,
PVH,PVH CORP. /DE/,0000078239,30,25300000.0,8950200000.0,11681000000.0,
BBY,BEST BUY CO INC,0000764478,30,1069000000.0,41691000000.0,14670000000.0,
ICR-PA,"InPoint Commercial Real Estate Income, Inc.",0001690012,30,-1574000.0,23006000.0,529241000.0,302993000.0
KFRC,KFORCE INC,0000930420,30,34825000.0,1329007000.0,365638000.0,241035000.0
OLN,OLIN Corp,0000074303,30,-101100000.0,6780800000.0,7325800000.0,5455200000.0
DLTH,DULUTH HOLDINGS INC.,0001649744,30,-16388000.0,565184000.0,402609000.0,236494000.0
SFNC,SIMMONS FIRST NATIONAL CORP,0000090498,30,-397553000.0,,24540877000.0,21121637000.0
SBCF,SEACOAST BANKING CORP OF FLORIDA,0000730708,30,144878000.0,,20842331000.0,17786544000.0
PCG-PB,PG&E Corp,0001004980,30,1220000000.0,24935000000.0,141611000000.0,
PCG-PA,PG&E Corp,0001004980,30,1220000000.0,24935000000.0,141611000000.0,
BMI,BADGER METER INC,0000009092,30,33575000.0,220706000.0,973577000.0,
BATRA,"Atlanta Braves Holdings, Inc.",0001958140,30,-23368000.0,732492000.0,1614957000.0,1076775000.0
KAI,KADANT INC,0000886346,30,101969000.0,1052248000.0,1712178000.0,
RF-PF,REGIONS FINANCIAL CORP,0001281761,30,2156000000.0,,158814000000.0,139711000000.0
RF-PE,REGIONS FINANCIAL CORP,0001281761,30,2156000000.0,,158814000000.0,139711000000.0
EQH-PC,"Equitable Holdings, Inc.",0001333986,30,-1380000000.0,11665000000.0,317990000000.0,316202000000.0
AGYS,AGILYSYS INC,0000078749,30,38791000.0,319312000.0,481528000.0,
CHRN,ChronoScale Holdings Corp,0001549084,30,-50320000.0,0.0,325874000.0,143837000.0
BKU,"BankUnited, Inc.",0001504008,30,69260000.0,,35039451000.0,31985622000.0
INTA,"Intapp, Inc.",0001565687,30,-41310000.0,577805000.0,753658000.0,436055000.0
SAJ,SARATOGA INVESTMENT CORP.,0001377936,30,36604298.0,,1139265104.0,743109350.0
SAT,SARATOGA INVESTMENT CORP.,0001377936,30,36604298.0,,1139265104.0,743109350.0
FIBK,FIRST INTERSTATE BANCSYSTEM INC,0000860413,30,302100000.0,,26640600000.0,23193600000.0
CSTM,CONSTELLIUM SE,0001563411,30,273000000.0,8449000000.0,5354000000.0,4383000000.0
GPGI,"GPGI, Inc.",0001823144,30,-136005000.0,59824000.0,517267000.0,274126000.0
FFBC,FIRST FINANCIAL BANCORP /OH/,0000708955,30,255605000.0,,21129379000.0,18360163000.0
CYH,COMMUNITY HEALTH SYSTEMS INC,0001108109,30,509000000.0,12485000000.0,13204000000.0,14041000000.0
BNED,"Barnes & Noble Education, Inc.",0001634117,30,16872000.0,1714770000.0,739897000.0,445458000.0
PDM,"Piedmont Realty Trust, Inc.",0001042776,30,-83620000.0,564994000.0,4031354000.0,2534651000.0
GLUE,"Monte Rosa Therapeutics, Inc.",0001826457,30,-38626000.0,,448659000.0,215603000.0
GO,Grocery Outlet Holding Corp.,0001771515,30,-224912000.0,4688759000.0,3091099000.0,2107436000.0
HZO,MARINEMAX INC,0001057060,30,-31631000.0,2309288000.0,2470438000.0,1521685000.0
DX,DYNEX CAPITAL INC,0000826675,30,319066000.0,,17342178000.0,14880034000.0
PMTS,CPI Card Group Inc.,0001641614,30,14950000.0,84140000.0,403191000.0,420524000.0
SBUX,STARBUCKS CORP,0000829224,30,1856400000.0,37184400000.0,32019700000.0,40108900000.0
SAV,SARATOGA INVESTMENT CORP.,0001377936,30,36604298.0,,1139265104.0,743109350.0
SAZ,SARATOGA INVESTMENT CORP.,0001377936,30,36604298.0,,1139265104.0,743109350.0
SAY,SARATOGA INVESTMENT CORP.,0001377936,30,36604298.0,,1139265104.0,743109350.0
MZTI,MARZETTI CO,0000057515,30,191606000.0,1929823000.0,1605020000.0,
PCG-PX,PG&E Corp,0001004980,30,1220000000.0,24935000000.0,141611000000.0,
FLDDW,"Fold Holdings, Inc.",0001889123,30,-69590462.0,,153467654.0,90477007.0
SHFSW,"SHF Holdings, Inc.",0001854963,30,-2160998.0,7673532.0,17207024.0,8971116.0
NEOVW,NeoVolta Inc.,0001748137,30,-5034596.0,8426835.0,6805173.0,3895451.0
TNET,"TRINET GROUP, INC.",0000937098,30,155000000.0,5010000000.0,3797000000.0,3743000000.0
EMR,EMERSON ELECTRIC CO,0000032604,30,637000000.0,24412000000.0,41964000000.0,
BEATW,"HeartBeam, Inc.",0001779372,30,-21015000.0,,5843000.0,3240000.0
LADR,Ladder Capital Corp,0001577670,30,63695000.0,,5152550000.0,3671193000.0
TE,T1 Energy Inc.,0001992243,30,-71945000.0,755295000.0,1372108000.0,1050223000.0
ACVA,ACV Auctions Inc.,0001637873,30,-66141000.0,759606000.0,1085611000.0,655928000.0
IART,INTEGRA LIFESCIENCES HOLDINGS CORP,0000917520,30,-516474000.0,1635245000.0,3602001000.0,2558538000.0
TTWO,TAKE TWO INTERACTIVE SOFTWARE INC,0000946581,30,-298200000.0,6656400000.0,9383200000.0,5872300000.0
LILAP,Liberty Latin America Ltd.,0001712184,30,-611200000.0,,12225900000.0,11162400000.0
IAUX-WT,i-80 Gold Corp.,0001853962,30,-198847000.0,95193000.0,703420000.0,356647000.0
AGNCZ,AGNC Investment Corp.,0001423689,30,1670000000.0,,115077000000.0,102684000000.0
AGNCP,AGNC Investment Corp.,0001423689,30,1670000000.0,,115077000000.0,102684000000.0
AGNCO,AGNC Investment Corp.,0001423689,30,1670000000.0,,115077000000.0,102684000000.0
AGNCN,AGNC Investment Corp.,0001423689,30,1670000000.0,,115077000000.0,102684000000.0
AGNCM,AGNC Investment Corp.,0001423689,30,1670000000.0,,115077000000.0,102684000000.0
AGNCL,AGNC Investment Corp.,0001423689,30,1670000000.0,,115077000000.0,102684000000.0
ASPN,ASPEN AEROGELS INC,0001145986,30,-389552000.0,271103000.0,406679000.0,171161000.0
LRMR,"Larimar Therapeutics, Inc.",0001374690,30,-165673000.0,0.0,145842000.0,67757000.0
RYZ,Ryerson Holding Corp,0001481582,30,-56400000.0,4571300000.0,2404700000.0,1641100000.0
WOLF,"WOLFSPEED, INC.",0000895419,30,-415800000.0,375009000.0,3004900000.0,2074700000.0
MYE,MYERS INDUSTRIES INC,0000069488,30,34928000.0,825742000.0,851321000.0,557095000.0
TRUP,"TRUPANION, INC.",0001371285,30,-4276000.0,1439305000.0,915044000.0,531108000.0
NMAX,Newsmax Inc.,0002026478,30,-99495119.0,189254921.0,239843078.0,133794526.0
PNTG,"Pennant Group, Inc.",0001766400,30,29578000.0,947705000.0,968179000.0,593927000.0
UNFI,UNITED NATURAL FOODS INC,0001020859,30,-118000000.0,31784000000.0,7595000000.0,6041000000.0
HOG,"HARLEY-DAVIDSON, INC.",0000793952,30,338738000.0,4473175000.0,8044815000.0,
FBK,FB Financial Corp,0001649749,30,122622000.0,,16300292000.0,14352034000.0
TCPC,BlackRock TCP Capital Corp.,0001370755,30,-88931013.0,,1650360465.0,1052347268.0
TNONW,"Tenon Medical, Inc.",0001560293,30,-12556000.0,3944000.0,10760000.0,5720000.0
PK,Park Hotels & Resorts Inc.,0001617406,30,-283000000.0,686000000.0,7700000000.0,4624000000.0
ARQT,"Arcutis Biotherapeutics, Inc.",0001787306,30,-16141000.0,376072000.0,432973000.0,243494000.0
CRWV,"CoreWeave, Inc.",0001769628,30,-1167000000.0,5131000000.0,49302000000.0,45967000000.0
LYV,"Live Nation Entertainment, Inc.",0001335258,30,495972000.0,25201406000.0,22912533000.0,
ORC,"Orchid Island Capital, Inc.",0001518621,30,159030000.0,,11675993000.0,10304045000.0
HLIT,HARMONIC INC.,0000851310,30,-43310000.0,120222000.0,718483000.0,335237000.0
AMN,AMN HEALTHCARE SERVICES INC,0001142750,30,-95702000.0,509076000.0,2094107000.0,1452001000.0
PCG-PD,PG&E Corp,0001004980,30,1220000000.0,24935000000.0,141611000000.0,
PCG-PE,PG&E Corp,0001004980,30,1220000000.0,24935000000.0,141611000000.0,
FREJO,FEDERAL HOME LOAN MORTGAGE CORP,0001026214,30,10731000000.0,,3497598000000.0,3427214000000.0
RF-PC,REGIONS FINANCIAL CORP,0001281761,30,2156000000.0,,158814000000.0,139711000000.0
CENT,CENTRAL GARDEN & PET CO,0000887733,30,162843000.0,3129100000.0,3625643000.0,
OPRT,Oportun Financial Corp,0001538716,30,25246000.0,956685000.0,3257856000.0,2867774000.0
CABO,"Cable One, Inc.",0001632127,30,-356459000.0,,5588353000.0,4154715000.0
MFAO,"MFA FINANCIAL, INC.",0001055160,30,176783000.0,,13046449000.0,11218754000.0
MFAN,"MFA FINANCIAL, INC.",0001055160,30,176783000.0,,13046449000.0,11218754000.0
SGST,"Strategic Storage Trust VI, Inc.",0001852575,30,-23999794.0,30718601.0,534441184.0,311873560.0
REZI,"RESIDEO TECHNOLOGIES, INC.",0001740332,30,-527000000.0,7472000000.0,8433000000.0,5516000000.0
CYCUW,"Cycurion, Inc.",0001868419,30,-23665708.0,17771485.0,33452336.0,17208870.0
BWIN,"Baldwin Insurance Group, Inc.",0001781755,30,-33813000.0,1504884000.0,3862220000.0,2777822000.0
PLUG,PLUG POWER INC,0001093691,30,-1631594000.0,709919000.0,2594568000.0,1591254000.0
MRVI,"MARAVAI LIFESCIENCES HOLDINGS, INC.",0001823239,30,-130773000.0,185743000.0,770577000.0,397866000.0
RPT-PC,Rithm Property Trust Inc.,0001614806,30,1472000.0,,1041527000.0,750430000.0
HCAT,"Health Catalyst, Inc.",0001636422,30,-177974000.0,311136000.0,502643000.0,256863000.0
BTBDW,"BT Brands, Inc.",0001718224,30,-2311208.0,14823472.0,11996797.0,5031570.0
CUBI,"Customers Bancorp, Inc.",0001488813,30,224088000.0,,24895868000.0,22780351000.0
ICRP,"InPoint Commercial Real Estate Income, Inc.",0001690012,30,-1574000.0,23006000.0,529241000.0,302993000.0
ICRL,"InPoint Commercial Real Estate Income, Inc.",0001690012,30,-1574000.0,23006000.0,529241000.0,302993000.0
TALO,TALOS ENERGY INC.,0001724965,30,-494290000.0,1780070000.0,5552057000.0,3383934000.0
MFA-PB,"MFA FINANCIAL, INC.",0001055160,30,176783000.0,,13046449000.0,11218754000.0
RMGL,Rocky Mountains Group Ltd,0002034288,30,-23640.0,25000.0,18636.0,8500.0
TRMK,TRUSTMARK CORP,0000036146,30,224135000.0,,18925211000.0,16803534000.0
WSO-B,WATSCO INC,0000105016,30,496994000.0,7239290000.0,4414805000.0,
REPL,"Replimune Group, Inc.",0001737953,30,-313940000.0,,332388000.0,166228000.0
ARLO,"Arlo Technologies, Inc.",0001736946,30,14926000.0,,310548000.0,182707000.0
VMCAF,Valuence Merger Corp. I,0001892747,30,280285.0,,23231673.0,13080073.0
SCOR,"COMSCORE, INC.",0001158172,30,-10004000.0,403549000.0,407709000.0,206548000.0
RSSS,"Research Solutions, Inc.",0001386301,30,1265553.0,28793922.0,46120674.0,32192517.0
FITB,FIFTH THIRD BANCORP,0000035527,30,2522000000.0,,214376000000.0,192652000000.0
REKR,"Rekor Systems, Inc.",0001697851,30,-31460000.0,9234000.0,85387000.0,42517000.0
ENOV,Enovis CORP,0001420800,30,-1184440000.0,2248049000.0,3834737000.0,2342835000.0
SDGR,"Schrodinger, Inc.",0001490978,30,-103265000.0,255869000.0,726160000.0,362107000.0
GBX,GREENBRIER COMPANIES INC,0000923120,30,204100000.0,3240200000.0,4360600000.0,
MBIN,Merchants Bancorp,0001629019,30,218770000.0,,19448943000.0,17168184000.0
BEEP,Mobile Infrastructure Corp,0001847874,30,-21440000.0,35075000.0,382464000.0,223419000.0
STHO,Star Holdings,0001953366,30,-64249000.0,110143000.0,570197000.0,304331000.0
GOGO,Gogo Inc.,0001537054,30,12923000.0,910491000.0,1303772000.0,1202643000.0
MFA-PC,"MFA FINANCIAL, INC.",0001055160,30,176783000.0,,13046449000.0,11218754000.0
KN,Knowles Corp,0001587523,30,44200000.0,593200000.0,1051100000.0,
MH,"McGraw Hill, Inc.",0001951070,30,35320000.0,2102781000.0,5485521000.0,4759303000.0
WHR,WHIRLPOOL CORP /DE/,0000106640,30,318000000.0,21253000000.0,16001000000.0,
NRXS,"Neuraxis, INC",0001933567,30,-7800555.0,3569282.0,6404036.0,3004664.0
BSIN,BIG SKY INDUSTRIAL INC.,0000101594,30,-14374000.0,32379000.0,40630000.0,16435000.0
OM,"Outset Medical, Inc.",0001484612,30,-81653000.0,119476000.0,264496000.0,137544000.0
HAIN,HAIN CELESTIAL GROUP INC,0000910406,30,-530841000.0,619598000.0,1603278000.0,1128273000.0
PCG-PG,PG&E Corp,0001004980,30,1220000000.0,24935000000.0,141611000000.0,
PCG-PH,PG&E Corp,0001004980,30,1220000000.0,24935000000.0,141611000000.0,
FNMFN,FEDERAL NATIONAL MORTGAGE ASSOCIATION FANNIE MAE,0000310522,30,14364000000.0,,4317538000000.0,4208526000000.0
PCG-PC,PG&E Corp,0001004980,30,1220000000.0,24935000000.0,141611000000.0,
INNV,InnovAge Holding Corp.,0001834376,30,-30313000.0,853699000.0,526851000.0,263943000.0
SLMBP,SLM Corp,0001032033,30,744847000.0,,29746295000.0,27294937000.0
PCG-PI,PG&E Corp,0001004980,30,1220000000.0,24935000000.0,141611000000.0,
CIM-PA,CHIMERA INVESTMENT CORP,0001409493,30,28332000.0,,15808542000.0,13235848000.0
VLYPO,VALLEY NATIONAL BANCORP,0000714310,30,597983000.0,,64132725000.0,56325027000.0
PESI,PERMA FIX ENVIRONMENTAL SERVICES INC,0000891532,30,-13784000.0,642000.0,88034000.0,37895000.0
ACHC,"Acadia Healthcare Company, Inc.",0001520697,30,-1102772000.0,3312769000.0,5527448000.0,3386896000.0
AXGN,"Axogen, Inc.",0000805928,30,-15703000.0,225208000.0,221687000.0,92840000.0
FRME,FIRST MERCHANTS CORP,0000712534,30,226001000.0,,19025101000.0,16558434000.0
WGS,GeneDx Holdings Corp.,0001818331,30,-21021000.0,427539000.0,523710000.0,215528000.0
STUB,"StubHub Holdings, Inc.",0001337634,30,-1905934000.0,1745188000.0,5054053000.0,3112438000.0
HURN,Huron Consulting Group Inc.,0001289848,30,105040000.0,1699143000.0,1526683000.0,
KOD,Kodiak Sciences Inc.,0001468748,30,-229967000.0,,351533000.0,194150000.0
BMEA,"Biomea Fusion, Inc.",0001840439,30,-61797000.0,,58572000.0,29020000.0
ULBI,ULTRALIFE CORP,0000875657,30,-5898000.0,191159000.0,216912000.0,86778000.0
NUVB,Nuvation Bio Inc.,0001811063,30,-204627000.0,62902000.0,594822000.0,289106000.0
VDTA,Vertical Data Inc.,0002033264,30,-779539.0,3666000.0,519169.0,252058.0
PENN,"PENN Entertainment, Inc.",0000921738,30,-843100000.0,6362900000.0,14268500000.0,12441000000.0
BCGWW,"Binah Capital Group, Inc.",0001953984,30,2308000.0,187144000.0,70215000.0,51948000.0
TWO-PA,TWO HARBORS INVESTMENT CORP.,0001465740,30,-454300000.0,,10859217000.0,9071290000.0
BATRK,"Atlanta Braves Holdings, Inc.",0001958140,30,-23368000.0,732492000.0,1614957000.0,1076775000.0
TWO-PC,TWO HARBORS INVESTMENT CORP.,0001465740,30,-454300000.0,,10859217000.0,9071290000.0
CTOR,"CITIUS ONCOLOGY, INC.",0001851484,30,-24761369.0,,100942881.0,56076650.0
SSTI,"SOUNDTHINKING, INC.",0001351636,30,-9420000.0,34753000.0,135754000.0,63582000.0
AIOT,"Powerfleet, Inc.",0001774170,30,-20552000.0,443777000.0,955565000.0,473950000.0
OPI,OFFICE PROPERTIES INCOME TRUST,0001456772,30,-272374000.0,442556000.0,3488596000.0,2607609000.0
BATRB,"Atlanta Braves Holdings, Inc.",0001958140,30,-23368000.0,732492000.0,1614957000.0,1076775000.0
CENTA,CENTRAL GARDEN & PET CO,0000887733,30,162843000.0,3129100000.0,3625643000.0,
FNMAM,FEDERAL NATIONAL MORTGAGE ASSOCIATION FANNIE MAE,0000310522,30,14364000000.0,,4317538000000.0,4208526000000.0
FMCCG,FEDERAL HOME LOAN MORTGAGE CORP,0001026214,30,10731000000.0,,3497598000000.0,3427214000000.0
FNMFM,FEDERAL NATIONAL MORTGAGE ASSOCIATION FANNIE MAE,0000310522,30,14364000000.0,,4317538000000.0,4208526000000.0
FNMAL,FEDERAL NATIONAL MORTGAGE ASSOCIATION FANNIE MAE,0000310522,30,14364000000.0,,4317538000000.0,4208526000000.0
FNMAK,FEDERAL NATIONAL MORTGAGE ASSOCIATION FANNIE MAE,0000310522,30,14364000000.0,,4317538000000.0,4208526000000.0
NWBI,"Northwest Bancshares, Inc.",0001471265,30,126013000.0,,16766617000.0,14876193000.0
PBI,PITNEY BOWES INC /DE/,0000078814,30,144697000.0,1892629000.0,3168951000.0,3971311000.0
FCF,FIRST COMMONWEALTH FINANCIAL CORP /PA/,0000712537,30,152302000.0,,12343036000.0,10788660000.0
CICB,CION Investment Corp,0001534254,30,-41120000.0,,1854800000.0,1147172000.0
STGW,Stagwell Inc,0000876883,30,29101000.0,2909000000.0,4214547000.0,3413212000.0
CXAIW,CXApp Inc.,0001820875,30,-13473000.0,4583000.0,32430000.0,18448000.0
AGM,FEDERAL AGRICULTURAL MORTGAGE CORP,0000845877,30,207415000.0,,35370157000.0,33651208000.0
ARR,"Armour Residential REIT, Inc.",0001428205,30,322687000.0,,21005159000.0,18744106000.0
BANR,BANNER CORP,0000946673,30,195382000.0,,16354488000.0,14408191000.0
TWO-PB,TWO HARBORS INVESTMENT CORP.,0001465740,30,-454300000.0,,10859217000.0,9071290000.0
VLYPP,VALLEY NATIONAL BANCORP,0000714310,30,597983000.0,,64132725000.0,56325027000.0
FMCCJ,FEDERAL HOME LOAN MORTGAGE CORP,0001026214,30,10731000000.0,,3497598000000.0,3427214000000.0
FNMAN,FEDERAL NATIONAL MORTGAGE ASSOCIATION FANNIE MAE,0000310522,30,14364000000.0,,4317538000000.0,4208526000000.0
DH,Definitive Healthcare Corp.,0001861795,30,-138932000.0,241521000.0,735492000.0,356500000.0
SAMG,Silvercrest Asset Management Group Inc.,0001549966,30,-120000.0,24833000.0,166607000.0,81723000.0
UA,"Under Armour, Inc.",0001336917,30,-495643000.0,4966370000.0,4415694000.0,3001334000.0
BAND,Bandwidth Inc.,0001514416,30,-12912000.0,204113000.0,1052627000.0,652654000.0
BLNK,Blink Charging Co.,0001429764,30,-83385000.0,126197000.0,147453000.0,82963000.0
TWO,TWO HARBORS INVESTMENT CORP.,0001465740,30,-454300000.0,,10859217000.0,9071290000.0
FNMAT,FEDERAL NATIONAL MORTGAGE ASSOCIATION FANNIE MAE,0000310522,30,14364000000.0,,4317538000000.0,4208526000000.0
PFX,PhenixFIN Corp,0001490349,30,4155515.0,,316909795.0,156135495.0
ZVIA,Zevia PBC,0001854139,30,-9920000.0,161259000.0,63620000.0,28019000.0
RPT,Rithm Property Trust Inc.,0001614806,30,1472000.0,,1041527000.0,750430000.0
EFSC,ENTERPRISE FINANCIAL SERVICES CORP,0001025835,30,201374000.0,,17300884000.0,15261498000.0
UAA,"Under Armour, Inc.",0001336917,30,-495643000.0,4966370000.0,4415694000.0,3001334000.0
ALGT,Allegiant Travel CO,0001362468,30,-44697000.0,2606579000.0,4209401000.0,3156724000.0
CLOV,"CLOVER HEALTH INVESTMENTS, CORP. /DE",0001801170,30,-85549000.0,1924308000.0,541011000.0,232307000.0
ALKT,"ALKAMI TECHNOLOGY, INC.",0001529274,30,-47652000.0,152159000.0,847227000.0,485178000.0
OFG,OFG BANCORP,0001030469,30,205103000.0,0.0,12465657000.0,11075652000.0
VENU,Venu Holding Corp,0001770501,30,-44093722.0,17897046.0,370555035.0,171703684.0
NXH,"NEIGHBORHOOD INTELLIGENCE, INC.",0001130713,30,-258795000.0,1044616000.0,425478000.0,207534000.0
ORN,Orion Group Holdings Inc,0001402829,30,2488000.0,852260000.0,414652000.0,255620000.0
NWN,Northwest Natural Holding Co,0001733998,30,113319000.0,1289363000.0,6167041000.0,
NEXT,NextDecade Corp,0001612720,30,-429637000.0,0.0,12425828000.0,10124741000.0
XRAY,DENTSPLY SIRONA Inc.,0000818479,30,-598000000.0,0.0,5429000000.0,4089000000.0
PVLA,"PALVELLA THERAPEUTICS, INC.",0001583648,30,-41715000.0,42810000.0,59559000.0,31576000.0
SATLW,Satellogic Inc.,0001874315,30,-4783000.0,17707000.0,151303000.0,90777000.0
FNMAI,FEDERAL NATIONAL MORTGAGE ASSOCIATION FANNIE MAE,0000310522,30,14364000000.0,,4317538000000.0,4208526000000.0
AGM-A,FEDERAL AGRICULTURAL MORTGAGE CORP,0000845877,30,207415000.0,,35370157000.0,33651208000.0
FMCCL,FEDERAL HOME LOAN MORTGAGE CORP,0001026214,30,10731000000.0,,3497598000000.0,3427214000000.0
CIX,COMPX INTERNATIONAL INC,0001049606,30,19478000.0,158285000.0,156194000.0,
LILAK,Liberty Latin America Ltd.,0001712184,30,-611200000.0,,12225900000.0,11162400000.0
FNMFO,FEDERAL NATIONAL MORTGAGE ASSOCIATION FANNIE MAE,0000310522,30,14364000000.0,,4317538000000.0,4208526000000.0
FNMAG,FEDERAL NATIONAL MORTGAGE ASSOCIATION FANNIE MAE,0000310522,30,14364000000.0,,4317538000000.0,4208526000000.0
FMCKP,FEDERAL HOME LOAN MORTGAGE CORP,0001026214,30,10731000000.0,,3497598000000.0,3427214000000.0
FMCCM,FEDERAL HOME LOAN MORTGAGE CORP,0001026214,30,10731000000.0,,3497598000000.0,3427214000000.0
FMCCP,FEDERAL HOME LOAN MORTGAGE CORP,0001026214,30,10731000000.0,,3497598000000.0,3427214000000.0
FMCCK,FEDERAL HOME LOAN MORTGAGE CORP,0001026214,30,10731000000.0,,3497598000000.0,3427214000000.0
FMCCH,FEDERAL HOME LOAN MORTGAGE CORP,0001026214,30,10731000000.0,,3497598000000.0,3427214000000.0
CPRI,Capri Holdings Ltd,0001530721,30,137000000.0,3474000000.0,3234000000.0,3150000000.0
ADAMN,"ADAMAS TRUST, INC.",0001273685,30,149048000.0,,12638847000.0,11208410000.0
MD,"Pediatrix Medical Group, Inc.",0000893949,30,165388000.0,,2246696000.0,1380842000.0
LCID,"Lucid Group, Inc.",0001811210,30,-2698051000.0,595271000.0,8386981000.0,5386204000.0
GRC,GORMAN RUPP CO,0000042682,30,53017000.0,,860055000.0,445332000.0
FNMAO,FEDERAL NATIONAL MORTGAGE ASSOCIATION FANNIE MAE,0000310522,30,14364000000.0,,4317538000000.0,4208526000000.0
FREJN,FEDERAL HOME LOAN MORTGAGE CORP,0001026214,30,10731000000.0,,3497598000000.0,3427214000000.0
FMCKN,FEDERAL HOME LOAN MORTGAGE CORP,0001026214,30,10731000000.0,,3497598000000.0,3427214000000.0
FMCCO,FEDERAL HOME LOAN MORTGAGE CORP,0001026214,30,10731000000.0,,3497598000000.0,3427214000000.0
PODC,"PodcastOne, Inc.",0001940177,30,-2644000.0,,29197000.0,12103000.0
IAUX,i-80 Gold Corp.,0001853962,30,-198847000.0,95193000.0,703420000.0,356647000.0
PWP,Perella Weinberg Partners,0001777835,30,35477000.0,750903000.0,797637000.0,536897000.0
FREGP,FEDERAL HOME LOAN MORTGAGE CORP,0001026214,30,10731000000.0,,3497598000000.0,3427214000000.0
FMCKM,FEDERAL HOME LOAN MORTGAGE CORP,0001026214,30,10731000000.0,,3497598000000.0,3427214000000.0
FMCKJ,FEDERAL HOME LOAN MORTGAGE CORP,0001026214,30,10731000000.0,,3497598000000.0,3427214000000.0
FMCKO,FEDERAL HOME LOAN MORTGAGE CORP,0001026214,30,10731000000.0,,3497598000000.0,3427214000000.0
SRPT,"Sarepta Therapeutics, Inc.",0000873303,30,-412226000.0,442934000.0,3349703000.0,2209081000.0
CION,CION Investment Corp,0001534254,30,-41120000.0,,1854800000.0,1147172000.0
ATLX,Atlas Lithium Corp,0001540684,30,-28110592.0,92491.0,87697452.0,35168172.0
LTRYW,Sports Entertainment Gaming Global Corp,0001673481,30,-20303608.0,6779057.0,55660225.0,31899358.0
TPTS,"Terra Property Trust, Inc.",0001674356,30,-27825846.0,35439020.0,351540758.0,205076530.0
GMBLZ,"ESPORTS ENTERTAINMENT GROUP, INC.",0001451448,30,-32285479.0,0.0,22101291.0,9221163.0
GMBLP,"ESPORTS ENTERTAINMENT GROUP, INC.",0001451448,30,-32285479.0,0.0,22101291.0,9221163.0
PRGO,PERRIGO Co plc,0001585364,30,-1425400000.0,800000.0,8535200000.0,5599700000.0
NVCR,NovoCure Ltd,0001645113,30,-136227000.0,655353000.0,804326000.0,463860000.0
ADAMZ,"ADAMAS TRUST, INC.",0001273685,30,149048000.0,,12638847000.0,11208410000.0
ADAML,"ADAMAS TRUST, INC.",0001273685,30,149048000.0,,12638847000.0,11208410000.0
ADAMH,"ADAMAS TRUST, INC.",0001273685,30,149048000.0,,12638847000.0,11208410000.0
ADAMM,"ADAMAS TRUST, INC.",0001273685,30,149048000.0,,12638847000.0,11208410000.0
ADAMG,"ADAMAS TRUST, INC.",0001273685,30,149048000.0,,12638847000.0,11208410000.0
LUNG,Pulmonx Corp,0001127537,30,-54003000.0,90497000.0,129291000.0,75175000.0
SONO,Sonos Inc,0001314727,30,-61144000.0,1443276000.0,823278000.0,468053000.0
OCFC,OCEANFIRST FINANCIAL CORP,0001004702,30,70978000.0,,14564317000.0,12901767000.0
CICC,CION Investment Corp,0001534254,30,-41120000.0,,1854800000.0,1147172000.0
WKC,WORLD KINECT CORP,0000789460,30,-614400000.0,36916600000.0,5863900000.0,4556100000.0
GMBL,"ESPORTS ENTERTAINMENT GROUP, INC.",0001451448,30,-32285479.0,0.0,22101291.0,9221163.0
FLNC,"Fluence Energy, Inc.",0001868941,30,-48314000.0,2262830000.0,2357000000.0,1808152000.0
DHC,DIVERSIFIED HEALTHCARE TRUST,0001075415,30,-285886000.0,278566000.0,4361250000.0,2695682000.0
ADAMI,"ADAMAS TRUST, INC.",0001273685,30,149048000.0,,12638847000.0,11208410000.0
ADAMO,"ADAMAS TRUST, INC.",0001273685,30,149048000.0,,12638847000.0,11208410000.0
ADAMK,"ADAMAS TRUST, INC.",0001273685,30,149048000.0,,12638847000.0,11208410000.0
HE,HAWAIIAN ELECTRIC INDUSTRIES INC,0000354707,30,126281000.0,3086896000.0,8922879000.0,7316960000.0
LDSN,Aphoenity International Holdings Inc.,0001737193,30,-4534589.0,400.0,1920088.0,948507.0
APSI,AQUA POWER SYSTEMS INC.,0001553264,30,554911.0,0.0,155733.0,63045.0
TGEN,TECOGEN INC.,0001537435,30,-8248755.0,27073710.0,36990103.0,15517491.0
MNTS,Momentus Inc.,0001781162,30,-30468000.0,1110000.0,40319000.0,23179000.0
BARK,"Bark, Inc.",0001819574,30,-39008000.0,394843000.0,169990000.0,97972000.0
WHLRP,"Wheeler Real Estate Investment Trust, Inc.",0001527541,30,8770000.0,99445000.0,601734000.0,507043000.0
CAH,CARDINAL HEALTH INC,0000721371,30,1714000000.0,254248000000.0,57299000000.0,
TRTX-PC,"TPG RE Finance Trust, Inc.",0001630472,30,60319000.0,,4406230000.0,3338207000.0
LOB,"Live Oak Bancshares, Inc.",0001462120,30,105871000.0,,15134778000.0,13880672000.0
IMCR,Immunocore Holdings plc,0001671927,30,-35514000.0,249428000.0,1067269000.0,686236000.0
OFIX,Orthofix Medical Inc.,0000884624,30,-92192000.0,822312000.0,850647000.0,400610000.0
FENC,FENNEC PHARMACEUTICALS INC.,0001211583,30,-9741000.0,44642000.0,70551000.0,35079000.0
SIEB,SIEBERT FINANCIAL CORP,0000065596,30,7826000.0,94202000.0,759042000.0,669882000.0
FMCCN,FEDERAL HOME LOAN MORTGAGE CORP,0001026214,30,10731000000.0,,3497598000000.0,3427214000000.0
HLTC,"National Healthcare Properties, Inc.",0001561032,30,-20726000.0,342279000.0,1711772000.0,1107247000.0
FMCCS,FEDERAL HOME LOAN MORTGAGE CORP,0001026214,30,10731000000.0,,3497598000000.0,3427214000000.0
LILAB,Liberty Latin America Ltd.,0001712184,30,-611200000.0,,12225900000.0,11162400000.0
FMCKL,FEDERAL HOME LOAN MORTGAGE CORP,0001026214,30,10731000000.0,,3497598000000.0,3427214000000.0
LILA,Liberty Latin America Ltd.,0001712184,30,-611200000.0,,12225900000.0,11162400000.0
JJSF,J&J SNACK FOODS CORP,0000785956,30,65595000.0,1022038000.0,1381501000.0,
BBXIB,"BBX Capital, Inc.",0001814974,30,-63896000.0,307262000.0,603014000.0,294406000.0
INRE,"Inland Real Estate Income Trust, Inc.",0001528985,30,-11047000.0,153581000.0,1247928000.0,922570000.0
OPAL,OPAL Fuels Inc.,0001842279,30,-16194662.0,348975000.0,959469000.0,461712000.0
PINE,"Alpine Income Property Trust, Inc.",0001786117,30,-2657000.0,60532000.0,715874000.0,414618000.0
ECIA,ENCISION INC,0000930775,30,-220198.0,6555315.0,3670699.0,2019597.0
FGCO,"Financial Gravity Companies, Inc.",0001377167,30,-7423081.0,6672793.0,4349282.0,2197588.0
APHD,"VERDE BIO HOLDINGS, INC.",0001490054,30,-1863243.0,0.0,4160238.0,1839182.0
HOPE,HOPE BANCORP INC,0001128361,30,34466000.0,,18531626000.0,16248358000.0
EFC,Ellington Financial Inc.,0001411342,30,118743000.0,,19352910000.0,17481755000.0
GSFI,Green Stream Holdings Inc.,0001437476,30,-256348.0,0.0,1115381.0,591789.0
RPID,"RAPID MICRO BIOSYSTEMS, INC.",0001380106,30,-47123000.0,33587000.0,74852000.0,41646000.0
VRCA,Verrica Pharmaceuticals Inc.,0001660334,30,-17886000.0,35577000.0,47131000.0,22388000.0
SLNCF,Silence Therapeutics plc,0001479615,30,-88612000.0,559000.0,131442000.0,69138000.0
BBBY,"NEIGHBORHOOD INTELLIGENCE, INC.",0001130713,30,-258795000.0,1044616000.0,425478000.0,207534000.0
CNOB,"ConnectOne Bancorp, Inc.",0000712771,30,39518000.0,,14002700000.0,12429360000.0
WWW,WOLVERINE WORLD WIDE INC /DE/,0000110471,30,95800000.0,1874300000.0,1709300000.0,
GLP,GLOBAL PARTNERS LP,0001323468,30,97977000.0,18561421000.0,3850717000.0,3175174000.0
BBXIA,"BBX Capital, Inc.",0001814974,30,-63896000.0,307262000.0,603014000.0,294406000.0
TPB,"Turning Point Brands, Inc.",0001290677,30,58165000.0,,763750000.0,391767000.0
ZSTK,ZeroStack Corp.,0001790169,30,-15907000.0,35676000.0,130235000.0,59683000.0
LE,"LANDS' END, INC.",0000799288,30,5508000.0,1162769000.0,751066000.0,506771000.0
DTI,Drilling Tools International Corp,0001884516,30,-3761000.0,154446000.0,222181000.0,99308000.0
CHGG,"CHEGG, INC",0001364954,30,-103421000.0,376908000.0,278014000.0,158391000.0
WHLRD,"Wheeler Real Estate Investment Trust, Inc.",0001527541,30,8770000.0,99445000.0,601734000.0,507043000.0
BEAT,"HeartBeam, Inc.",0001779372,30,-21015000.0,,5843000.0,3240000.0
SNOW,Snowflake Inc.,0001640147,30,-1331616000.0,4683946000.0,9132495000.0,7208393000.0
AMPL,"Amplitude, Inc.",0001866692,30,-88541000.0,343214000.0,420684000.0,175338000.0
FTRE,Fortrea Holdings Inc.,0001965040,30,-986200000.0,2723400000.0,2715700000.0,2152200000.0
TNBI,Tanke Biosciences Corp,0001452011,30,-210247.0,,28849160.0,12926200.0
BLIS,"NAPC Defense, Inc.",0001703625,30,-711986.0,85000.0,1759732.0,1045060.0
VSTS,Vestis Corp,0001967649,30,-40223000.0,2734839000.0,2906900000.0,2041256000.0
THMG,THUNDER MOUNTAIN GOLD INC,0000711034,30,-2829759.0,300000.0,3290870.0,1705061.0
MAYS,MAYS J W INC,0000054187,30,-136240.0,22469710.0,88049426.0,35287529.0
LTCH,"Latch, Inc.",0001826000,30,-53747000.0,70117000.0,106802000.0,48791000.0
CASH,"PATHWARD FINANCIAL, INC.",0000907471,30,38801000.0,839894000.0,7172344000.0,6314890000.0
GT,GOODYEAR TIRE & RUBBER CO /OH/,0000042582,30,-1721000000.0,18280000000.0,18208000000.0,14805000000.0
NET,"Cloudflare, Inc.",0001477333,30,-102267000.0,2167937000.0,6036256000.0,4577133000.0
TSN,"TYSON FOODS, INC.",0000100493,30,474000000.0,54441000000.0,36658000000.0,
ECHO,EchoStar CORP,0001415404,30,-14497180000.0,15004989000.0,43016355000.0,37204357000.0
NLY,ANNALY CAPITAL MANAGEMENT INC,0001043219,30,2027262000.0,,135609838000.0,119449927000.0
NTNX,"Nutanix, Inc.",0001618732,30,188366000.0,2537927000.0,3283194000.0,3977714000.0
GPC,GENUINE PARTS CO,0000040987,30,65945000.0,24300141000.0,20795540000.0,
ACTU,"ACTUATE THERAPEUTICS, INC.",0001652935,30,-22227852.0,,14035910.0,6111907.0
MEC,"Mayville Engineering Company, Inc.",0001766368,30,-8110000.0,546487000.0,563640000.0,322903000.0
PANL,Pangaea Logistics Solutions Ltd.,0001606909,30,19369000.0,102200000.0,928096000.0,
BDN,BRANDYWINE REALTY TRUST,0000790816,30,-178247000.0,484454000.0,3586240000.0,2788386000.0
ALIT,"Alight, Inc. / Delaware",0001809104,30,-3097000000.0,2262000000.0,4568000000.0,3522000000.0
CMCO,COLUMBUS MCKINNON CORP,0001005229,30,-229535000.0,936240000.0,4784703000.0,3336074000.0
BURL,"Burlington Stores, Inc.",0001579298,30,610153000.0,11566910000.0,9919057000.0,
DHCNI,DIVERSIFIED HEALTHCARE TRUST,0001075415,30,-285886000.0,278566000.0,4361250000.0,2695682000.0
DHCNL,DIVERSIFIED HEALTHCARE TRUST,0001075415,30,-285886000.0,278566000.0,4361250000.0,2695682000.0
AREC,American Resources Corp,0001590715,30,55385211.0,0.0,168907706.0,75718780.0
MFICL,MidCap Financial Investment Corp,0001278752,30,63169000.0,,3323644000.0,2016383000.0
IP,INTERNATIONAL PAPER CO /NEW/,0000051434,20,-2384000000.0,6006000000.0,37964000000.0,
VABK,Virginia National Bankshares Corp,0001572334,20,19261000.0,,1649742000.0,1465581000.0
XPO,"XPO, Inc.",0001166003,20,316000000.0,7744000000.0,8194000000.0,
HBCP,"HOME BANCORP, INC.",0001436425,20,11411000.0,,3492626000.0,3057532000.0
CERS,CERUS CORP,0001020214,20,-15627000.0,51326000.0,221859000.0,156894000.0
RGNX,REGENXBIO Inc.,0001590877,20,-193878000.0,2040000.0,453032000.0,350299000.0
CLB,Core Laboratories Inc. /DE/,0001958086,20,29669000.0,526520000.0,584010000.0,
SPRY,"ARS Pharmaceuticals, Inc.",0001671858,20,-171298000.0,84278000.0,327652000.0,213394000.0
INIS,RADNOSTIX INC,0001038277,20,-908002.0,10368823.0,17836632.0,14143885.0
MRMD,MARIMED INC.,0001522767,20,-14484000.0,50895151.0,202565000.0,137831000.0
HRGN,"Harvard Apparatus Regenerative Technology, Inc.",0001563665,20,-6869000.0,0.0,2677000.0,1620000.0
ILPT,Industrial Logistics Properties Trust,0001717307,20,-66187000.0,,5189944000.0,4289246000.0
MERC,MERCER INTERNATIONAL INC.,0001333274,20,-497889000.0,1169145000.0,2041420000.0,1973360000.0
STCB,"Starco Brands, Inc.",0001539850,20,-20927221.0,65211238.0,35856694.0,21658455.0
OMC,OMNICOM GROUP INC.,0000029989,20,-54500000.0,17271900000.0,54415300000.0,
FLWS,1 800 FLOWERS COM INC,0001084869,20,-199993000.0,1151921000.0,772617000.0,504335000.0
CCNEP,CNB FINANCIAL CORP/PA,0000736772,20,20704000.0,,8396435000.0,7524308000.0
ALB,ALBEMARLE CORP,0000915913,20,-510628000.0,5142733000.0,16374211000.0,
CTHH,QWEST CORP,0000068622,20,-1327000000.0,4748000000.0,15820000000.0,
CTGG,QWEST CORP,0000068622,20,-1327000000.0,4748000000.0,15820000000.0,
VIP,Vulcan Infrastructure & Power Inc.,0001844971,20,5286000.0,70388000.0,53555000.0,99859000.0
FBIZ,"FIRST BUSINESS FINANCIAL SERVICES, INC.",0001521951,20,13333000.0,,4081887000.0,3710302000.0
WEAV,"Weave Communications, Inc.",0001609151,20,-28052000.0,239024000.0,207968000.0,125584000.0
IIIN,INSTEEL INDUSTRIES INC,0000764401,20,41020000.0,647706000.0,462650000.0,
PETS,PETMED EXPRESS INC,0001040130,20,-57286000.0,74286000.0,81191000.0,52251000.0
BFRI,Biofrontera Inc.,0001858685,20,-10536000.0,41705000.0,28564000.0,18084000.0
BIRD,"Smartbird, Inc.",0001653909,20,-77283000.0,,109419000.0,73505000.0
EONR,EON Resources Inc.,0001842556,20,-9080283.0,19418919.0,102705017.0,74985546.0
WSBF,"Waterstone Financial, Inc.",0001569994,20,26402000.0,,2259507000.0,1910115000.0
XRX,Xerox Holdings Corp,0001770450,20,-1029000000.0,117000000.0,9823000000.0,9150000000.0
BY,"BYLINE BANCORP, INC.",0001702750,20,130051000.0,,9652676000.0,8384770000.0
TFIN-P,"Triumph Financial, Inc.",0001539638,20,25359000.0,,6380588000.0,5438817000.0
STBA,S&T BANCORP INC,0000719220,20,134230000.0,,9870980000.0,8407103000.0
FSUN,FIRSTSUN CAPITAL BANCORP,0001709442,20,97936000.0,,8485162000.0,7331806000.0
FVTI,"Fortune Valley Treasures, Inc.",0001626745,20,-4046615.0,88684.0,6249169.0,4258331.0
GECC,Great Elm Capital Corp.,0001675033,20,-31789000.0,,340775000.0,227829000.0
FUSB,"FIRST US BANCSHARES, INC.",0000717806,20,5992000.0,,1154785000.0,1049137000.0
CHMI-PB,Cherry Hill Mortgage Investment Corp,0001571776,20,18724000.0,,1540556000.0,1302024000.0
RVRF,River Financial Corp,0001641601,20,42105000.0,,3787385000.0,3487525000.0
CULL,"Cullman Bancorp, Inc. /MD/",0001845799,20,3953000.0,,411641000.0,309906000.0
KBSR,"KBS Real Estate Investment Trust III, Inc.",0001482430,20,-78756000.0,249961000.0,1563109000.0,1385306000.0
UBOH,UNITED BANCSHARES INC/OH,0001087456,20,3534000.0,,1087293000.0,1004602000.0
SALM,"SALEM MEDIA GROUP, INC. /DE/",0001050606,20,-3236000.0,67211000.0,505122000.0,329765000.0
CIZN,CITIZENS HOLDING CO /MS/,0001075706,20,1854000.0,,1404597000.0,1361824000.0
BCIC,BCP Investment Corp,0001372807,20,11492000.0,,523641000.0,314485000.0
TOP,TOP Financial Group Ltd,0001848275,20,-1170823.0,4723765.0,86056943.0,51811799.0
UWHR,UWHARRIE CAPITAL CORP,0000898171,20,1618000.0,,1196345000.0,1120788000.0
ETON,"Eton Pharmaceuticals, Inc.",0001710340,20,-4601000.0,79950000.0,92114000.0,65960000.0
GEL,GENESIS ENERGY LP,0001022321,20,-440403000.0,689296000.0,4860703000.0,4152619000.0
XHLD,"TEN Holdings, Inc.",0002030954,20,-19509000.0,3104000.0,11966000.0,7687000.0
AUBN,"AUBURN NATIONAL BANCORPORATION, INC",0000750574,20,7255000.0,,1018797000.0,926744000.0
BLPG,"Blue Line Protection Group, Inc.",0001416697,20,241741.0,4365122.0,1355101.0,1988259.0
GIPRW,"GENERATION INCOME PROPERTIES, INC.",0001651721,20,-10340904.0,9739942.0,97264681.0,68883927.0
RDSC,Radiant Strategies Corp,0002056016,20,-12487.0,40254.0,54976.0,39744.0
JBLU,JETBLUE AIRWAYS CORP,0001158463,20,-602000000.0,9062000000.0,16570000000.0,
LSAK,LESAKA TECHNOLOGIES INC,0001041514,20,-87504000.0,659701000.0,653710000.0,392327000.0
FGBI,"First Guaranty Bancshares, Inc.",0001408534,20,2450000.0,,4078321000.0,3852103000.0
EBRCZ,"EBR Systems, Inc.",0001347123,20,-48758000.0,1617000.0,97226000.0,71638000.0
CHMI-PA,Cherry Hill Mortgage Investment Corp,0001571776,20,18724000.0,,1540556000.0,1302024000.0
NEWTI,"NewtekOne, Inc.",0001587987,20,60512000.0,,2744819000.0,2347249000.0
SQFTP,"Presidio Property Trust, Inc.",0001080657,20,-8275685.0,16814708.0,122052874.0,97395227.0
CBKM,CONSUMERS BANCORP INC /OH/,0001006830,20,8667000.0,,1165008000.0,1088737000.0
DWSN,DAWSON GEOPHYSICAL CO,0000799165,20,-1941000.0,33557000.0,56010000.0,40202000.0
PTHS,Pelthos Therapeutics Inc.,0001919246,20,-43319000.0,16795000.0,130397000.0,91516000.0
HFFG,HF Foods Group Inc.,0001680873,20,-38843000.0,1228282000.0,541529000.0,337943000.0
RVSB,RIVERVIEW BANCORP INC,0001041368,20,-8042000.0,,1463809000.0,1318173000.0
SRCE,1ST SOURCE CORP,0000034782,20,68051000.0,,9055270000.0,7737180000.0
OPTXW,"SYNTEC OPTICS HOLDINGS, INC.",0001866816,20,-1793227.0,28083985.0,24314108.0,14773253.0
CMCUF,Piermont Valley Acquisition Corp,0001865248,20,-1696790.0,,2461520.0,1480009.0
CMCWF,Piermont Valley Acquisition Corp,0001865248,20,-1696790.0,,2461520.0,1480009.0
DCH,Dauch Corp,0001062231,20,-19700000.0,5836700000.0,6670200000.0,6030200000.0
CODI-PB,Compass Diversified Holdings,0001345126,20,-71190000.0,536612000.0,3039184000.0,2465521000.0
CVRX,"CVRx, Inc.",0001235912,20,-53306000.0,56651000.0,104794000.0,65470000.0
TYGO,"TIGO ENERGY, INC.",0001855447,20,-1880000.0,103536000.0,78037000.0,50414000.0
OBK,"Origin Bancorp, Inc.",0001516912,20,75197000.0,,9724722000.0,8478037000.0
BZFD,"BuzzFeed, Inc.",0001828972,20,-57724000.0,185266000.0,188139000.0,138054000.0
CHMI,Cherry Hill Mortgage Investment Corp,0001571776,20,18724000.0,,1540556000.0,1302024000.0
DRVN,Driven Brands Holdings Inc.,0001804745,20,-292496000.0,1862438000.0,4159920000.0,3392718000.0
CC,Chemours Co,0001627223,20,-47000000.0,6638000000.0,7382000000.0,7131000000.0
TSBK,TIMBERLAND BANCORP INC,0001046050,20,8447000.0,,2012779000.0,1750165000.0
FNWB,First Northwest Bancorp,0001556727,20,-4191000.0,176000.0,2107895000.0,1950631000.0
PLPC,PREFORMED LINE PRODUCTS CO,0000080035,20,35283000.0,669338000.0,653621000.0,
CHCO,CITY HOLDING CO,0000726854,20,130485000.0,,6722018000.0,5912338000.0
PSQH-WT,"PSQ Holdings, Inc.",0001847064,20,-36611668.0,5685987.0,59678408.0,46241502.0
REEUF,Cartesian Growth Corp II,0001889112,20,-1512540.0,,38277749.0,26706139.0
REEWF,Cartesian Growth Corp II,0001889112,20,-1512540.0,,38277749.0,26706139.0
CMPR,CIMPRESS plc,0001262976,20,95872000.0,3736643000.0,2202511000.0,2600788000.0
LDI,"loanDepot, Inc.",0001831631,20,-62646000.0,,6857936000.0,6471926000.0
MAIA,"MAIA Biotechnology, Inc.",0001878313,20,-22396172.0,0.0,9704656.0,7328793.0
XERS,"Xeris Biopharma Holdings, Inc.",0001867096,20,554000.0,49590000.0,383527000.0,369838000.0
APCXW,AppTech Payments Corp.,0001070050,20,-7920000.0,1395000.0,9393000.0,7500000.0
SQFTW,"Presidio Property Trust, Inc.",0001080657,20,-8275685.0,16814708.0,122052874.0,97395227.0
BNAI,Brand Engagement Network Inc.,0001838163,20,-8625435.0,275120.0,15303500.0,11842656.0
TDUP,ThredUp Inc.,0001484778,20,-20214000.0,310813000.0,167245000.0,108052000.0
NECB,"NorthEast Community Bancorp, Inc./MD/",0001847398,20,44413000.0,,2063508000.0,1711808000.0
VLDXW,"Velo3D, Inc.",0001825079,20,-71362000.0,45973000.0,105348000.0,67192000.0
QTIWW,"QT IMAGING HOLDINGS, INC.",0001844505,20,-21083000.0,0.0,23021000.0,16576000.0
PTON,"PELOTON INTERACTIVE, INC.",0001639825,20,63200000.0,2446000000.0,2055900000.0,2195600000.0
NGVT,Ingevity Corp,0001653477,20,-167100000.0,1167600000.0,1651100000.0,1621400000.0
RENEF,Cartesian Growth Corp II,0001889112,20,-1512540.0,,38277749.0,26706139.0
MHLA,"Maiden Holdings, Ltd.",0001412100,20,-200969000.0,56436000.0,1316006000.0,1270813000.0
FLO,FLOWERS FOODS INC,0001128928,20,83825000.0,5256479000.0,4183861000.0,
AGL,"agilon health, inc.",0001831097,20,-391347000.0,5932576000.0,1271290000.0,1144556000.0
SLVM,Sylvamo Corp,0001856485,20,132000000.0,3351000000.0,2763000000.0,
PBHC,"Pathfinder Bancorp, Inc.",0001609065,20,-1933000.0,,1426636000.0,1304185000.0
BDCO,BLUE DOLPHIN ENERGY CO,0000793306,20,-5601000.0,487504000.0,99072000.0,71710000.0
CVEO,Civeo Corp,0001590584,20,-20071000.0,638849000.0,477411000.0,303027000.0
GETY,"Getty Images Holdings, Inc.",0001898496,20,-206183000.0,926244000.0,3240288000.0,2639662000.0
CPIX,CUMBERLAND PHARMACEUTICALS INC,0001087294,20,-1411692.0,9123680.0,76823992.0,52279770.0
BYFC,BROADWAY FINANCIAL CORP DE,0001001171,20,-24795000.0,184000.0,1345569000.0,1082612000.0
AVBH,"Avidbank Holdings, Inc.",0001443575,20,-19553000.0,,2569643000.0,2288664000.0
GLTK,GlobalTech Corp,0001938338,20,-3147247.0,22068599.0,103145841.0,63312175.0
SYBT,"Stock Yards Bancorp, Inc.",0000835324,20,140150000.0,,9536124000.0,8460427000.0
FOXOW,FOXO TECHNOLOGIES INC.,0001812360,20,-12430390.0,16367617.0,44577873.0,33501573.0
NEWT,"NewtekOne, Inc.",0001587987,20,60512000.0,,2744819000.0,2347249000.0
TLYS,"TILLY'S, INC.",0001524025,20,-17452000.0,,310760000.0,225618000.0
PROV,PROVIDENT FINANCIAL HOLDINGS INC,0001010470,20,6255000.0,,1245613000.0,1117068000.0
DRTTF,DIRTT ENVIRONMENTAL SOLUTIONS LTD,0001340476,20,-14448000.0,168855000.0,102504000.0,73969000.0
NKTR,NEKTAR THERAPEUTICS,0000906709,20,-164076000.0,95466000.0,280406000.0,190574000.0
HUBG,"Hub Group, Inc.",0000940942,20,103993000.0,3946390000.0,2868343000.0,
SAH,SONIC AUTOMOTIVE INC,0001043509,20,118700000.0,2748404000.0,5970700000.0,
PCTTW,"PureCycle Technologies, Inc.",0001830033,20,-182565000.0,8355000.0,922666000.0,572078000.0
AMAL,Amalgamated Financial Corp.,0001823608,20,104447000.0,,8869836000.0,8075372000.0
VELO,"Velo3D, Inc.",0001825079,20,-71362000.0,45973000.0,105348000.0,67192000.0
SCL,STEPAN CO,0000094049,20,46895000.0,1803737000.0,2357702000.0,
UNB,UNION BANKSHARES INC,0000706863,20,2748000.0,,1617191000.0,1536327000.0
CRNC,Cerence Inc.,0001768267,20,-18714000.0,251781000.0,630591000.0,479915000.0
AKA,A.K.A. BRANDS HOLDING CORP.,0001865107,20,-31434000.0,600208000.0,397382000.0,299611000.0
FKYS,FIRST KEYSTONE CORP,0000737875,20,6152000.0,,1530977000.0,1417917000.0
JYNT,JOINT Corp,0001612630,20,-9752197.0,117696356.0,60966527.0,45886935.0
ONFOP,"Onfolio Holdings, Inc",0001825452,20,-2588659.0,10730218.0,11360858.0,7455689.0
ONFOW,"Onfolio Holdings, Inc",0001825452,20,-2588659.0,10730218.0,11360858.0,7455689.0
VC,VISTEON CORP,0001111335,20,74000000.0,3768000000.0,3386000000.0,
BATL,BATTALION OIL CORP,0001282648,20,11879000.0,166043000.0,460678000.0,
LKFN,LAKELAND FINANCIAL CORP,0000721994,20,29906000.0,,6990022000.0,6227530000.0
EYE,"National Vision Holdings, Inc.",0001710155,20,29600000.0,1987488000.0,1983678000.0,
PCTTU,"PureCycle Technologies, Inc.",0001830033,20,-182565000.0,8355000.0,922666000.0,572078000.0
BZFDW,"BuzzFeed, Inc.",0001828972,20,-57724000.0,185266000.0,188139000.0,138054000.0
PCTBP,"PureCycle Technologies, Inc.",0001830033,20,-182565000.0,8355000.0,922666000.0,572078000.0
OPHC,"OptimumBank Holdings, Inc.",0001288855,20,16648000.0,,1111678000.0,989781000.0
CTBI,COMMUNITY TRUST BANCORP INC /KY/,0000350852,20,98058000.0,,6684138000.0,5828066000.0
ALHC,"Alignment Healthcare, Inc.",0001832466,20,-724000.0,3948719000.0,1065786000.0,886509000.0
PNBK,PATRIOT NATIONAL BANCORP INC,0001098146,20,-12710000.0,,1087840000.0,993160000.0
CVGI,"Commercial Vehicle Group, Inc.",0001290900,20,-22781000.0,188339000.0,391714000.0,258357000.0
DFDV,DeFi Development Corp.,0001805526,20,-73788000.0,2099660.0,307410000.0,208149000.0
BAERW,"Bridger Aerospace Group Holdings, Inc.",0001941536,20,4140000.0,122830000.0,330306000.0,265640000.0
SFBC,"Sound Financial Bancorp, Inc.",0001541119,20,7158000.0,,1092173000.0,982774000.0
TBBK,"Bancorp, Inc.",0001295401,20,228213000.0,,9352425000.0,8662629000.0
LUNR,"Intuitive Machines, Inc.",0001844452,20,-83294000.0,210059000.0,757154000.0,553452000.0
OYCG,Oyocar Group Inc.,0001994582,20,-38654.0,81936.0,43180.0,27392.0
ARCB,ARCBEST CORP /TX/,0000894405,20,60098000.0,1657864000.0,2452662000.0,
MAN,ManpowerGroup Inc.,0000871763,20,556700000.0,17957100000.0,9160100000.0,
AVBC,"Avidia Bancorp, Inc.",0002058758,20,-3289000.0,,2837090000.0,2458096000.0
FNLC,"First Bancorp, Inc /ME/",0000765207,20,10172000.0,,3166303000.0,2883160000.0
FRST,Primis Financial Corp.,0001325670,20,61443000.0,,4047388000.0,3624492000.0
BHRB,Burke & Herbert Financial Services Corp.,0001964333,20,117306000.0,,7920626000.0,7065977000.0
HLF,HERBALIFE LTD.,0001180262,20,228300000.0,5037500000.0,2785900000.0,3295300000.0
EXTR,EXTREME NETWORKS INC,0001078271,20,42119000.0,1283593000.0,1177821000.0,
BOTJ,BANK OF THE JAMES FINANCIAL GROUP INC,0001275101,20,9022000.0,,1039024000.0,958976000.0
VANI,"Vivani Medical, Inc.",0001266806,20,-26609000.0,4000000.0,39393000.0,23663000.0
RENT,"Rent the Runway, Inc.",0001468327,20,22600000.0,329800000.0,221000000.0,257100000.0
PPHC,"Public Policy Holding Company, Inc.",0001903508,20,-39001000.0,186541000.0,202552000.0,127648000.0
ELLA,Ellington Credit Co,0001560672,20,-7870000.0,,783557000.0,555056000.0
TEAM,Atlassian Corp,0001650372,20,-53828000.0,6572308000.0,6103529000.0,5045087000.0
PCT,"PureCycle Technologies, Inc.",0001830033,20,-182565000.0,8355000.0,922666000.0,572078000.0
PYYX,"PYXUS INTERNATIONAL, INC.",0000939930,20,14569000.0,,1694692000.0,1513585000.0
HBT,"HBT Financial, Inc.",0000775215,20,77008000.0,,5071390000.0,4455892000.0
CBRL,"CRACKER BARREL OLD COUNTRY STORE, INC",0001067294,20,46379000.0,3030445000.0,2161884000.0,
OSBC,OLD SECOND BANCORP INC,0000357173,20,80310000.0,,6902675000.0,6005907000.0
APPS,"Digital Turbine, Inc.",0000317788,20,-37732000.0,27192000.0,841654000.0,649493000.0
ESQ,"Esquire Financial Holdings, Inc.",0001531031,20,50822000.0,,2365661000.0,2076063000.0
RUSHB,RUSH ENTERPRISES INC \TX\,0001012019,20,263778000.0,7434195000.0,4430536000.0,
NXRT,"NexPoint Residential Trust, Inc.",0001620393,20,-32027000.0,251281000.0,1886419000.0,1585995000.0
LEG,LEGGETT & PLATT INC,0000058492,20,235400000.0,5203900000.0,3536400000.0,
INO,"INOVIO PHARMACEUTICALS, INC.",0001055726,20,-84945901.0,8787234.0,74310035.0,50213759.0
APYX,Apyx Medical Corp,0000719135,20,-11211000.0,8295000.0,66840000.0,52009000.0
FLNT,"Fluent, Inc.",0001460329,20,-27167000.0,208764000.0,89133000.0,70921000.0
BRLT,"Brilliant Earth Group, Inc.",0001866757,20,-3635000.0,437483000.0,200903000.0,121266000.0
HYNE,"Hoyne Bancorp, Inc.",0002073153,20,232690.0,,489377461.0,328011851.0
FGIWW,FGI Industries Ltd.,0001864943,20,-6139526.0,130528652.0,69537581.0,53927540.0
DAN,DANA Inc,0000026780,20,-50000000.0,1867000000.0,7808000000.0,6909000000.0
USCB,"USCB FINANCIAL HOLDINGS, INC.",0001901637,20,26100000.0,,2791540000.0,2574357000.0
ISTR,Investar Holding Corp,0001602658,20,22904000.0,,2833048000.0,2531975000.0
PKBK,"PARKE BANCORP, INC.",0001315399,20,37775000.0,,2249436000.0,1924918000.0
CCO,"Clear Channel Outdoor Holdings, Inc.",0001334978,20,19939000.0,1604140000.0,3828875000.0,7223243000.0
FMBH,"FIRST MID BANCSHARES, INC.",0000700565,20,91749000.0,,7966658000.0,7007966000.0
ULCC,"Frontier Group Holdings, Inc.",0001670076,20,-137000000.0,3724000000.0,7220000000.0,6729000000.0
WABC,WESTAMERICA BANCORPORATION,0000311094,20,116173000.0,,5960180000.0,5026671000.0
CVU,CPI AEROSTRUCTURES INC,0000889348,20,-843361.0,69262124.0,75244501.0,49436927.0
BRBR,"BELLRING BRANDS, INC.",0001772016,20,216200000.0,2316600000.0,941000000.0,1394900000.0
HFWA,HERITAGE FINANCIAL CORP /WA/,0001046025,20,67532000.0,,6967350000.0,6045846000.0
SANA,"Sana Biotechnology, Inc.",0001770121,20,-244166000.0,,416890000.0,256006000.0
MIST,Milestone Pharmaceuticals Inc.,0001408443,20,-63058000.0,,113561000.0,71792000.0
IRD,"Opus Genetics, Inc.",0001228627,20,-49591000.0,0.0,50243000.0,34895000.0
QURE,uniQure N.V.,0001590560,20,-198971000.0,13107000.0,824908000.0,626007000.0
XRXDW,Xerox Holdings Corp,0001770450,20,-1029000000.0,117000000.0,9823000000.0,9150000000.0
AMTB,Amerant Bancorp Inc.,0001734342,20,52417000.0,,9777018000.0,8838216000.0
NSTS,"NSTS Bancorp, Inc.",0001881592,20,-386000.0,,266648000.0,186674000.0
CLST,"Catalyst Bancorp, Inc.",0001849867,20,2052000.0,,282927000.0,201202000.0
CRAI,"CRA INTERNATIONAL, INC.",0001053706,20,54782000.0,751583000.0,628873000.0,
FSBC,FIVE STAR BANCORP,0001275168,20,61606000.0,,4754861000.0,4309029000.0
MCB,Metropolitan Bank Holding Corp.,0001476034,20,71098000.0,,8255716000.0,7512604000.0
AEO,AMERICAN EAGLE OUTFITTERS INC,0000919012,20,191983000.0,5547236000.0,4009680000.0,
LZB,LA-Z-BOY INC,0000057131,20,101985000.0,2349433000.0,2042335000.0,
SRBK,"SR Bancorp, Inc.",0001951276,20,5136000.0,,1084405000.0,890625000.0
FMBM,F&M BANK CORP,0000740806,20,11229000.0,,1373757000.0,1268969000.0
GSHD,"Goosehead Insurance, Inc.",0001726978,20,27831000.0,365304000.0,414864000.0,577652000.0
MHNC,"Maiden Holdings, Ltd.",0001412100,20,-200969000.0,56436000.0,1316006000.0,1270813000.0
BODYW,"Beachbody Company, Inc.",0001826889,20,-2860000.0,251727000.0,147035000.0,115715000.0
BRCC,BRC Inc.,0001891101,20,-11914000.0,398263000.0,209243000.0,141226000.0
GREEL,Vulcan Infrastructure & Power Inc.,0001844971,20,5286000.0,70388000.0,53555000.0,99859000.0
MLCIL,Mount Logan Capital Inc.,0002051820,20,-60847000.0,53566000.0,1600718000.0,1509762000.0
NIC,NICOLET BANKSHARES INC,0001174850,20,150686000.0,,9185107000.0,7927445000.0
SMG,SCOTTS MIRACLE-GRO CO,0000825542,20,145200000.0,3016500000.0,2742000000.0,3099500000.0
HPK,"HighPeak Energy, Inc.",0001792849,20,18963000.0,863359000.0,3213714000.0,
BAER,"Bridger Aerospace Group Holdings, Inc.",0001941536,20,4140000.0,122830000.0,330306000.0,265640000.0
PLBC,PLUMAS BANCORP,0001168455,20,29617000.0,,2238523000.0,1977447000.0
NREF,"NexPoint Real Estate Finance, Inc.",0001786248,20,123143000.0,,5321197000.0,4489326000.0
CHMG,CHEMUNG FINANCIAL CORP,0000763563,20,15104000.0,,2710235000.0,2455526000.0
ENTA,ENANTA PHARMACEUTICALS INC,0001177648,20,-81889000.0,75927000.0,280732000.0,216015000.0
LONA,"LeonaBio, Inc.",0001620463,20,-105609000.0,,92151000.0,64361000.0
HRL,HORMEL FOODS CORP /DE/,0000048465,20,478197000.0,,13393119000.0,
SBGI,"Sinclair, Inc.",0001971213,20,-112000000.0,3169000000.0,5949000000.0,5579000000.0
EQBK,EQUITY BANCSHARES INC,0001227500,20,22726000.0,,6373172000.0,5641118000.0
TENB,"Tenable Holdings, Inc.",0001660280,20,-36118000.0,999405000.0,1747667000.0,1421291000.0
KIDZW,KIDZ AI Inc.,0002022308,20,-7044865.0,3366421.0,15544455.0,11767443.0
PII,Polaris Inc.,0000931015,20,-465500000.0,7152000000.0,4893700000.0,4054100000.0
INBKZ,First Internet Bancorp,0001562463,20,-35168000.0,,5571647000.0,5211880000.0
SVC,Service Properties Trust,0000945394,20,-202321000.0,1814838000.0,6491580000.0,5845456000.0
MBWM,MERCANTILE BANK CORP,0001042729,20,88753000.0,,6835219000.0,6110335000.0
BZAI,"Blaize Holdings, Inc.",0001871638,20,-206904000.0,38632000.0,102211000.0,63211000.0
TTEC,"TTEC Holdings, Inc.",0001013880,20,-192466000.0,419133000.0,1499082000.0,1386179000.0
KURA,"Kura Oncology, Inc.",0001422143,20,-278666000.0,67482000.0,738363000.0,564228000.0
DLX,DELUXE CORP,0000027996,20,82100000.0,2133200000.0,2863600000.0,
BKSY,BlackSky Technology Inc.,0001753539,20,-70260000.0,0.0,386246000.0,291371000.0
STXS,"Stereotaxis, Inc.",0001289340,20,-21643000.0,29346617.0,52251000.0,33530000.0
MCBS,"MetroCity Bankshares, Inc.",0001747068,20,68532000.0,,4768400000.0,4224216000.0
GERN,GERON CORP,0000886744,20,-83500000.0,191000.0,570540000.0,344668000.0
TBLA,Taboola.com Ltd.,0001840502,20,42284000.0,1912040000.0,1609839000.0,
BE,Bloom Energy Corp,0001664703,20,-302116000.0,2023994000.0,4396711000.0,3603748000.0
BCML,BayCom Corp,0001730984,20,23931000.0,,2593677000.0,2255123000.0
OPTU,"Optimum Communications, Inc.",0001702780,20,-1869024000.0,8590467000.0,30703838000.0,32996066000.0
ELME,Elme Communities,0000104894,20,-22407000.0,20665000.0,2114281000.0,1875366000.0
IRTC,"iRhythm Holdings, Inc.",0001388658,20,-44551000.0,747138000.0,1020042000.0,867296000.0
DK,"Delek US Holdings, Inc.",0001694426,20,78300000.0,2283700000.0,6847700000.0,
YSGL,Yellowstone Group Ltd.,0002071489,20,-10827.0,40667.0,61520.0,37167.0
AVNT,AVIENT CORP,0001122976,20,81900000.0,3835500000.0,6025600000.0,
WSC,WillScot Holdings Corp,0001647088,20,-52990000.0,2281446000.0,5816167000.0,4959913000.0
PMVC,PMV Consumer Acquisition Corp.,0001807765,20,-154066.0,,1085259.0,774585.0
FIP,FTAI Infrastructure Inc.,0001899883,20,-152054000.0,502520000.0,5748661000.0,4804678000.0
RHLD,"Resolute Holdings Management, Inc.",0002039497,20,-5923000.0,462055000.0,333415000.0,255649000.0
CCNE,CNB FINANCIAL CORP/PA,0000736772,20,20704000.0,,8396435000.0,7524308000.0
HBNC,HORIZON BANCORP INC /IN/,0000706129,20,-150482000.0,,6436611000.0,5748360000.0
NBBK,"NB Bancorp, Inc.",0001979330,20,50302000.0,,7006130000.0,6147198000.0
ARDX,"ARDELYX, INC.",0001437402,20,-61599000.0,85000.0,501604000.0,334655000.0
OPTX,"SYNTEC OPTICS HOLDINGS, INC.",0001866816,20,-1793227.0,28083985.0,24314108.0,14773253.0
THO,THOR INDUSTRIES INC,0000730263,20,258559000.0,9579490000.0,7065284000.0,
CELC,Celcuity Inc.,0001603454,20,-177042000.0,,466558000.0,366003000.0
CVI,CVR ENERGY INC,0001376139,20,27000000.0,7162000000.0,3706000000.0,
AIMDW,"Ainos, Inc.",0001014763,20,-14771012.0,124157.0,20871108.0,13308526.0
SLBK,"Skyline Bankshares, Inc.",0001657642,20,15842000.0,,1293303000.0,1185639000.0
FIRY,Firy Inc.,0001801661,20,-70408000.0,104496000.0,293455000.0,181635000.0
ARX,Accelerant Holdings,0001997350,20,-1345200000.0,912900000.0,8263100000.0,7536700000.0
FGBIP,"First Guaranty Bancshares, Inc.",0001408534,20,2450000.0,,4078321000.0,3852103000.0
DLHC,DLH Holdings Corp.,0000785557,20,-920000.0,41923000.0,290663000.0,177705000.0
NONE.,"EBR Systems, Inc.",0001347123,20,-48758000.0,1617000.0,97226000.0,71638000.0
FMCB,FARMERS & MERCHANTS BANCORP,0001085913,20,93605000.0,,5690110000.0,5044596000.0
BFST,"Business First Bancshares, Inc.",0001624322,20,87861000.0,,8214740000.0,7317857000.0
SBSI,SOUTHSIDE BANCSHARES INC,0000705432,20,69220000.0,,8514590000.0,7666975000.0
EVLV,"Evolv Technologies Holdings, Inc.",0001805385,20,-33138000.0,145905000.0,304409000.0,184987000.0
COOK,"Traeger, Inc.",0001857853,20,-115181000.0,559520000.0,675976000.0,505128000.0
BCBP,BCB BANCORP INC,0001228454,20,-12527000.0,,3279466000.0,2975182000.0
STLE,STEELE BANCORP INC,0000779227,20,22888000.0,,1261457000.0,1143058000.0
FOCL,EDAP TMS SA,0001041934,20,-29246182.0,70527000.0,78997000.0,59584000.0
ICUI,ICU MEDICAL INC/DE,0000883984,20,732000.0,2231262000.0,4050508000.0,
NVST,Envista Holdings Corp,0001757073,20,47000000.0,2566500000.0,5679000000.0,
VSEEW,"VSEE HEALTH, INC.",0001864531,20,-14712850.0,14618184.0,22413019.0,16960651.0
BETRW,Better Home & Finance Holding Co,0001835856,20,-165872000.0,164872000.0,1505434000.0,1468251000.0
OPADW,Offerpad Solutions Inc.,0001825024,20,-46384000.0,567812000.0,154771000.0,116552000.0
CE,Celanese Corp,0001306830,20,-1165000000.0,9544000000.0,21695000000.0,
AVD,AMERICAN VANGUARD CORP,0000005981,20,-49882000.0,515114000.0,596537000.0,404140000.0
MPB,MID PENN BANCORP INC,0000879635,20,56248000.0,,6133896000.0,5319838000.0
MCS,MARCUS CORP,0000062234,20,12691000.0,758458000.0,1014532000.0,
ONFO,"Onfolio Holdings, Inc",0001825452,20,-2588659.0,10730218.0,11360858.0,7455689.0
MSS,Maison Solutions Inc.,0001892292,20,1169273.0,124217480.0,77362889.0,65722860.0
AMZE,"AMAZE HOLDINGS, INC.",0001880343,20,-55165253.0,1967148.0,34213786.0,24444799.0
RCON,"Recon Technology, Ltd",0001442620,20,-6153002.0,6430788.0,11957612.0,7553880.0
DIN,"Dine Brands Global, Inc.",0000049754,20,17100000.0,879300000.0,1737700000.0,2011500000.0
CBAN,COLONY BANKCORP INC,0000711669,20,28253000.0,,3735401000.0,3359481000.0
BMRC,Bank of Marin Bancorp,0001403475,20,-35675000.0,,3904778000.0,3510124000.0
FOXO,FOXO TECHNOLOGIES INC.,0001812360,20,-12430390.0,16367617.0,44577873.0,33501573.0
VIVK,"Vivakor, Inc.",0001450704,20,-110236938.0,104418809.0,113492931.0,76304377.0
HSTA,Hestia Insight Inc.,0001813603,20,-943444.0,8000.0,395131.0,278245.0
TEAD,Teads Holding Co.,0001454938,20,-517070000.0,1300461000.0,1327974000.0,1232537000.0
CNVS,Cineverse Corp.,0001173204,20,-8657000.0,65733000.0,130281000.0,86909000.0
BOF,BranchOut Food Inc.,0001962481,20,-6124672.0,3184018.0,14459692.0,8887985.0
XLO,"Xilio Therapeutics, Inc.",0001840233,20,-35036000.0,43766000.0,154685000.0,119412000.0
TRST,TRUSTCO BANK CORP N Y,0000357301,20,61137000.0,,6440700000.0,5754111000.0
FCBC,FIRST COMMUNITY BANKSHARES INC /VA/,0000859070,20,12464000.0,,3259643000.0,2759096000.0
THFF,FIRST FINANCIAL CORP /IN/,0000714562,20,79208000.0,,5756126000.0,5105257000.0
MVNC,Marvion Inc.,0001439264,20,345083.0,3471329.0,5835969.0,9763556.0
GIPR,"GENERATION INCOME PROPERTIES, INC.",0001651721,20,-10340904.0,9739942.0,97264681.0,68883927.0
CODI,Compass Diversified Holdings,0001345126,20,-71190000.0,536612000.0,3039184000.0,2465521000.0
TRUG,"TruGolf Holdings, Inc.",0001857086,20,-15227893.0,21858864.0,20181136.0,15880753.0
HRZN,Horizon Technology Finance Corp,0001487428,20,-2661000.0,,811104000.0,492602000.0
JMSB,"John Marshall Bancorp, Inc.",0001710482,20,21233000.0,,2332550000.0,2066912000.0
WW,"WW INTERNATIONAL, INC.",0000105319,20,-62095000.0,312488000.0,946758000.0,628687000.0
ENBP,ENB Financial Corp,0001437479,20,21559000.0,,2257727000.0,2096673000.0
PI,IMPINJ INC,0001114995,20,-10847000.0,122633000.0,545186000.0,335955000.0
XMTR,"Xometry, Inc.",0001657573,20,-67472000.0,686631000.0,703720000.0,426983000.0
GECCH,Great Elm Capital Corp.,0001675033,20,-31789000.0,,340775000.0,227829000.0
PARAW,"Banzai International, Inc.",0001826011,20,-22492075.0,12161419.0,31631514.0,23576513.0
EONR-WT,EON Resources Inc.,0001842556,20,-9080283.0,19418919.0,102705017.0,74985546.0
DFLIW,Dragonfly Energy Holdings Corp.,0001847986,20,-69939000.0,58630000.0,86549000.0,52763000.0
MIDD,MIDDLEBY Corp,0000769520,20,36939000.0,866425000.0,6315166000.0,
CAR,"AVIS BUDGET GROUP, INC.",0000723612,20,-889000000.0,11652000000.0,31257000000.0,
SMBK,SMARTFINANCIAL INC.,0001038773,20,36141000.0,,5860810000.0,5308318000.0
CCBG,CAPITAL CITY BANK GROUP INC,0000726601,20,61557000.0,,4385765000.0,3832914000.0
GSBC,"GREAT SOUTHERN BANCORP, INC.",0000854560,20,70973000.0,,5598606000.0,4962480000.0
APOG,"APOGEE ENTERPRISES, INC.",0000006845,20,54131000.0,1404733000.0,1122345000.0,
BSET,BASSETT FURNITURE INDUSTRIES INC,0000010329,20,6100000.0,116647000.0,323819000.0,
FDBC,FIDELITY D & D BANCORP INC,0001098151,20,28198000.0,,2748058000.0,2509198000.0
LVWR-WT,"LiveWire Group, Inc.",0001898795,20,-75114000.0,25672000.0,146411000.0,100383000.0
NREF-PA,"NexPoint Real Estate Finance, Inc.",0001786248,20,123143000.0,,5321197000.0,4489326000.0
PMVCW,PMV Consumer Acquisition Corp.,0001807765,20,-154066.0,,1085259.0,774585.0
AOMN,"Angel Oak Mortgage REIT, Inc.",0001766478,20,44024000.0,,2749778000.0,2482255000.0
KIDZ,KIDZ AI Inc.,0002022308,20,-7044865.0,3366421.0,15544455.0,11767443.0
POSC,POSITRON CORP,0000844985,20,-10603392.0,461452.0,3999649.0,2555827.0
MYO,"MYOMO, INC.",0001369290,20,-15573884.0,1000000000.0,38636573.0,27233106.0
VSEE,"VSEE HEALTH, INC.",0001864531,20,-14712850.0,14618184.0,22413019.0,16960651.0
CDNL,Cardinal Infrastructure Group Inc.,0002079999,20,863593.0,,394587355.0,255049532.0
NOTE,"FiscalNote Holdings, Inc.",0001823466,20,-65247000.0,95407000.0,255138000.0,193187000.0
NOTEW,"FiscalNote Holdings, Inc.",0001823466,20,-65247000.0,95407000.0,255138000.0,193187000.0
CMTL,COMTECH TELECOMMUNICATIONS CORP /DE/,0000023197,20,-155302000.0,499528000.0,740835000.0,446868000.0
IVF,"INVO Fertility, Inc.",0001417926,20,-23323054.0,6841250.0,20220124.0,12995903.0
SMBC,"SOUTHERN MISSOURI BANCORP, INC.",0000916907,20,15786000.0,,5019607000.0,4474915000.0
ALRS,ALERUS FINANCIAL CORP,0000903419,20,17439000.0,,5230084000.0,4665150000.0
NCRA,"NOCERA, INC.",0001756180,20,-2880041.0,13627944.0,10111219.0,7916954.0
OLOX,OLENOX INDUSTRIES INC.,0001023994,20,-18820190.0,2952578.0,36035707.0,28445961.0
SLXN,Silexion Therapeutics Corp,0002022416,20,-11912000.0,,7215000.0,4612000.0
SHPH,"Shuttle Pharmaceuticals Holdings, Inc.",0001757499,20,-11721669.0,,10475977.0,8221531.0
EVEX,"Eve Holding, Inc.",0001823652,20,-224255000.0,,434875000.0,311117000.0
SPCE,"Virgin Galactic Holdings, Inc",0001706946,20,-278907000.0,1544000.0,803179000.0,529215000.0
CLPT,"ClearPoint Neuro, Inc.",0001285550,20,-25540000.0,36971000.0,97747000.0,69727000.0
WAMFF,Alaska Silver Corp.,0001893899,20,-8861799.0,,16724626.0,10542032.0
TPCS,TECHPRECISION CORP,0001328792,20,-1664000.0,31644000.0,32272000.0,24599000.0
LUVU,"Luvu Brands, Inc.",0001374567,20,-448000.0,24691000.0,8761000.0,6342000.0
JANL,JANEL CORP,0001133062,20,5657000.0,207443000.0,170753000.0,144951000.0
SAIC,Science Applications International Corp,0001571123,20,362000000.0,7262000000.0,5354000000.0,
IRM,IRON MOUNTAIN INC,0001020569,20,-53900000.0,4491531000.0,21125019000.0,
LSTR,LANDSTAR SYSTEM INC,0000853816,20,115007000.0,4743760000.0,1635935000.0,
MIRM,"Mirum Pharmaceuticals, Inc.",0001759425,20,-23363000.0,19138000.0,842813000.0,528123000.0
AOMD,"Angel Oak Mortgage REIT, Inc.",0001766478,20,44024000.0,,2749778000.0,2482255000.0
FCCO,FIRST COMMUNITY CORP /SC/,0000932781,20,19205000.0,,2057732000.0,1890175000.0
HON,HONEYWELL INTERNATIONAL INC,0000773840,20,-115000000.0,9473000000.0,73681000000.0,
EMYB,"Embassy Bancorp, Inc.",0001449794,20,13697000.0,,1800579000.0,1673004000.0
EARN,Ellington Credit Co,0001560672,20,-7870000.0,,783557000.0,555056000.0
GECCI,Great Elm Capital Corp.,0001675033,20,-31789000.0,,340775000.0,227829000.0
GECCG,Great Elm Capital Corp.,0001675033,20,-31789000.0,,340775000.0,227829000.0
LUMN,"Lumen Technologies, Inc.",0000018926,20,-1739000000.0,12402000000.0,34342000000.0,
RNG,"RingCentral, Inc.",0001384905,20,43391000.0,2515142000.0,1481455000.0,1870125000.0
NIQ,NIQ Global Intelligence plc,0002054696,20,-353300000.0,4198400000.0,6802000000.0,5576400000.0
BFRIW,Biofrontera Inc.,0001858685,20,-10536000.0,41705000.0,28564000.0,18084000.0
NTSK,Netskope Inc,0002063196,20,-679388000.0,708997000.0,1772292000.0,1577761000.0
PARA,"Banzai International, Inc.",0001826011,20,-22492075.0,12161419.0,31631514.0,23576513.0
ISPC,iSpecimen Inc.,0001558569,20,-10487532.0,1928998.0,9531410.0,6443179.0
HBIA,HILLS BANCORPORATION,0000732417,20,60502000.0,,4647870000.0,4045161000.0
CYAN,CYANOTECH CORP,0000768408,20,-3203000.0,8101000.0,23490000.0,14606000.0
CTTH,"CTT PHARMACEUTICAL HOLDINGS, INC.",0001035422,20,227838.0,,1662370.0,1075740.0
SPFI,"SOUTH PLAINS FINANCIAL, INC.",0001163668,20,58471000.0,,4480500000.0,3986663000.0
HSTM,HEALTHSTREAM INC,0001095565,20,18342000.0,304064000.0,520374000.0,
XOS,"Xos, Inc.",0001819493,20,-25320000.0,45992000.0,60363000.0,37076000.0
XTIA,"XTI Aerospace, Inc.",0001529113,20,-68761000.0,22490000.0,81246000.0,50802000.0
SQFT,"Presidio Property Trust, Inc.",0001080657,20,-8275685.0,16814708.0,122052874.0,97395227.0
FET,"FORUM ENERGY TECHNOLOGIES, INC.",0001401257,20,-9660000.0,791474000.0,752455000.0,461312000.0
ADMT,"ADM TRONICS UNLIMITED, INC.",0000849401,20,-100374.0,3754212.0,1826512.0,1255540.0
SBFG,"SB FINANCIAL GROUP, INC.",0000767405,20,13974000.0,,1545367000.0,1404131000.0
CWST,CASELLA WASTE SYSTEMS INC,0000911177,20,7871000.0,1836841000.0,3303326000.0,
BNAIW,Brand Engagement Network Inc.,0001838163,20,-8625435.0,275120.0,15303500.0,11842656.0
FUBO,FuboTV Inc.,0001484769,20,-172254000.0,4271000.0,1077428000.0,896646000.0
CAPS,Capstone Holding Corp.,0000887151,20,-21230000.0,44876000.0,51378000.0,38925000.0
CRIS,CURIS INC,0001108205,20,-7582000.0,3262000.0,19966000.0,14504000.0
GCTK,"Glucotrack, Inc.",0001506983,20,-19388000.0,589462.0,7838000.0,5010000.0
FISI,FINANCIAL INSTITUTIONS INC,0000862831,20,74867000.0,,6274140000.0,5645286000.0
HTZWW,"HERTZ GLOBAL HOLDINGS, INC",0001657853,20,-747000000.0,8504000000.0,22311000000.0,22770000000.0
STEP,StepStone Group Inc.,0001796022,20,-535808000.0,1993603000.0,6762702000.0,5876676000.0
SLXNW,Silexion Therapeutics Corp,0002022416,20,-11912000.0,,7215000.0,4612000.0
RIG,Transocean Ltd.,0001451505,20,-2915000000.0,629000000.0,15642000000.0,
CIFR,Cipher Digital Inc.,0001819989,20,-822244000.0,223942000.0,4291908000.0,3456054000.0
BKSYW,BlackSky Technology Inc.,0001753539,20,-70260000.0,0.0,386246000.0,291371000.0
KREF-PA,KKR Real Estate Finance Trust Inc.,0001631596,20,-26242000.0,,6464643000.0,5239439000.0
EVEX-WT,"Eve Holding, Inc.",0001823652,20,-224255000.0,,434875000.0,311117000.0
BZAIW,"Blaize Holdings, Inc.",0001871638,20,-206904000.0,38632000.0,102211000.0,63211000.0
CZNC,CITIZENS & NORTHERN CORP,0000810958,20,23427000.0,,3132469000.0,2790755000.0
FMAO,FARMERS & MERCHANTS BANCORP INC,0000792966,20,9793000.0,,3434382000.0,3063520000.0
PRTS,"CarParts.com, Inc.",0001378950,20,-50443000.0,547525000.0,184856000.0,131380000.0
CVSI,"CV Sciences, Inc.",0001510964,20,-958000.0,20048000.0,6962000.0,5494000.0
BRQSF,"Borqs Technologies, Inc.",0001650575,20,-12495000.0,,148828000.0,101746000.0
HTZ,"HERTZ GLOBAL HOLDINGS, INC",0001657853,20,-747000000.0,8504000000.0,22311000000.0,22770000000.0
BVFL,"BV Financial, Inc.",0001302387,20,13495000.0,,912213000.0,728409000.0
XOSWW,"Xos, Inc.",0001819493,20,-25320000.0,45992000.0,60363000.0,37076000.0
FTAIM,FTAI Aviation Ltd.,0001590364,20,-60523000.0,2507409000.0,4373758000.0,4039584000.0
ACAT,NP Life Sciences Health Industry Group Inc.,0001781726,20,-2935.0,164621.0,76864.0,60483.0
LFT-PA,"Lument Finance Trust, Inc.",0001547546,20,-2745309.0,,1215980159.0,996893441.0
OFS,OFS Capital Corp,0001487918,20,-33093000.0,,346706000.0,223518000.0
NXB,NextBoat Inc.,0002067767,20,-1871797.0,119866298.0,48417557.0,36582404.0
ELWT,"Elauwit Connection, Inc.",0002063863,20,-4228000.0,21618000.0,11943000.0,7527000.0
CBK,"Commercial Bancgroup, Inc.",0001981546,20,37196198.0,,2291454981.0,2006111149.0
ELVG,"Elvictor Group, Inc.",0001741489,20,8585.0,2427968.0,2034540.0,1677466.0
SCKT,"SOCKET MOBILE, INC.",0000944075,20,-14378538.0,15078332.0,14437340.0,10158727.0
MKZR,"MacKenzie Realty Capital, Inc.",0001550913,20,-23970277.0,22059843.0,235992178.0,142450735.0
CHGA,Change Agents Corporation.,0001630212,20,-18260976.0,0.0,23400737.0,14170629.0
STRW,"Strawberry Fields REIT, Inc.",0001782430,20,7575000.0,154999000.0,885225000.0,834701000.0
ZDPY,"Zoned Properties, Inc.",0001279620,20,-2854415.0,2886991.0,13932476.0,10864850.0
EBMT,"Eagle Bancorp Montana, Inc.",0001478454,20,14835000.0,,2106367000.0,1914553000.0
CDXS,"CODEXIS, INC.",0001200375,20,-43974000.0,138590000.0,147797000.0,97268000.0
KWY,KINGSWAY Corp,0001072627,20,700000.0,134996000.0,231499000.0,197087000.0
PRXA,"PROCACCIANTI HOTEL REIT, INC.",0001692345,20,1857691.0,,104500986.0,71746115.0
BAFN,BayFirst Financial Corp.,0001649739,20,-22937000.0,,1300258000.0,1212689000.0
LARK,LANDMARK BANCORP INC,0001141688,20,18775000.0,,1606642000.0,1446011000.0
ETN,Eaton Corp plc,0001551182,20,4087000000.0,0.0,41251000000.0,
OPTT,"Ocean Power Technologies, Inc.",0001378140,20,-48915000.0,3737000.0,39923000.0,27447000.0
WTBA,WEST BANCORPORATION INC,0001166928,20,4194000.0,,2114377000.0,1936279000.0
ADV,Advantage Solutions Inc.,0001776661,20,-227735000.0,3542642000.0,2793415000.0,2239457000.0
GDOT,GREEN DOT CORP,0001386278,20,-98866000.0,2080491000.0,5985236000.0,5094991000.0
IVR,Invesco Mortgage Capital Inc.,0001437071,20,101279000.0,,6475894000.0,5678350000.0
LXU,"LSB INDUSTRIES, INC.",0000060714,20,24613000.0,615208000.0,1173539000.0,
SNOA,"Sonoma Pharmaceuticals, Inc.",0001367083,20,-3175000.0,19529000.0,13960000.0,10865000.0
XCUR,"EXICURE, INC.",0001698530,20,-4946000.0,0.0,14041000.0,10115000.0
OFSSO,OFS Capital Corp,0001487918,20,-33093000.0,,346706000.0,223518000.0
OFSSH,OFS Capital Corp,0001487918,20,-33093000.0,,346706000.0,223518000.0
LUCD,Lucid Diagnostics Inc.,0001799011,20,-58010000.0,4346000.0,40445000.0,29509000.0
XGN,EXAGEN INC.,0001274737,20,-19951000.0,66575000.0,58022000.0,40573000.0
CCFN,MUNCY COLUMBIA FINANCIAL Corp,0000731122,20,24225000.0,,1673199000.0,1480658000.0
FNWD,Finward Bancorp,0000919864,20,8087000.0,,2021181000.0,1846518000.0
DFDVW,DeFi Development Corp.,0001805526,20,-73788000.0,2099660.0,307410000.0,208149000.0
DFUKF,DeFi Development Corp.,0001805526,20,-73788000.0,2099660.0,307410000.0,208149000.0
HTFC,Horizon Technology Finance Corp,0001487428,20,-2661000.0,,811104000.0,492602000.0
PL,Planet Labs PBC,0001836833,20,-246860000.0,307727000.0,1145686000.0,957255000.0
ALZN,"Alzamend Neuro, Inc.",0001677077,20,-8772382.0,,2079363.0,1346152.0
PUBM,"PubMatic, Inc.",0001422930,20,-14462000.0,282926000.0,680195000.0,417606000.0
PLNH,Planet 13 Holdings Inc.,0001813452,20,-63923695.0,103378829.0,152277670.0,101150957.0
QTI,"QT IMAGING HOLDINGS, INC.",0001844505,20,-21083000.0,0.0,23021000.0,16576000.0
KREF,KKR Real Estate Finance Trust Inc.,0001631596,20,-26242000.0,,6464643000.0,5239439000.0
MTW,MANITOWOC CO INC,0000061986,20,7200000.0,2240900000.0,1818200000.0,
BODI,"Beachbody Company, Inc.",0001826889,20,-2860000.0,251727000.0,147035000.0,115715000.0
VTIX,Virtuix Holdings Inc.,0001606242,20,-16799253.0,4252643.0,14761370.0,11713267.0
SPWH,"SPORTSMAN'S WAREHOUSE HOLDINGS, INC.",0001132105,20,-50061000.0,1209182000.0,762582000.0,574022000.0
NRDY,Nerdy Inc.,0001819404,20,-39920000.0,178988000.0,76166000.0,47233000.0
SCHL,SCHOLASTIC CORP,0000866729,20,56700000.0,1487100000.0,1728100000.0,
OLB,"OLB GROUP, INC.",0001314196,20,-11224911.0,8676907.0,12296593.0,7690868.0
VEL,"Velocity Financial, Inc.",0001692376,20,34797000.0,,7381513000.0,6705825000.0
QURT,"Quarta-Rad, Inc.",0001549631,20,-256929.0,1210043.0,413511.0,274777.0
RMNI,"Rimini Street, Inc.",0001635282,20,37098000.0,431496000.0,423112000.0,450141000.0
YHGJ,YUNHONG GREEN CTI LTD.,0001042187,20,-2530000.0,,22462000.0,13906000.0
LYTS,LSI INDUSTRIES INC,0000763532,20,8171000.0,155067000.0,396362000.0,
NWTG,"Newton Golf Company, Inc.",0001934245,20,-6020000.0,8135000.0,3299000.0,2373000.0
ENVB,"Enveric Biosciences, Inc.",0000890821,20,-8771987.0,39914675.0,5095941.0,3995973.0
TCBX,"Third Coast Bancshares, Inc.",0001781730,20,66291000.0,,5340759000.0,4809732000.0
ENVX,Enovix Corp,0001828318,20,-156741000.0,31821000.0,878975000.0,604964000.0
CWBC,Community West Bancshares,0001127371,20,38168000.0,,3690317000.0,3280729000.0
PFIS,PEOPLES FINANCIAL SERVICES CORP.,0001056943,20,59187000.0,,5270578000.0,4750731000.0
DBI,Designer Brands Inc.,0001319947,20,-8374000.0,2892671000.0,1947633000.0,1659873000.0
MTRX,MATRIX SERVICE CO,0000866273,20,-29462000.0,769286000.0,600256000.0,457540000.0
NEWTG,"NewtekOne, Inc.",0001587987,20,60512000.0,,2744819000.0,2347249000.0
RUSHA,RUSH ENTERPRISES INC \TX\,0001012019,20,263778000.0,7434195000.0,4430536000.0,
TYFG,"Tri-County Financial Group, Inc.",0001725262,20,13663000.0,,1595721000.0,1437950000.0
CBNA,CHAIN BRIDGE BANCORP INC,0001392272,20,20237000.0,,1750399000.0,1581180000.0
NNBR,NN INC,0000918541,20,-34004000.0,119028000.0,440784000.0,294377000.0
HNVR,"Hanover Bancorp, Inc. /MD",0001828588,20,7488000.0,,2383096000.0,2182830000.0
CSBB,"CSB Bancorp, Inc.",0000880417,20,13363000.0,,1292736000.0,1166456000.0
WULF,TERAWULF INC.,0001083301,20,-661416000.0,168455000.0,6558182000.0,6417737000.0
MSBIP,"Midland States Bancorp, Inc.",0001466026,20,-124281000.0,,6513420000.0,5947921000.0
LW,"Lamb Weston Holdings, Inc.",0001679273,20,290000000.0,6612300000.0,7380100000.0,
CCB,COASTAL FINANCIAL CORP,0001437958,20,46993000.0,,4741437000.0,4250478000.0
AROW,ARROW FINANCIAL CORP,0000717538,20,43953000.0,,4445862000.0,4014010000.0
HOWL,"Werewolf Therapeutics, Inc.",0001785530,20,-60822000.0,,69396000.0,44591000.0
RRBI,RED RIVER BANCSHARES INC,0001071236,20,11415000.0,,3350910000.0,2985760000.0
REED,"REED'S, INC.",0001140215,20,-15842000.0,34065000.0,23341000.0,14190000.0
CVAT,"Cavitation Technologies, Inc.",0001376793,20,-113000.0,203000.0,297000.0,228000.0
SINT,"Sintx Technologies, Inc.",0001269026,20,-10364000.0,1018000.0,9506000.0,6577000.0
AIMD,"Ainos, Inc.",0001014763,20,-14771012.0,124157.0,20871108.0,13308526.0
BWBBP,Bridgewater Bancshares Inc,0001341317,20,46088000.0,,5407002000.0,4889907000.0
CODI-PA,Compass Diversified Holdings,0001345126,20,-71190000.0,536612000.0,3039184000.0,2465521000.0
CODI-PC,Compass Diversified Holdings,0001345126,20,-71190000.0,536612000.0,3039184000.0,2465521000.0
IVR-PC,Invesco Mortgage Capital Inc.,0001437071,20,101279000.0,,6475894000.0,5678350000.0
IQST,iQSTEL Inc,0001527702,20,-8510266.0,316899498.0,51087935.0,34807308.0
PDLB,"Ponce Financial Group, Inc.",0001874071,20,28703000.0,,3223970000.0,2682421000.0
RMCF,"Rocky Mountain Chocolate Factory, Inc.",0001616262,20,-4560000.0,8147705.0,20212000.0,14983000.0
BCAL,California BanCorp \ CA,0001795815,20,63058000.0,,4033386000.0,3456800000.0
HCWC,HEALTHY CHOICE WELLNESS CORP.,0001948864,20,-3935802.0,78205678.0,33497719.0,26192683.0
ADTX,"Aditxt, Inc.",0001726711,20,-43101451.0,3195.0,16516781.0,12563099.0
CWH,"Camping World Holdings, Inc.",0001669779,20,-89799000.0,982393000.0,5044334000.0,4672535000.0
ARRY,"Array Technologies, Inc.",0001820721,20,-52235000.0,1284141000.0,1451792000.0,1191404000.0
REBN,"Reborn Coffee, Inc.",0001707910,20,-9141240.0,8094628.0,13181090.0,8535225.0
MSBI,"Midland States Bancorp, Inc.",0001466026,20,-124281000.0,,6513420000.0,5947921000.0
FNGR,"FingerMotion, Inc.",0001602409,20,-7041333.0,24132261.0,60845989.0,45696412.0
AIRI,AIR INDUSTRIES GROUP,0001009891,20,-1305000.0,47921000.0,58329000.0,39128000.0
NEWTP,"NewtekOne, Inc.",0001587987,20,60512000.0,,2744819000.0,2347249000.0
NEWTH,"NewtekOne, Inc.",0001587987,20,60512000.0,,2744819000.0,2347249000.0
NEWTO,"NewtekOne, Inc.",0001587987,20,60512000.0,,2744819000.0,2347249000.0
RBKB,"Rhinebeck Bancorp, Inc.",0001751783,20,10045000.0,,1301766000.0,1164914000.0
CZWI,Citizens Community Bancorp Inc.,0001367859,20,14420000.0,,1781755000.0,1593816000.0
AOMR,"Angel Oak Mortgage REIT, Inc.",0001766478,20,44024000.0,,2749778000.0,2482255000.0
MTCH,"Match Group, Inc.",0000891103,20,99359000.0,3487197000.0,4460811000.0,
MSGS,Madison Square Garden Sports Corp.,0001636519,20,7759000.0,263556000.0,1537652000.0,1800948000.0
OSCR,"Oscar Health, Inc.",0001568651,20,-443151000.0,11701427000.0,6325411000.0,5344676000.0
ARAI,Arrive AI Inc.,0001818274,20,-12826384.0,113250.0,10931065.0,8455465.0
PDSB,PDS Biotechnology Corp,0001472091,20,-7562919.0,,30494083.0,21242250.0
IVFH,INNOVATIVE FOOD HOLDINGS INC,0000312257,20,-2065312.0,60678166.0,19581021.0,13343821.0
MDWK,"MDWerks, Inc.",0001295514,20,-3797990.0,104066.0,4048772.0,3046448.0
MITT-PA,"TPG Mortgage Investment Trust, Inc.",0001514281,20,48668000.0,,8711530000.0,8150796000.0
QVCG,"QVC Group, Inc.",0001254699,20,-2168000000.0,8293000000.0,8456000000.0,7188000000.0
BRCB,"Black Rock Coffee Bar, Inc.",0002068577,20,-60000.0,200321000.0,336436000.0,231730000.0
BPRN,"Princeton Bancorp, Inc.",0001913971,20,18611000.0,,2285147000.0,2014435000.0
FNRN,FIRST NORTHERN COMMUNITY BANCORP,0001114927,20,21128000.0,,1910950000.0,1698932000.0
BETR,Better Home & Finance Holding Co,0001835856,20,-165872000.0,164872000.0,1505434000.0,1468251000.0
QNBC,QNB CORP.,0000750558,20,3981000.0,,1906005000.0,1776442000.0
SANM,SANMINA CORP,0000897723,20,245893000.0,7890475000.0,5858173000.0,
BSVN,Bank7 Corp.,0001746129,20,43069000.0,,1963640000.0,1712645000.0
KTCC,KEY TRONIC CORP,0000719733,20,-8318000.0,467871000.0,315874000.0,198740000.0
MLSS,MILESTONE SCIENTIFIC INC.,0000855683,20,-5722216.0,,7806429.0,4993806.0
VLGEA,VILLAGE SUPER MARKET INC,0000103595,20,56380000.0,1612015000.0,1003711000.0,
NRGV,"Energy Vault Holdings, Inc.",0001828536,20,-103611000.0,203671000.0,312876000.0,224260000.0
PASG,"Passage BIO, Inc.",0001787297,20,-45522000.0,,62281000.0,43526000.0
MITN,"TPG Mortgage Investment Trust, Inc.",0001514281,20,48668000.0,,8711530000.0,8150796000.0
MITP,"TPG Mortgage Investment Trust, Inc.",0001514281,20,48668000.0,,8711530000.0,8150796000.0
FCAP,FIRST CAPITAL INC,0001070296,20,4879000.0,,1271995000.0,1134086000.0
JELD,"JELD-WEN Holding, Inc.",0001674335,20,-621209000.0,3211181000.0,2102814000.0,2010598000.0
OVBC,OHIO VALLEY BANC CORP,0000894671,20,15601000.0,,1582654000.0,1412397000.0
MITT,"TPG Mortgage Investment Trust, Inc.",0001514281,20,48668000.0,,8711530000.0,8150796000.0
IONS,IONIS PHARMACEUTICALS INC,0000874015,20,-229394000.0,203330000.0,3523836000.0,3034747000.0
AEE,AMEREN CORP,0001002910,20,-60000000.0,8799000000.0,48476000000.0,
RBLX,Roblox Corp,0001315098,20,-1065057000.0,2225052000.0,9557118000.0,9182138000.0
VSTM,"Verastem, Inc.",0001526119,20,-209471000.0,30914000.0,246442000.0,189245000.0
BCDA,"BioCardia, Inc.",0000925741,20,-8228000.0,479000.0,3413000.0,2518000.0
TOON,"Kartoon Studios, Inc.",0001355848,20,-24532000.0,39353000.0,70907000.0,43374000.0
HODO,House of Doge Inc.,0001903595,20,-15890509.0,105.0,14788299.0,11353437.0
CMCT,Creative Media & Community Trust Corp,0000908311,20,-39002000.0,116669000.0,859187000.0,592938000.0
ICMB,"Investcorp Credit Management BDC, Inc.",0001578348,20,-8847940.0,,188837105.0,127511093.0
GSAT,"Globalstar, Inc.",0001366868,20,-8651000.0,31835000.0,2326265000.0,1970536000.0
MOBQW,"Mobiquity Technologies, Inc.",0001084267,20,-10434289.0,112316.0,5759490.0,4562080.0
MITT-PC,"TPG Mortgage Investment Trust, Inc.",0001514281,20,48668000.0,,8711530000.0,8150796000.0
MITT-PB,"TPG Mortgage Investment Trust, Inc.",0001514281,20,48668000.0,,8711530000.0,8150796000.0
CHRS,"Coherus Oncology, Inc.",0001512762,20,168024000.0,0.0,258343000.0,197329000.0
OVLY,Oak Valley Bancorp,0001431567,20,23913000.0,,2023116000.0,1815141000.0
TTRX,Turn Therapeutics Inc.,0002023016,20,-3194080.0,,12162241.0,7475518.0
OBT,"Orange County Bancorp, Inc. /DE/",0001754226,20,41614000.0,,2659377000.0,2375013000.0
BSRR,SIERRA BANCORP,0001130144,20,42327000.0,,3829279000.0,3464416000.0
DFLI,Dragonfly Energy Holdings Corp.,0001847986,20,-69939000.0,58630000.0,86549000.0,52763000.0
TPST,"Tempest Therapeutics, Inc.",0001544227,20,-26262000.0,295000.0,16931000.0,10263000.0
FGI,FGI Industries Ltd.,0001864943,20,-6139526.0,130528652.0,69537581.0,53927540.0
APCX,AppTech Payments Corp.,0001070050,20,-7920000.0,1395000.0,9393000.0,7500000.0
PKOH,PARK OHIO HOLDINGS CORP,0000076282,20,23800000.0,1599100000.0,1419600000.0,
ADGM,"Adagio Medical Holdings, Inc.",0002006986,20,-25084000.0,0.0,43253000.0,30851000.0
BRN,BARNWELL INDUSTRIES INC,0000010048,20,-7103000.0,13697000.0,20812000.0,13790000.0
EFSI,EAGLE FINANCIAL SERVICES INC,0000880641,20,4334000.0,0.0,1888626000.0,1699787000.0
CFNB,CALIFORNIA FIRST LEASING CORP,0000803016,20,2464000.0,,715585000.0,519451000.0
BRT,BRT Apartments Corp.,0000014846,20,-11946000.0,97028000.0,709813000.0,532613000.0
FRAF,FRANKLIN FINANCIAL SERVICES CORP /PA/,0000723646,20,21226000.0,,2239018000.0,2063776000.0
INPAP,INTERNATIONAL PAPER CO /NEW/,0000051434,20,-2384000000.0,6006000000.0,37964000000.0,
ES,EVERSOURCE ENERGY,0000072741,20,-434700000.0,13547244000.0,63786711000.0,
PSKY,Paramount Skydance Corp,0002041610,20,-586000000.0,12269000000.0,43342000000.0,
AWCA,"Awaysis Capital, Inc.",0001021917,20,-2724941.0,441059.0,17488780.0,12118431.0
CREX,"CREATIVE REALITIES, INC.",0001356093,20,-8276000.0,18437000.0,151040000.0,101854000.0
ILAL,International Land Alliance Inc.,0001657214,20,-14298184.0,0.0,32335890.0,24942071.0
LFWD,Lifeward Ltd.,0001607962,20,-19914000.0,22034000.0,22900000.0,14492000.0
ARKR,ARK RESTAURANTS CORP,0000779544,20,-11466000.0,165751000.0,133503000.0,101389000.0
AIEV,"Thunder Power Holdings, Inc.",0001912582,20,-2119417.0,,13172567.0,8356819.0
AUTL,Autolus Therapeutics plc,0001730463,20,-287528000.0,10120000.0,589068000.0,410939000.0
SPT,"Sprout Social, Inc.",0001517375,20,-43327000.0,457547000.0,523062000.0,319640000.0
DERM,Journey Medical Corp,0001867066,20,-11431000.0,61858000.0,94589000.0,62737000.0
HAS,"HASBRO, INC.",0000046080,20,-322400000.0,5365900000.0,5552000000.0,4986500000.0
PAMT,PAMT CORP,0000798287,20,-52607000.0,110888000.0,697912000.0,487428000.0
HWBK,"HAWTHORN BANCSHARES, INC.",0000893847,20,23801000.0,,1894850000.0,1720621000.0
FIISO,FINANCIAL INSTITUTIONS INC,0000862831,20,74867000.0,,6274140000.0,5645286000.0
FIISP,FINANCIAL INSTITUTIONS INC,0000862831,20,74867000.0,,6274140000.0,5645286000.0
BGS,"B&G Foods, Inc.",0001278027,20,-43257000.0,1828687000.0,2834795000.0,2381870000.0
ATLO,AMES NATIONAL CORP,0001132651,20,19027000.0,,2133540000.0,1925646000.0
APA,APA Corp,0001841666,20,1434000000.0,,17761000000.0,
BWB,Bridgewater Bancshares Inc,0001341317,20,46088000.0,,5407002000.0,4889907000.0
CNSY,"CERENOME, INC.",0001095981,20,-22386000.0,5213000.0,16325000.0,12329000.0
WKHS,Workhorse Group Inc.,0001425287,20,-64086000.0,763173.0,117892000.0,74850000.0
LIQT,LIQTECH INTERNATIONAL INC,0001307579,20,-8527683.0,,27278097.0,16905861.0
KRNY,Kearny Financial Corp.,0001617242,20,36264000.0,,7682205000.0,6915535000.0
CMTV,COMMUNITY BANCORP /VT,0000718413,20,16967981.0,,1287558946.0,1173871968.0
CFBK,CF BANKSHARES INC.,0001070680,20,17541000.0,,2117321000.0,1932895000.0
FORR,"FORRESTER RESEARCH, INC.",0001023313,20,-119360000.0,396888000.0,404034000.0,277509000.0
PEBK,PEOPLES BANCORP OF NORTH CAROLINA INC,0001093672,20,19830000.0,,1702148000.0,1545030000.0
WNEB,"Western New England Bancorp, Inc.",0001157647,20,5209000.0,,2736480000.0,2488843000.0
LAMR,LAMAR ADVERTISING CO/NEW,0001090425,20,587152000.0,,6931954000.0,5907175000.0
MFIN,MEDALLION FINANCIAL CORP,0001000209,20,43044000.0,,2955464000.0,2447418000.0
ASUR,ASURE SOFTWARE INC,0000884144,20,-13126000.0,3075000.0,531419000.0,333623000.0
JAZZ,Jazz Pharmaceuticals plc,0001232524,20,-356148000.0,476457000.0,11659340000.0,
ARMK,Aramark,0001584509,20,326394000.0,,13304629000.0,
MOBQ,"Mobiquity Technologies, Inc.",0001084267,20,-10434289.0,112316.0,5759490.0,4562080.0
LFT,"Lument Finance Trust, Inc.",0001547546,20,-2745309.0,,1215980159.0,996893441.0
MLCI,Mount Logan Capital Inc.,0002051820,20,-60847000.0,53566000.0,1600718000.0,1509762000.0
UNTY,UNITY BANCORP INC /NJ/,0000920427,20,15472000.0,,2966652000.0,2621021000.0
SFST,SOUTHERN FIRST BANCSHARES INC,0001090009,20,30366000.0,,4403494000.0,4034837000.0
OPAD,Offerpad Solutions Inc.,0001825024,20,-46384000.0,567812000.0,154771000.0,116552000.0
NPB,NORTHPOINTE BANCSHARES INC,0001336706,20,83409000.0,,7022825000.0,6453783000.0
COSM,Cosmos Health Inc.,0001474167,20,-19144998.0,65271815.0,65477518.0,47052889.0
PSQH,"PSQ Holdings, Inc.",0001847064,20,-36611668.0,5685987.0,59678408.0,46241502.0
HHS,HARTE HANKS INC,0000045919,20,-811000.0,159570000.0,91826000.0,71300000.0
MGNX,MACROGENICS INC,0001125345,20,-74620000.0,149500000.0,256846000.0,201255000.0
INTC,INTEL CORP,0000050863,20,-267000000.0,52853000000.0,211429000000.0,
ALB-PA,ALBEMARLE CORP,0000915913,20,-510628000.0,5142733000.0,16374211000.0,
DOW,DOW INC.,0001751788,20,-2444000000.0,39968000000.0,58538000000.0,
MBNKO,MEDALLION FINANCIAL CORP,0001000209,20,43044000.0,,2955464000.0,2447418000.0
NKSH,NATIONAL BANKSHARES INC,0000796534,20,15826000.0,,1824506000.0,1639598000.0
VREOF,Vireo Growth Inc.,0001771706,20,-68113908.0,268769268.0,817154292.0,509729300.0
QRHC,Quest Resource Holding Corp,0001442236,20,-15382000.0,138346327.0,145551000.0,105039000.0
CBNK,Capital Bancorp Inc,0001419536,20,57170000.0,,3606207000.0,3204450000.0
PRME,"Prime Medicine, Inc.",0001894562,20,-201142000.0,4632000.0,342733000.0,221865000.0
FEMY,FEMASYS INC,0001339005,20,-18627887.0,2293313.0,20724177.0,14854875.0
AYTU,"AYTU BIOPHARMA, INC",0001385818,20,-13562000.0,27632080.0,124177000.0,97106000.0
MDRR,"Medalist Diversified, Inc.",0001654595,20,-2388837.0,10396618.0,77739611.0,53627689.0
LCTX,"Lineage Cell Therapeutics, Inc.",0000876343,20,-63533000.0,14556000.0,112584000.0,69238000.0
AAME,ATLANTIC AMERICAN CORP,0000008177,20,-4268000.0,188227000.0,393428000.0,293815000.0
TFIN,"Triumph Financial, Inc.",0001539638,20,25359000.0,,6380588000.0,5438817000.0
BWMG,"Brownie's Marine Group, Inc",0001166708,20,-105149.0,7516687.0,5221366.0,3287094.0
INNI,"Innovaro, Inc.",0001098482,20,-9991928.0,530834.0,8469342.0,6724836.0
SFDL,SECURITY FEDERAL CORP,0000818677,20,13673000.0,,1618084000.0,1417629000.0
OESX,"ORION ENERGY SYSTEMS, INC.",0001409375,20,-3163000.0,86306000.0,51605000.0,34977000.0
VERI,"Veritone, Inc.",0001615165,20,-111732000.0,23193000.0,182280000.0,114156000.0
GGROU,Golden Growers Cooperative,0001489874,20,5331000.0,62279000.0,20283000.0,
CMCAF,Piermont Valley Acquisition Corp,0001865248,20,-1696790.0,,2461520.0,1480009.0
TTSH,"TILE SHOP HOLDINGS, INC.",0001552800,20,-3444000.0,71914000.0,301725000.0,214486000.0
ABIT,Athena Bitcoin Global,0001095146,20,-6034000.0,234597000.0,69465000.0,54155000.0
BFC,Bank First Corp,0001746109,20,71496000.0,,4506095000.0,3862259000.0
VLO,VALERO ENERGY CORP/TX,0001035002,20,2348000000.0,,57988000000.0,
INBK,First Internet Bancorp,0001562463,20,-35168000.0,,5571647000.0,5211880000.0
RMBI,"Richmond Mutual Bancorporation, Inc.",0001767837,20,11576767.0,,1525790540.0,1380009440.0
LVWR,"LiveWire Group, Inc.",0001898795,20,-75114000.0,25672000.0,146411000.0,100383000.0
FTAI,FTAI Aviation Ltd.,0001590364,20,-60523000.0,2507409000.0,4373758000.0,4039584000.0
HROW,"HARROW, INC.",0001360214,10,-5139000.0,272303000.0,399482000.0,347391000.0
ULH,"UNIVERSAL LOGISTICS HOLDINGS, INC.",0001308208,10,-99873000.0,386378000.0,1771988000.0,
UONE,"URBAN ONE, INC.",0001041657,10,-146869000.0,113541000.0,592994000.0,565760000.0
MFBI,"Monroe Federal Bancorp, Inc.",0002024899,10,-514598.0,,142428750.0,130027346.0
CAPL,CrossAmerica Partners LP,0001538849,10,8960000.0,501472000.0,964734000.0,1036773000.0
RXT,"Rackspace Technology, Inc.",0001810019,10,-225800000.0,2685700000.0,2799800000.0,4019300000.0
CDIX,Cardiff Lexington Corp,0000811222,10,-5507592.0,11535577.0,29086945.0,26014118.0
XBP,"XBP Global Holdings, Inc.",0001839530,10,-351123000.0,359381000.0,902097000.0,814758000.0
BOXL,Boxlight Corp,0001624512,10,-23810000.0,25743612.0,97543000.0,96288000.0
ISCO,International Stem Cell CORP,0001355790,10,-418000.0,7456000.0,4819000.0,4579000.0
TLSS,"Transportation & Logistics Systems, Inc.",0001463208,10,33833.0,1301332.0,17335.0,7951430.0
RENX,RenX Enterprises Corp.,0001959023,10,-15957099.0,8220449.0,35476561.0,31082316.0
CNTY,CENTURY CASINOS INC /CO/,0000911147,10,-61416000.0,430529000.0,1147271000.0,1154053000.0
PW,Power REIT,0001532619,10,-2195082.0,1982265.0,26923775.0,21786352.0
MNKD,MANNKIND CORP,0000899460,10,5863000.0,348966000.0,792182000.0,843204000.0
FLL,FULL HOUSE RESORTS INC,0000891482,10,-40197000.0,302376000.0,649809000.0,647271000.0
IHRT,"iHeartMedia, Inc.",0001400891,10,-472866000.0,3864991000.0,5126003000.0,
FWRD,FORWARD AIR CORP,0000912728,10,-107796000.0,350341000.0,2718944000.0,
LTUM,Lithium Corp,0001415332,10,-495801.0,0.0,2824132.0,2409302.0
AEVA,"Aeva Technologies, Inc.",0001789029,10,-145428000.0,18079000.0,179701000.0,166486000.0
ALEC,"Alector, Inc.",0001653087,10,-142929000.0,21045000.0,293237000.0,262588000.0
MSPR,"MSP Recovery, Inc.",0001802450,10,-360499000.0,,1919083000.0,2047492000.0
EWSB,"EWSB Bancorp, Inc. /MD/",0002013792,10,-4176956.0,,270969326.0,257751400.0
TRNR,"Interactive Strength, Inc.",0001785056,10,-23968000.0,11530000.0,46843000.0,38149000.0
RHEP,"REGIONAL HEALTH PROPERTIES, INC",0001004724,10,-3888000.0,53160000.0,67809000.0,62769000.0
FGPR,FERRELLGAS PARTNERS L P,0000922358,10,-15566000.0,2073142000.0,1416716000.0,
CTSO,Cytosorbents Corp,0001175151,10,-8198000.0,6080844.0,44182000.0,38279000.0
MOJO,EQUATOR Beverage Co,0001414953,10,49213.0,4191049.0,1191046.0,
KITT,"Nauticus Robotics, Inc.",0001849820,10,-40828402.0,11434959.0,42609695.0,35590289.0
VRM,"Vroom, Inc.",0001580864,10,-53050000.0,893203000.0,937385000.0,820767000.0
MKTW,"MARKETWISE, INC.",0001805651,10,5620000.0,512403000.0,218379000.0,432004000.0
SKYQ,Sky Quarry Inc.,0001812447,10,-12198399.0,,19214821.0,16027854.0
AERT,"Aeries Technology, Inc.",0001853044,10,2831000.0,70014000.0,41894000.0,44479000.0
RYM,"RYTHM, Inc.",0001800637,10,-33257000.0,17283000.0,106677000.0,93657000.0
CRWS,CROWN CRAFTS INC,0000025895,10,1843000.0,70270000.0,70653000.0,
AREB,AMERICAN REBEL HOLDINGS INC,0001648087,10,-34325289.0,986826.0,31823595.0,27441824.0
SST,"System1, Inc.",0001805833,10,-65345000.0,266129000.0,404972000.0,387553000.0
EVFM,"Evofem Biosciences, Inc.",0001618835,10,391000.0,16837000.0,20274000.0,89711000.0
TMGI,"Transglobal Management Group, Inc.",0001434601,10,-959492.0,0.0,6247926.0,5762299.0
PFSB,"PFS Bancorp, Inc.",0001967656,10,1671000.0,,206911000.0,167858000.0
HBIO,HARVARD BIOSCIENCE INC,0001123494,10,-56700000.0,116176000.0,80071000.0,66337000.0
BOTX,DATZ WORLD HOLDINGS CORP.,0001643721,10,260672.0,6471573.0,1129969.0,2503298.0
ARAY,ACCURAY INC,0001138723,10,-49194000.0,113786000.0,443676000.0,401977000.0
DARE,"Dare Bioscience, Inc.",0001401914,10,-13399274.0,2807885.0,32474563.0,29631929.0
VSTD,Vestand Inc.,0001898604,10,-2665869.0,12839137.0,17573266.0,17317867.0
IRIX,IRIDEX CORP,0001006045,10,-4437000.0,10243000.0,29151000.0,24229000.0
HCWB,HCW Biologics Inc.,0001828673,10,-7959709.0,4099750.0,24520013.0,21755244.0
RYAM,RAYONIER ADVANCED MATERIALS INC.,0001597672,10,-420674000.0,1466397000.0,1758355000.0,
QNTO,"QUAINT OAK BANCORP, INC.",0001391933,10,322000.0,,675853000.0,623524000.0
BTMCQ,Bitcoin Depot Inc.,0001901799,10,-6182000.0,614851000.0,130575000.0,119158000.0
STKS,"ONE Group Hospitality, Inc.",0001399520,10,-92241000.0,805722000.0,884196000.0,772720000.0
INBX,"Inhibrx Biosciences, Inc.",0002007919,10,-140055000.0,1300000.0,146478000.0,138485000.0
PLTK,Playtika Holding Corp.,0001828016,10,-206400000.0,2755400000.0,3718900000.0,4130300000.0
ELTX,"Elicio Therapeutics, Inc.",0001601485,10,-39571000.0,2301000.0,25862000.0,24226000.0
PZZA,PAPA JOHNS INTERNATIONAL INC,0000901491,10,30531000.0,2068421000.0,837508000.0,1270194000.0
CPBI,"Central Plains Bancshares, Inc.",0001979332,10,4000000.0,,558647000.0,469657000.0
DLPN,"Dolphin Entertainment, Inc.",0001282224,10,-3088768.0,56699389.0,58330160.0,48639735.0
FLUX,"Flux Power Holdings, Inc.",0001083743,10,-7448000.0,9317000.0,24198000.0,21640000.0
FFAI,FARADAY FUTURE INTELLIGENT ELECTRIC INC.,0001805521,10,-390696000.0,536000.0,277862000.0,270103000.0
BRFH,BARFRESH FOOD GROUP INC.,0001487197,10,-2694000.0,211467.0,12830000.0,11500000.0
AMC,"AMC ENTERTAINMENT HOLDINGS, INC.",0001411579,10,-632400000.0,4848900000.0,8017800000.0,9912600000.0
DXYN,DIXIE GROUP INC,0000029332,10,-7615000.0,257429000.0,175158000.0,166360000.0
XAIR,"Beyond Air, Inc.",0001641631,10,-33249000.0,7679000.0,35385000.0,29175000.0
NGL-PC,NGL Energy Partners LP,0001504461,10,-142295000.0,3156159000.0,4175539000.0,
PRHI,"Presurance Holdings, Inc.",0001502292,10,-25923000.0,43304000.0,239283000.0,230317000.0
PAPL,Pineapple Financial Inc.,0001938109,10,-3638465.0,2986823.0,5417221.0,4510542.0
KRO,KRONOS WORLDWIDE INC,0001257640,10,-110900000.0,1859400000.0,1816800000.0,
MBBC,"Marathon Bancorp, Inc. /MD/",0001835385,10,42445.0,,238834800.0,193125579.0
TSEOQ,Trinseo PLC,0001519061,10,-545600000.0,2974900000.0,2280200000.0,
GUER,"Guerrilla RF, Inc.",0001832487,10,-6986306.0,,19503951.0,17655352.0
AHT,ASHFORD HOSPITALITY TRUST INC,0001232582,10,-179839000.0,354656000.0,2833632000.0,3206874000.0
KFFB,Kentucky First Federal Bancorp,0001297341,10,181000.0,,371211000.0,322842000.0
SPRU,SPRUCE POWER HOLDING CORP,0001772720,10,-26027000.0,23194000.0,837273000.0,716021000.0
DYAI,DYADIC INTERNATIONAL INC,0001213809,10,-7364628.0,3090345.0,9945725.0,8713315.0
LRHC,La Rosa Holdings Corp.,0001879403,10,-30544564.0,68507806.0,13443517.0,13291769.0
TAAG,"Awareness Group, Inc.",0001386044,10,-1083860.0,540891.0,32598184.0,30421785.0
NTIC,NORTHERN TECHNOLOGIES INTERNATIONAL CORP,0000875582,10,17619.0,84234474.0,102745280.0,
OXM,OXFORD INDUSTRIES INC,0000075288,10,-27889000.0,1477834000.0,1308958000.0,
TTI,TETRA TECHNOLOGIES INC,0000844965,10,3005000.0,845275000.0,675761000.0,
GENK,"GEN Restaurant Group, Inc.",0001891856,10,-3026000.0,212541000.0,259856000.0,231850000.0
DAIC,"CID Holdco, Inc.",0002033770,10,-36718071.0,5804369.0,10697684.0,10458218.0
LEDS,SemiLEDs Corp,0001333822,10,-1130000.0,43009000.0,15593000.0,12813000.0
USIO,"Usio, Inc.",0001088034,10,-2512339.0,28200535.0,134890214.0,116977811.0
VASO,VASO Corp,0000839087,10,1569000.0,89096000.0,88349000.0,
GOVB,"Gouverneur Bancorp, Inc./MD/",0001978811,10,733000.0,,198528000.0,166420000.0
HWH,HWH International Inc.,0001897245,10,-2630620.0,866926.0,4567858.0,3856325.0
TCBS,"Texas Community Bancshares, Inc.",0001849466,10,2842000.0,,429842000.0,376085000.0
ATNM,"Actinium Pharmaceuticals, Inc.",0001388320,10,-33887000.0,90000.0,51775000.0,43941000.0
NPCE,NeuroPace Inc,0001528287,10,-21465000.0,99986000.0,105565000.0,86534000.0
EDIT,"Editas Medicine, Inc.",0001650664,10,-160060000.0,31937000.0,186534000.0,159246000.0
LNZA,"LanzaTech Global, Inc.",0001843724,10,-48951000.0,55845000.0,100207000.0,90930000.0
TELA,"TELA Bio, Inc.",0001561921,10,-38831000.0,80275000.0,81418000.0,75105000.0
GNSS,Genasys Inc.,0000924383,10,-18112000.0,26306790.0,63869000.0,61702000.0
SHEN,SHENANDOAH TELECOMMUNICATIONS CO/VA/,0000354963,10,-32943000.0,357854000.0,1910762000.0,
FSEA,"First Seacoast Bancorp, Inc.",0001943802,10,-845000.0,,599295000.0,535748000.0
GTIM,Good Times Restaurants Inc.,0000825324,10,1024000.0,142315000.0,83807000.0,
NVVE,Nuvve Holding Corp.,0001836875,10,-30822551.0,4793942.0,17393081.0,14862538.0
PMI,"Picard Medical, Inc.",0002030617,10,-27002000.0,4940000.0,22548000.0,18759000.0
FCCN,SPECTRAL CAPITAL Corp,0001131903,10,918355.0,21839868.0,113975.0,106591827.0
FMC,FMC CORP,0000037785,10,-1720800000.0,4727800000.0,9687200000.0,
INSG,INSEEGO CORP.,0001022652,10,838000.0,86063000.0,93807000.0,97851000.0
FSTJ,First America Resources Corp,0001525306,10,2765.0,18790946.0,6664139.0,8252066.0
CING,Cingulate Inc.,0001862150,10,-22449911.0,,15073263.0,12564356.0
HSCS,HeartSciences Inc.,0001468492,10,-9141875.0,4319.0,5262673.0,5036613.0
SYPR,SYPRIS SOLUTIONS INC,0000864240,10,-6338000.0,82294000.0,107811000.0,90021000.0
CTGO,Contango Silver & Gold Inc.,0001502377,10,-36086645.0,,171951227.0,146852938.0
ALCYF,Alchemy Investments Acquisition Corp 1,0001901336,10,-1098247.0,,8892310.0,8688322.0
NYC,American Strategic Investment Co.,0001595527,10,-21194000.0,0.0,445160000.0,380404000.0
SLSN,"SOLESENCE, INC.",0000883107,10,1790000.0,62064000.0,50055000.0,
PREM,Premier Air Charter Holdings Inc.,0001570937,10,-3865621.0,31877508.0,36052112.0,32083798.0
FMFG,"Farmers & Merchants Bancshares, Inc.",0001698022,10,5766000.0,,871958000.0,807298000.0
ROCK,"GIBRALTAR INDUSTRIES, INC.",0000912562,10,-44388000.0,1135501000.0,1393603000.0,
KELYA,KELLY SERVICES INC,0000055135,10,-254100000.0,1337800000.0,2250600000.0,
DBGI,"Digital Brands Group, Inc.",0001668010,10,-28252558.0,7380921.0,44489380.0,35721376.0
GROV,"Grove Collaborative Holdings, Inc.",0001841761,10,-11716000.0,173716000.0,53094000.0,45321000.0
JSDA,JONES SODA CO.,0001083522,10,-1779000.0,16669000.0,15230000.0,13764000.0
LVLU,"Lulu's Fashion Lounge Holdings, Inc.",0001780201,10,-13713000.0,282284000.0,89364000.0,86350000.0
HRTX,"HERON THERAPEUTICS, INC. /DE/",0000818033,10,-20195000.0,,255877000.0,241544000.0
CRD-A,CRAWFORD & CO,0000025475,10,19634000.0,1122979000.0,764300000.0,
POLA,"Polar Power, Inc.",0001622345,10,-9133000.0,24801141.0,10437000.0,10293000.0
HTLD,HEARTLAND EXPRESS INC,0000799233,10,-52453000.0,805709000.0,1191617000.0,
PRPH,"ProPhase Labs, Inc.",0000868278,10,-14743000.0,4345000.0,59871000.0,56363000.0
SNTI,"Senti Biosciences Holdings, Inc.",0001854270,10,-61438000.0,0.0,51223000.0,45634000.0
SBMW,"Security Midwest Bancorp, Inc.",0002036060,10,298732.0,,256519260.0,233903375.0
OI,"O-I Glass, Inc. /DE/",0000812074,10,-129000000.0,6426000000.0,9243000000.0,
TITN,Titan Machinery Inc.,0001409171,10,-54174000.0,2427107000.0,1616928000.0,
SRXH,SRX Global Inc.,0001471727,10,-45006000.0,475.0,8402000.0,7995000.0
FCCI,"FAST CASUAL CONCEPTS, INC.",0001807689,10,792.0,65700.0,10127.0,164946.0
RMSL,RemSleep Holdings Inc.,0001412126,10,-3020300.0,16721.0,339756.0,307694.0
CPS,Cooper-Standard Holdings Inc.,0001320461,10,-4165000.0,0.0,1833174000.0,1924751000.0
BRTX,"BioRestorative Therapies, Inc.",0001505497,10,-14241975.0,81000.0,4079635.0,3748406.0
ZONE,"CleanCore Solutions, Inc.",0001956741,10,-6742275.0,2072834.0,8466821.0,7000839.0
CMP,COMPASS MINERALS INTERNATIONAL INC,0001227654,10,-79800000.0,0.0,1519400000.0,
ISPR,Ispire Technology Inc.,0001948455,10,-39240226.0,127494304.0,102217131.0,101612437.0
LUCK,Lucky Strike Entertainment Corp,0001840572,10,-35777000.0,1245318000.0,3227421000.0,3491222000.0
DUKR,DUKE Robotics Corp.,0001638911,10,-1241000.0,377000.0,1249000.0,1149000.0
ISRLF,Israel Acquisitions Corp,0001915328,10,-510230.0,,9971434.0,8025971.0
SGRP,"SPAR Group, Inc.",0001004989,10,-24626000.0,,44059000.0,43437000.0
BLGO,"BIOLARGO, INC.",0000880242,10,-3692116.0,12230000.0,8311000.0,6785000.0
CETX,CEMTREX INC,0001435064,10,-28112368.0,120628200.0,47788276.0,39070817.0
BTOC,Armlogi Holding Corp.,0001972529,10,-15348767.0,190408258.0,170214195.0,145124257.0
CAL,CALERES INC,0000014707,10,-6692000.0,85513000.0,1965790000.0,
KAVL,"Kaival Brands Innovations Group, Inc.",0001762239,10,-16629885.0,484661.0,669256.0,569289.0
RGR,STURM RUGER & CO INC,0000095029,10,3485000.0,151062000.0,341997000.0,
GEF-B,"GREIF, INC",0000043920,10,268800000.0,,6647600000.0,
NGL,NGL Energy Partners LP,0001504461,10,-142295000.0,3156159000.0,4175539000.0,
QNME,"Quanome Technologies, Inc.",0001996192,10,-5246136.0,18315155.0,14405461.0,11559776.0
VNCE,VINCE HOLDING CORP.,0001579157,10,6378000.0,300007000.0,225041000.0,
TOMZ,"TOMI Environmental Solutions, Inc.",0000314227,10,-3748995.0,5635927.0,7034301.0,6445797.0
CWD,CaliberCos Inc.,0001627282,10,-21798000.0,20097000.0,135396000.0,109165000.0
SNNF,"Seneca Bancorp, Inc.",0002072421,10,172000.0,,312114000.0,279363000.0
JSPR,"Jasper Therapeutics, Inc.",0001788028,10,-75801000.0,,35779000.0,31628000.0
UPLD,"Upland Software, Inc.",0001505155,10,-38904000.0,74767000.0,413177000.0,332467000.0
AWX,AVALON HOLDINGS CORP,0001061069,10,321000.0,53090000.0,87381000.0,
KTEL,"KonaTel, Inc.",0000845819,10,-2647053.0,8452885.0,2464279.0,2080074.0
CNTM,"ConnectM Technology Solutions, Inc.",0001895249,10,-16245050.0,35836809.0,36170124.0,34594661.0
SKIL,Skillsoft Corp.,0001774675,10,-139824000.0,427754000.0,963118000.0,836762000.0
TXO,"TXO Partners, L.P.",0001559432,10,-21619000.0,401012000.0,1354903000.0,
CSBR,"CHAMPIONS ONCOLOGY, INC.",0000771856,10,-1175000.0,2900000.0,26989000.0,22921000.0
MAX,"MediaAlpha, Inc.",0001818383,10,25623000.0,1113600000.0,383831000.0,413025000.0
NCL,Northann Corp.,0001923780,10,-4379875.0,15349854.0,13875685.0,11276512.0
GWH,"ESS Tech, Inc.",0001819438,10,-63440000.0,1583000.0,51172000.0,42554000.0
PACB,"PACIFIC BIOSCIENCES OF CALIFORNIA, INC.",0001299130,10,-546376000.0,24935000.0,784083000.0,778734000.0
KUST,"KUSTOM ENTERTAINMENT, INC.",0001342958,10,-6671508.0,14577600.0,19328527.0,16958571.0
VHI,VALHI INC /DE/,0000059255,10,-57600000.0,2077000000.0,2632300000.0,
MDCX,Medicus Pharma Ltd.,0001997296,10,-47281513.0,,10061377.0,10024066.0
DIT,AMCON DISTRIBUTING CO,0000928465,10,568739.0,1392388157.0,391088526.0,
KPLT,"Katapult Holdings, Inc.",0001785424,10,1365000.0,291761000.0,107866000.0,118040000.0
CTEV,Claritev Corp,0001793229,10,-284282000.0,965413000.0,4888458000.0,5055633000.0
DSS,"DSS, INC.",0000771999,10,-23929000.0,2085000.0,67630000.0,58915000.0
CCOI,"COGENT COMMUNICATIONS HOLDINGS, INC.",0001158324,10,-182174000.0,,3099784000.0,3163632000.0
HCSG,HEALTHCARE SERVICES GROUP INC,0000731012,10,59059000.0,1837173000.0,794253000.0,
TNDM,TANDEM DIABETES CARE INC,0001438133,10,-589000.0,290383000.0,881112000.0,725942000.0
ADNT,Adient plc,0001670541,10,-281000000.0,17439000000.0,8954000000.0,
CRD-B,CRAWFORD & CO,0000025475,10,19634000.0,1122979000.0,764300000.0,
ACH,ACCENDRA HEALTH INC/VA/,0000075252,10,-1100642000.0,2762032000.0,2451761000.0,2912739000.0
KELYB,KELLY SERVICES INC,0000055135,10,-254100000.0,1337800000.0,2250600000.0,
JUVF,JUNIATA VALLEY FINANCIAL CORP,0000714712,10,7983000.0,,895263000.0,837890000.0
IHRTB,"iHeartMedia, Inc.",0001400891,10,-472866000.0,3864991000.0,5126003000.0,
BCOW,"1895 Bancorp of Wisconsin, Inc. /MD/",0001847360,10,-6792000.0,,557607000.0,484846000.0
BCTF,"Bancorp 34, Inc.",0001668340,10,1689000.0,,918095000.0,831580000.0
THRY,"Thryv Holdings, Inc.",0001556739,10,307000.0,785015000.0,688587000.0,
GBNY,"Generations Bancorp NY, Inc.",0001823365,10,-1567000.0,1879000.0,424496000.0,386798000.0
UONEK,"URBAN ONE, INC.",0001041657,10,-146869000.0,113541000.0,592994000.0,565760000.0
GLBZ,GLEN BURNIE BANCORP,0000890066,10,-40000.0,,358956000.0,341139000.0
OSBK,OCONEE FINANCIAL CORP,0001076691,10,-2124598.0,,259845955.0,237663468.0
LTSV,"Lightstone Value Plus REIT IV, Inc.",0001619312,10,-3721000.0,30535000.0,141559000.0,115967000.0
AEYE,AUDIOEYE INC,0001362190,10,-3077000.0,40311000.0,32230000.0,27426000.0
MDIA,Mediaco Holding Inc.,0001784254,10,-1302000.0,133336000.0,291058000.0,244744000.0
MSBB,"Mercer Bancorp, Inc.",0001967306,10,972305.0,,176171657.0,151548319.0
VWFB,"VWF Bancorp, Inc.",0001913838,10,-2019533.0,,311254121.0,274706289.0
FUN,Six Flags Entertainment Corporation/NEW,0001999001,10,-1599098000.0,3100289000.0,7799202000.0,
NXMH,"Next Meats Holdings, Inc.",0001811530,10,-4832028.0,1398133.0,1224683.0,1178219.0
KOS,Kosmos Energy Ltd.,0001509991,10,-699786000.0,1288352000.0,4696626000.0,
TXRP,"TX Rail Products, Inc.",0001133798,10,42444.0,3840095.0,2141385.0,4094938.0
CARV,CARVER BANCORP INC,0001016178,10,-13744000.0,3003000.0,729991000.0,700413000.0
MVCO,"Metavesco, Inc.",0000924095,10,-572845.0,192.0,336326.0,329925.0
CETXP,CEMTREX INC,0001435064,10,-28112368.0,120628200.0,47788276.0,39070817.0
SNDX,Syndax Pharmaceuticals Inc,0001395937,10,-285422000.0,172352000.0,529706000.0,465076000.0
BPTH,"BIO-PATH HOLDINGS, INC.",0001133818,10,-9894000.0,0.0,3883000.0,3729000.0
MYCB,"My City Builders, Inc.",0001556801,10,-498315.0,0.0,42812.0,38343.0
CANN,TREES Corp (Colorado),0001477009,10,-7082258.0,18136880.0,23246893.0,23098734.0
NUVR,"Nuvera Communications, Inc.",0000071557,10,327669.0,71794483.0,277976171.0,
SKIN,SkinHealth Systems Inc.,0001818093,10,-9519000.0,300790000.0,499803000.0,438747000.0
UBCP,UNITED BANCORP INC /OH/,0000731653,10,2036000.0,,857445000.0,786930000.0
WYY,WIDEPOINT CORP,0001034760,10,-2751112.0,150545364.0,79812285.0,68281604.0
RTON,"Right On Brands, Inc.",0001580262,10,8726.0,1135939.0,206829.0,703888.0
SONX,"Sonendo, Inc.",0001407973,10,-28033000.0,33200000.0,31265000.0,26074000.0
SEDG,"SOLAREDGE TECHNOLOGIES, INC.",0001419612,10,-405448000.0,1184444000.0,2182194000.0,
SGRY,"Surgery Partners, Inc.",0001638833,10,-77900000.0,460346000.0,8119700000.0,
VIRC,VIRCO MFG CORPORATION,0000751365,10,2568000.0,199652000.0,174179000.0,
PRCH,"Porch Group, Inc.",0001784535,10,-3361000.0,482414000.0,797423000.0,775037000.0
HSCSW,HeartSciences Inc.,0001468492,10,-9141875.0,4319.0,5262673.0,5036613.0
BWEN,"BROADWIND, INC.",0001120370,10,5242000.0,146785000.0,116805000.0,
BHVN,Biohaven Ltd.,0001935979,10,-738822000.0,,451447000.0,399375000.0
SNDA,"SONIDA SENIOR LIVING, INC.",0001043000,10,-70779000.0,381141000.0,844845000.0,788590000.0
TISI,TEAM INC,0000318833,10,-49210000.0,896483000.0,485453000.0,457983000.0
NSP,"INSPERITY, INC.",0001000753,10,-7000000.0,6812000000.0,2203000000.0,
PFBX,PEOPLES FINANCIAL CORP /MS/,0000770460,10,3911000.0,,727121000.0,626454000.0
ESTA,ESTABLISHMENT LABS HOLDINGS INC.,0001688757,10,-51064000.0,61208000.0,357167000.0,333620000.0
ALTG-PA,ALTA EQUIPMENT GROUP INC.,0001759824,10,-80300000.0,1835900000.0,1336300000.0,1345100000.0
GWHWW,"ESS Tech, Inc.",0001819438,10,-63440000.0,1583000.0,51172000.0,42554000.0
PLAY,"Dave & Buster's Entertainment, Inc.",0001525769,10,-48700000.0,116821000.0,4116600000.0,
ROG,ROGERS CORP,0000084748,10,-61800000.0,821043000.0,1429900000.0,
QUCY,Quantum Cyber N.V.,0001874252,10,-16210718.0,537080.0,5327396.0,4685796.0
NWPP,NEW PEOPLES BANKSHARES INC,0001163389,10,10098000.0,,909700000.0,826845000.0
ASAN,"Asana, Inc.",0001477720,10,-189024000.0,790806000.0,844088000.0,689971000.0
SSTPW,"System1, Inc.",0001805833,10,-65345000.0,266129000.0,404972000.0,387553000.0
JSPRW,"Jasper Therapeutics, Inc.",0001788028,10,-75801000.0,,35779000.0,31628000.0
ALCUF,Alchemy Investments Acquisition Corp 1,0001901336,10,-1098247.0,,8892310.0,8688322.0
ALCWF,Alchemy Investments Acquisition Corp 1,0001901336,10,-1098247.0,,8892310.0,8688322.0
COHU,COHU INC,0000021535,10,-74273000.0,,1242982000.0,
WSBK,"Winchester Bancorp, Inc./MD/",0002047235,10,-874000.0,,949378000.0,834026000.0
GPRO,"GoPro, Inc.",0001500435,10,-93487000.0,651542000.0,427983000.0,351433000.0
GUTS,"FRACTYL HEALTH, INC.",0001572616,10,-140954000.0,,121402000.0,111944000.0
GTE,GRAN TIERRA ENERGY INC.,0001273441,10,-193119000.0,374460000.0,1586079000.0,
STSR,"Strategic Student & Senior Housing Trust, Inc.",0001698538,10,-5763981.0,37733555.0,152918071.0,129713878.0
MGSD,"Maitong Sunshine Cultural Development Co., Ltd",0002003750,10,-21229.0,1380218.0,439110.0,393317.0
RARE,Ultragenyx Pharmaceutical Inc.,0001515673,10,-575000000.0,673000000.0,1532000000.0,1605000000.0
PGEN,"PRECIGEN, INC.",0001356090,10,-250642000.0,17002000.0,155505000.0,134594000.0
BSBK,Bogota Financial Corp.,0001787414,10,2090778.0,,904947500.0,764039152.0
PPLI,People Inc,0001800227,10,-104026000.0,4365235000.0,7130729000.0,
BKD,Brookdale Senior Living Inc.,0001332349,10,-262692000.0,986638000.0,5952243000.0,5995620000.0
JACK,JACK IN THE BOX INC,0000807882,10,-80719000.0,1465314000.0,2593421000.0,
MGYR,"Magyar Bancorp, Inc.",0001337068,10,9760000.0,,997660000.0,878818000.0
CALY,Callaway Golf Co,0000837465,10,-417000000.0,367500000.0,7286000000.0,
APPN,APPIAN CORP,0001441683,10,1233000.0,226743000.0,691395000.0,738388000.0
OEC,Orion S.A.,0001609804,10,-70100000.0,1806700000.0,1907600000.0,
RHEPB,"REGIONAL HEALTH PROPERTIES, INC",0001004724,10,-3888000.0,53160000.0,67809000.0,62769000.0
RHEPA,"REGIONAL HEALTH PROPERTIES, INC",0001004724,10,-3888000.0,53160000.0,67809000.0,62769000.0
RHEPZ,"REGIONAL HEALTH PROPERTIES, INC",0001004724,10,-3888000.0,53160000.0,67809000.0,62769000.0
MGEE,MGE ENERGY INC,0001161728,10,135889000.0,,3155420000.0,
SDRL,SEADRILL Ltd,0001737706,10,-77000000.0,1437000000.0,3947000000.0,
CINGW,Cingulate Inc.,0001862150,10,-22449911.0,,15073263.0,12564356.0
CBUS,"Cibus, Inc.",0001705843,10,-127085000.0,3639000.0,305047000.0,283218000.0
CCNB,"Coastal Carolina Bancshares, Inc.",0001437213,10,74485.0,,101631076.0,87145385.0
PW-PA,Power REIT,0001532619,10,-2195082.0,1982265.0,26923775.0,21786352.0
DUKRW,DUKE Robotics Corp.,0001638911,10,-1241000.0,377000.0,1249000.0,1149000.0
ADAPY,Adaptimmune Therapeutics PLC,0001621227,10,-70814000.0,178032000.0,245963000.0,234114000.0
LSBK,"Lake Shore Bancorp, Inc. /MD/",0002059653,10,7269000.0,,727323000.0,585684000.0
IHETW,"iHeartMedia, Inc.",0001400891,10,-472866000.0,3864991000.0,5126003000.0,
HUMAW,"Humacyte, Inc.",0001818382,10,-40833000.0,2038000.0,116366000.0,113257000.0
GROVW,"Grove Collaborative Holdings, Inc.",0001841761,10,-11716000.0,173716000.0,53094000.0,45321000.0
CLPR,Clipper Realty Inc.,0001649096,10,-1566000.0,30627000.0,1234319000.0,1315073000.0
LION,Lionsgate Studios Corp.,0002052959,10,-198300000.0,2631800000.0,5327100000.0,6376500000.0
AERTW,"Aeries Technology, Inc.",0001853044,10,2831000.0,70014000.0,41894000.0,44479000.0
RXO,"RXO, Inc.",0001929561,10,-100000000.0,5742000000.0,3277000000.0,
TDS,TELEPHONE & DATA SYSTEMS INC /DE/,0001051512,10,-6236000.0,1228207000.0,8398303000.0,
DAICW,"CID Holdco, Inc.",0002033770,10,-36718071.0,5804369.0,10697684.0,10458218.0
VRMWW,"Vroom, Inc.",0001580864,10,-53050000.0,893203000.0,937385000.0,820767000.0
TDS-PV,TELEPHONE & DATA SYSTEMS INC /DE/,0001051512,10,-6236000.0,1228207000.0,8398303000.0,
PLBY,"Playboy, Inc.",0001803914,10,-12672000.0,120928000.0,292372000.0,274205000.0
SAFX,"XCF Global, Inc.",0002019793,10,74004768.0,0.0,419472575.0,381820626.0
TDS-PU,TELEPHONE & DATA SYSTEMS INC /DE/,0001051512,10,-6236000.0,1228207000.0,8398303000.0,
LLYVK,"Liberty Live Holdings, Inc.",0002078416,10,-86967000.0,381951000.0,1888893000.0,1916028000.0
LLYVB,"Liberty Live Holdings, Inc.",0002078416,10,-86967000.0,381951000.0,1888893000.0,1916028000.0
CLMT,"Calumet, Inc. /DE",0002013745,10,-33800000.0,4137100000.0,2688900000.0,3176000000.0
SKYX,SKYX Platforms Corp.,0001598981,10,-33415604.0,7700948.0,57715234.0,57303620.0
WK,WORKIVA INC,0001445305,10,-26169000.0,884568000.0,1493571000.0,1499007000.0
CHPT,"ChargePoint Holdings, Inc.",0001777393,10,-220197000.0,411224000.0,792245000.0,770946000.0
GAMG,"Global Asset Management Group, Inc.",0000055234,10,-153729.0,95309.0,10202775.0,10185657.0
VRNS,VARONIS SYSTEMS INC,0001361113,10,-129324000.0,270288000.0,1791612000.0,
CDZI,CADIZ INC,0000727273,10,-34151000.0,16313000.0,140914000.0,117658000.0
GEF,"GREIF, INC",0000043920,10,268800000.0,,6647600000.0,
CPTKW,Crown PropTech Acquisitions,0001827899,10,-3013571.0,,5789667.0,5298459.0
BC,BRUNSWICK CORP,0000014930,10,-137300000.0,5362800000.0,5312200000.0,
XBPEW,"XBP Global Holdings, Inc.",0001839530,10,-351123000.0,359381000.0,902097000.0,814758000.0
LNZAW,"LanzaTech Global, Inc.",0001843724,10,-48951000.0,55845000.0,100207000.0,90930000.0
EAF,GRAFTECH INTERNATIONAL LTD,0000931148,10,-219835000.0,504134000.0,1028789000.0,
SMTI,Sanara MedTech Inc.,0000714256,10,-37562606.0,15586976.0,72944071.0,67014295.0
MDCXW,Medicus Pharma Ltd.,0001997296,10,-47281513.0,,10061377.0,10024066.0
KITTW,"Nauticus Robotics, Inc.",0001849820,10,-40828402.0,11434959.0,42609695.0,35590289.0
JBTM,JBT MAREL Corp,0001433660,10,-50500000.0,3798200000.0,8190700000.0,
CORZ,"Core Scientific, Inc./tx",0001839341,10,-288616000.0,319019000.0,2347644000.0,3310384000.0
SHFH,Scientist Home Future Health Ltd,0002032609,10,-231725.0,204055.0,644365.0,530974.0
RTB,"RTB Digital, Inc.",0001419275,10,-17526000.0,11131000.0,13101000.0,12433000.0
LFCR,"LIFECORE BIOMEDICAL, INC. DE",0001005286,10,-38717000.0,152780000.0,239342000.0,191909000.0
AAON,"AAON, INC.",0000824142,10,107593000.0,,1686510000.0,
TVTX,"Travere Therapeutics, Inc.",0001438533,10,-25546000.0,0.0,605191000.0,490363000.0
AP,AMPCO PITTSBURGH CORP,0000006176,10,-66067000.0,434166000.0,495355000.0,447392000.0
CORZZ,"Core Scientific, Inc./tx",0001839341,10,-288616000.0,319019000.0,2347644000.0,3310384000.0
LQDA,Liquidia Corp,0001819576,10,-68924000.0,158320000.0,327934000.0,283186000.0
ISLWF,Israel Acquisitions Corp,0001915328,10,-510230.0,,9971434.0,8025971.0
ISLUF,Israel Acquisitions Corp,0001915328,10,-510230.0,,9971434.0,8025971.0
CORZW,"Core Scientific, Inc./tx",0001839341,10,-288616000.0,319019000.0,2347644000.0,3310384000.0
CORZR,"Core Scientific, Inc./tx",0001839341,10,-288616000.0,319019000.0,2347644000.0,3310384000.0
SSP,E.W. SCRIPPS Co,0000832428,10,-100877000.0,2150585000.0,5008628000.0,
UIS,UNISYS CORP,0000746838,10,-339800000.0,1950100000.0,1846200000.0,
HUMA,"Humacyte, Inc.",0001818382,10,-40833000.0,2038000.0,116366000.0,113257000.0
CMRC,"Commerce.com, Inc.",0001626450,10,-19342000.0,342349000.0,308791000.0,269437000.0
NGL-PB,NGL Energy Partners LP,0001504461,10,-142295000.0,3156159000.0,4175539000.0,
FLR,FLUOR CORP,0001124198,10,-51000000.0,15503000000.0,8236000000.0,
AVAV,AeroVironment Inc,0001368622,10,-265122000.0,117381000.0,5716742000.0,
FINW,Finwise Bancorp,0001856365,10,16091000.0,,977135000.0,783940000.0
AREBW,AMERICAN REBEL HOLDINGS INC,0001648087,10,-34325289.0,986826.0,31823595.0,27441824.0
PRHIZ,"Presurance Holdings, Inc.",0001502292,10,-25923000.0,43304000.0,239283000.0,230317000.0
QVCAQ,"Old QVC Group, Inc.",0001355096,10,-2439000000.0,4376000000.0,7643000000.0,10660000000.0
ALTG,ALTA EQUIPMENT GROUP INC.,0001759824,10,-80300000.0,1835900000.0,1336300000.0,1345100000.0
AHT-PI,ASHFORD HOSPITALITY TRUST INC,0001232582,10,-179839000.0,354656000.0,2833632000.0,3206874000.0
AHT-PH,ASHFORD HOSPITALITY TRUST INC,0001232582,10,-179839000.0,354656000.0,2833632000.0,3206874000.0
AHT-PG,ASHFORD HOSPITALITY TRUST INC,0001232582,10,-179839000.0,354656000.0,2833632000.0,3206874000.0
AHT-PF,ASHFORD HOSPITALITY TRUST INC,0001232582,10,-179839000.0,354656000.0,2833632000.0,3206874000.0
AHT-PD,ASHFORD HOSPITALITY TRUST INC,0001232582,10,-179839000.0,354656000.0,2833632000.0,3206874000.0
LLYVA,"Liberty Live Holdings, Inc.",0002078416,10,-86967000.0,381951000.0,1888893000.0,1916028000.0
CYTK,CYTOKINETICS INC,0001061983,10,-784955000.0,13368000.0,1424537000.0,2084162000.0
CDR-PB,"CEDAR REALTY TRUST, INC.",0000761648,10,-1871000.0,37137000.0,165195000.0,158832000.0
SMTC,SEMTECH CORP,0000088941,10,-40376000.0,1049975000.0,1410337000.0,
STIM,"Neuronetics, Inc.",0001227636,10,-38998000.0,15579000.0,141551000.0,115311000.0
FOTB,"FIRST OTTAWA BANCSHARES, INC.",0001099668,10,750000.0,,270657000.0,246408000.0
CDR-PC,"CEDAR REALTY TRUST, INC.",0000761648,10,-1871000.0,37137000.0,165195000.0,158832000.0
AXSM,"Axsome Therapeutics, Inc.",0001579428,10,-183174000.0,0.0,689805000.0,601510000.0
TSNDF,TerrAscend Corp.,0001778129,10,-81331000.0,260558000.0,557379000.0,458358000.0
ARWR,"ARROWHEAD PHARMACEUTICALS, INC.",0000879407,10,-1631000.0,11255000.0,1385295000.0,
CDZIP,CADIZ INC,0000727273,10,-34151000.0,16313000.0,140914000.0,117658000.0
NSARP,NSTAR ELECTRIC CO,0000013372,10,252494000.0,,6791350000.0,
NSARO,NSTAR ELECTRIC CO,0000013372,10,252494000.0,,6791350000.0,
W,Wayfair Inc.,0001616707,10,-313000000.0,4720895000.0,3440000000.0,6222000000.0
KLTR,KALTURA INC,0001432133,10,-12072000.0,180854000.0,164697000.0,158365000.0
AKBA,"Akebia Therapeutics, Inc.",0001517022,10,-5345000.0,0.0,376565000.0,343955000.0
MBI,MBIA INC,0000814585,10,-177000000.0,80000000.0,2013000000.0,4243000000.0
BC-PC,BRUNSWICK CORP,0000014930,10,-137300000.0,5362800000.0,5312200000.0,
RBRK,"Rubrik, Inc.",0001943896,10,-348828000.0,1316191000.0,2766536000.0,3286098000.0
GLSI,"Greenwich LifeSciences, Inc.",0001799788,10,-19358218.0,,6178021.0,5824804.0
GH,"Guardant Health, Inc.",0001576280,10,-416277000.0,982021000.0,2013659000.0,2112966000.0
GDST,Chi Special Acquisition Corp.,0001858007,0,-414679.0,,5960867.0,13628036.0
PRPL,"Purple Innovation, Inc.",0001643953,0,-51414000.0,468725000.0,296259000.0,325928000.0
JDZG,JIADE Ltd,0001976908,0,,,,
SLGB,Smart Logistics Global Ltd,0001987189,0,,,,
BGAVF,Bravada Gold Corp,0001500620,0,,,,
PLRZ,Polyrizon Ltd.,0001893645,0,,,,
SPPL,SIMPPLE LTD.,0001948697,0,,,,
RPGL,Republic Power Group Ltd,0001912884,0,,,,
BBGI,BEASLEY BROADCAST GROUP INC,0001099160,0,-196549741.0,232179463.0,299287976.0,348618407.0
BCHT,Birchtech Corp.,0000728385,0,-3026007.0,17626366.0,9237718.0,10952626.0
DXLG,"DESTINATION XL GROUP, INC.",0000813298,0,-35908000.0,435017000.0,366947000.0,
CYDVF,Century Lithium Corp.,0001394039,0,,,,
DPG,Duff & Phelps Utility & Infrastructure Fund Inc.,0001515671,0,,,,
JETMF,Global Crossing Airlines Group Inc.,0001846084,0,-3051000.0,246346000.0,203052000.0,232530000.0
RYET,Ruanyun Edai Technology Inc.,0001873454,0,,,,
RSGLF,Rocky Shore Gold Ltd.,0001683408,0,,,,
HLRTF,Hillcrest Energy Technologies Ltd.,0001418149,0,,,,
TARSF,Silver North Resources Ltd.,0001409036,0,,,,
ITHR,"Intelithrive, Inc.",0001919191,0,,,,
GRLMF,GreenLight Metals Inc.,0002055938,0,,,,
CCM,Concord Medical Services Holdings Ltd,0001472072,0,,,,
FOXX,Foxx Development Holdings Inc.,0002013807,0,-9020136.0,65919166.0,25999814.0,31364497.0
UTSI,UTSTARCOM HOLDINGS CORP.,0001030471,0,,,,
MYND,"Mynd.ai, Inc.",0001708441,0,,,,
MAUUF,AERO ENERGY Ltd,0001905688,0,,,,
PDC,Perpetuals.com Ltd,0001944399,0,,,,
AIHS,Senmiao Technology Ltd,0001711012,0,-5270200.0,1546127.0,5257677.0,7777200.0
QNTM,Quantum Biopharma Ltd.,0001771885,0,,,,
BWMX,"BETTERWARE DE MEXICO, S.A.P.I. DE C.V",0001788257,0,,,,
NDMO,Nuveen Dynamic Municipal Opportunities Fund,0001793129,0,,,,
ABXXF,Abaxx Technologies Inc.,0001971975,0,,,,
FEDU,Four Seasons Education (Cayman) Inc.,0001709819,0,,,,
FUSE,Fusemachines Inc.,0002033383,0,-928000.0,7714000.0,7536000.0,22112000.0
TRXA,T-REX Acquisition Corp.,0001437750,0,-2535552.0,32390.0,774328.0,1836849.0
SCAG,Scage Future,0002000366,0,,,,
BMR,Beamr Imaging Ltd.,0001899005,0,,,,
LRRIF,Lion Rock Resources Inc.,0001992500,0,,,,
FMST,Foremost Clean Energy Ltd.,0001935418,0,,,,
NVRI,Enviri Corp,0002104052,0,,,,
AQST,"Aquestive Therapeutics, Inc.",0001398733,0,-83784000.0,16824000.0,160425000.0,194087000.0
CLOQ,"CYBERLOQ TECHNOLOGIES, INC.",0001437517,0,-1127889.0,197.0,2525109.0,4190752.0
DETX,"LIBERTY DEFENSE HOLDINGS, LTD.",0001919776,0,,,,
ORIO,Orion Digital Corp.,0001602842,0,,,,
TRCK,"Track Group, Inc.",0001045942,0,-1883753.0,33875167.0,40303520.0,51846465.0
GNOLF,GENOIL INC,0001261002,0,,,,
NCEL,NewcelX Ltd.,0001783036,0,,,,
BHSIF,BAYHORSE SILVER INC.,0001432588,0,,,,
MMCP,"Mag Mile Capital, Inc.",0001879293,0,-123755.0,4062250.0,949053.0,1239386.0
DGNX,Diginex Ltd,0002010499,0,,,,
AAQL,Antiaging Quantum Living Inc.,0001672571,0,-837646.0,1034385.0,1722685.0,2398556.0
UFG,Uni-Fuels Holdings Ltd,0002021688,0,,,,
RADX,Radiopharm Theranostics Ltd,0001949257,0,,,,
IRVRF,Irving Resources Inc.,0001666782,0,,,,
LICN,Lichen International Ltd,0001876766,0,,,,
AUST,Austin Gold Corp.,0001817740,0,,,,
VNTG,Vantage Corp (Singapore),0002027160,0,,,,
PMEC,Primech Holdings Ltd,0001891944,0,,,,
TGHL,GrowHub Ltd,0002024114,0,,,,
EPSM,Epsium Enterprise Ltd,0001883437,0,,,,
LGPS,LOGPROSTYLE INC.,0002040290,0,,,,
MOBX,"MOBIX LABS, INC",0001855467,0,-46131000.0,6442000.0,37113000.0,37449000.0
MNDO,MIND CTI LTD,0001119083,0,,,,
CRVW,CareView Communications Inc,0001377149,0,-3200453.0,9016437.0,4640595.0,47654973.0
RECT,Rectitude Holdings Ltd.,0001995116,0,,,,
XCH,XCHG Ltd,0001979887,0,,,,
AZIO,"AZIO AI HOLDINGS, INC.",0001563568,0,-39126986.0,,4667816.0,13595921.0
HKPD,"Cellyan Biotechnology Co., Ltd",0002007702,0,,,,
SMX,SMX (Security Matters) Public Ltd Co,0001940674,0,,,,
JG,Aurora Mobile Ltd,0001737339,0,,,,
KCCFF,Kutcho Copper Corp.,0001726906,0,,,,
PHNMF,Phenom Resources Corp.,0001720553,0,,,,
CCEL,CRYO CELL INTERNATIONAL INC,0000862692,0,-2429385.0,25384279.0,61728514.0,80334443.0
GDSRF,Gold Strike Resources Corp.,0001427901,0,,,,
YSXT,"YSX Tech Co., Ltd",0001993463,0,,,,
MNY,MoneyHero Ltd,0001974044,0,,,,
BZDLF,KINCORA COPPER LTD,0001527038,0,,,,
TWG,Top Wealth Group Holding Ltd,0001978057,0,,,,
NGTF,"NightFood Holdings, Inc.",0001593001,0,-8115878.0,482285.0,7324534.0,11947647.0
PLUR,Pluri Inc.,0001158780,0,-22583000.0,1336000.0,38683000.0,
LRE,"LEAD REAL ESTATE CO., LTD",0001888980,0,,,,
MRNO,Murano Global Investments Plc,0001988776,0,,,,
DSY,Big Tree Cloud Holdings Ltd,0001999297,0,,,,
NPRFF,Nepra Foods Inc.,0001859022,0,,,,
STQN,STRATEGIC ACQUISITIONS INC /NV/,0000847942,0,-40223.0,43671.0,5388.0,13319.0
FOFO,"Hang Feng Technology Innovation Co., Ltd.",0002060083,0,,,,
VTEX,VTEX,0001793663,0,,,,
SCTX,"Scribe Therapeutics, Inc.",0001853921,0,,,,
DCBO,Docebo Inc.,0001829959,0,,,,
WHK,WhiteHawk Minerals Corp.,0001921603,0,,,,
EIKN,"Eikon Therapeutics, Inc.",0001861123,0,,,,
EXYN,"Exyn Technologies, Inc.",0001960355,0,,,,
JF,J & Friends Holdings Ltd,0001716338,0,,,,
CALC,"CalciMedica, Inc.",0001534133,0,-29562000.0,,13591000.0,20232000.0
TMDE,TMD Energy Ltd,0002009714,0,,,,
DQWS,DSwiss Inc,0001652561,0,-76860.0,181398.0,677136.0,686482.0
GYGY,Game Your Game Inc.,0002111846,0,,,,
GEBRF,Greenbriar Sustainable Living Inc.,0001570843,0,,,,
ODD,Oddity Tech Ltd,0001907085,0,,,,
ATCX,ATLAS CRITICAL MINERALS Corp,0001684688,0,,,,
PLSM,Pulsenmore Ltd.,0002064764,0,,,,
YXT,YXT.COM GROUP HOLDING Ltd,0001872090,0,,,,
OHCFF,Light AI Inc.,0001735514,0,,,,
PRNCF,Prince Silver Corp.,0002045300,0,,,,
JL,J-Long Group Ltd,0001948436,0,,,,
WMLLF,Wealth Minerals Ltd.,0001077640,0,,,,
CYCN,"Cyclerion Therapeutics, Inc.",0001755237,0,-3528000.0,2074000.0,9985000.0,
CHKR,CHESAPEAKE GRANITE WASH TRUST,0001524769,0,,,,
SMSI,"SMITH MICRO SOFTWARE, INC.",0000948708,0,-29327000.0,17363000.0,24971000.0,
ONEG,OneConstruction Group Ltd,0002030834,0,,,,
SMXT,"SolarMax Technology, Inc.",0001519472,0,-6325368.0,90982535.0,91287054.0,103497152.0
TLIH,Ten-League International Holdings Ltd,0001982012,0,,,,
EPOW,E-Power Inc.,0001780731,0,,,,
CFND,C1 Fund Inc.,0002044327,0,,,,
SKFG,"Stark Focus Group, Inc.",0001794942,0,-42124.0,44288.0,0.0,182812.0
DOGZ,Dogness (International) Corp,0001707303,0,,,,
AIJTY,Jianpu Technology Inc.,0001713923,0,,,,
TWOSF,T2 Metals Corp.,0000877028,0,,,,
PTN,PALATIN TECHNOLOGIES INC,0000911216,0,-17307349.0,0.0,3266954.0,8043999.0
ARLSF,ARGO GRAPHENE SOLUTIONS CORP.,0001852354,0,,,,
SKK,SKK Holdings Ltd,0001991261,0,,,,
MGIH,Millennium Group International Holdings Ltd,0001903995,0,,,,
SFRX,SEAFARER EXPLORATION CORP,0001106213,0,-3180646.0,19235.0,901270.0,2542732.0
AVAI,"AVAI BIO, INC.",0001740797,0,-1749509.0,276324.0,572696.0,3387851.0
HPAI,Helport AI Ltd,0002001699,0,,,,
PN,PN Smart Energy Ltd,0002001288,0,,,,
MATH,Metalpha Technology Holding Ltd,0001682241,0,,,,
CNF,CNFinance Holdings Ltd.,0001733868,0,,,,
VALE,Vale S.A.,0000917851,0,,,,
JHPCY,"Jiangsu Hengrui Pharmaceuticals Co., Ltd./ADR",0002071868,0,,,,
GWLIF,GREAT-WEST LIFECO INC.,0000850918,0,,,,
TAK,TAKEDA PHARMACEUTICAL CO LTD,0001395064,0,,,,
LSEGY,London Stock Exchange Group plc,0001842726,0,,,,
GCGR,General Catalyst Global Resilience Merger Corp.,0002108962,0,,,,
NUAI,"New ERA Energy & Digital, Inc.",0002028336,0,-29585804.0,885400.0,14136873.0,16746170.0
ETO,Eaton Vance Tax-Advantaged Global Dividend Opportunities Fund,0001281926,0,,,,
GMHS,Gamehaus Holdings Inc.,0002000530,0,,,,
YTFD,"Yale Transaction Finders, Inc.",0001311673,0,-40368.0,,17384.0,184709.0
POWMF,Power Metal Resources PLC,0001988634,0,,,,
PASW,"Ping An Biomedical Co., Ltd.",0001897532,0,,,,
RYOOF,Rio Silver Inc.,0001683274,0,,,,
RKHNF,ROCKHAVEN RESOURCES LTD,0001422532,0,,,,
DGCOF,Daura Capital Corp.,0001809267,0,,,,
ACP,abrdn Income Credit Strategies Fund,0001503290,0,,,,
STLN,"Starling Oncology, Inc.",0001799191,0,-60606000.0,502729000.0,164656000.0,180376000.0
VBNK,VersaBank,0001690639,0,,,,
VINP,Vinci Compass Investments Ltd.,0001826286,0,,,,
CGNT,Cognyte Software Ltd.,0001824814,0,,,,
WFF,WF Holding Ltd,0001980210,0,,,,
SOS,SOS Ltd,0001346610,0,,,,
FENG,Phoenix New Media Ltd,0001509646,0,,,,
GPRK,GeoPark Ltd,0001464591,0,,,,
AGMB,Agomab Therapeutics NV,0002020932,0,,,,
DDI,"DoubleDown Interactive Co., Ltd.",0001799567,0,,,,
OIO,OIO Group,0001957538,0,,,,
MRRDF,Meridian Mining UK Societas,0001839886,0,,,,
FFPP,Fast Finance Pay Corp.,0002109616,0,,,,
HUIZ,Huize Holding Ltd,0001778982,0,,,,
ZTG,Zenta Group Co Ltd,0002011458,0,,,,
PRZO,ParaZero Technologies Ltd.,0001916241,0,,,,
TULP,"BLOOMIA HOLDINGS, INC.",0000875355,0,-5743000.0,18800000.0,99985000.0,
ILLR,Triller Group Inc.,0001769624,0,-174542000.0,21622000.0,35505000.0,363621000.0
IAALF,IBC Advanced Alloys Corp.,0001450894,0,,,,
PEXZF,PACIFIC RIDGE EXPLORATION LTD,0001254435,0,,,,
INTZ,INTRUSION INC,0000736012,0,-9059000.0,7015000.0,10387000.0,
PBMLF,Pacific Booker Minerals Inc.,0001319150,0,,,,
FRTT,Fort Technology Inc,0002092967,0,,,,
RGNT,REGENTIS BIOMATERIALS LTD.,0001912966,0,,,,
KPEA,Kun Peng International Ltd.,0001502557,0,-1263384.0,600000.0,840809.0,9028650.0
STLNF,Stallion Uranium Corp.,0001729653,0,,,,
UCAR,U Power Ltd,0001939780,0,,,,
UPYY,UPAY,0001677897,0,-1406623.0,746311.0,227409.0,741267.0
GIGM,GIGAMEDIA Ltd,0001105101,0,,,,
SVRN,OceanPal Inc.,0001869467,0,,,,
RAY,Raytech Holding Ltd,0001948443,0,,,,
NRIS,"Norris Industries, Inc.",0001603793,0,-661431.0,286086.0,252449.0,5101180.0
MPU,Mega Matrix Inc,0001953021,0,,,,
EQS,"EQUUS TOTAL RETURN, INC.",0000878932,0,,,,
GAU,Galiano Gold Inc.,0001377757,0,,,,
JGLDF,Japan Gold Corp.,0001686000,0,,,,
MOGU,MOGU Inc.,0001743971,0,,,,
GLOH,"Glow Holdings, Inc.",0001114859,0,,,,
HWAUF,Headwater Gold Inc.,0001817161,0,,,,
SCLX,Scilex Holding Co,0001820190,0,-374053000.0,30253000.0,364981000.0,576733000.0
YOUL,Youlife Group Inc.,0002028177,0,,,,
FRFAF,Fresh Factory B.C. Ltd.,0001894942,0,,,,
BDMD,Baird Medical Investment Holdings Ltd,0001982444,0,,,,
RGCCF,Relevant Gold Corp.,0001918151,0,,,,
TLTFF,THERALASE TECHNOLOGIES INC /FI,0000923883,0,,,,
BRLS,Borealis Foods Inc.,0001852973,0,-18978618.0,31475628.0,52573331.0,71803918.0
MSSAF,Metal Sky Star Acquisition Corp,0001882464,0,-553581.0,,1025667.0,8213507.0
MCRP,Micropolis AI Robotics,0001993431,0,,,,
NKLR,Terra Innovatum Global N.V.,0002067627,0,539524000.0,,106136000.0,199726000.0
SWVL,Swvl Holdings Corp,0001875609,0,,,,
HTOO,Fusion Fuel Green PLC,0001819794,0,,,,
BURU,"Nuburu, Inc.",0001814215,0,-79071276.0,0.0,49819239.0,65001412.0
CLRO,CLEARONE INC,0000840715,0,-26084000.0,46067000.0,2299000.0,3013000.0
EDTK,Skillful Craftsman Education Technology Ltd,0001782309,0,,,,
FLZH,"Flash Sports & Media Holdings, Inc.",0001706524,0,-22099032.0,17399438.0,331947.0,45497181.0
PRKR,PARKERVISION INC,0000914139,0,-7426000.0,0.0,5359000.0,50463000.0
GRAPF,First Canadian Graphite Inc.,0001715272,0,,,,
GEDC,"TerraVolt Holdings, Inc.",0001174891,0,-6498000.0,0.0,295000.0,3095000.0
GP,GREENPOWER MOTOR Co INC.,0001584547,0,,,,
BLTH,"AMERICAN BATTERY MATERIALS, INC.",0001487718,0,-6410564.0,80233.0,396365.0,10692713.0
BKUCF,BLUE SKY URANIUM CORP.,0001463978,0,,,,
GMVMF,GMV Minerals Inc.,0001495730,0,,,,
VALN,Valneva SE,0001836564,0,,,,
NVGLF,NV Gold Corp,0001607807,0,,,,
CFOO,China Foods Holdings Ltd.,0001310630,0,-398672.0,0.0,212890.0,1490361.0
AAPI,"Apple iSports Group, Inc.",0001134982,0,-6407709.0,0.0,2467566.0,6529020.0
QMCI,QUOTEMEDIA INC,0001101433,0,-2317424.0,20253917.0,5773230.0,
EBON,Ebang International Holdings Inc.,0001799290,0,,,,
AETN,"AETERNUM HEALTH, INC.",0000764630,0,-337094.0,0.0,54557.0,2053443.0
TURB,"Turbo Energy, S.A.",0001963439,0,,,,
COGDF,Compass Gold Corp,0001557440,0,,,,
GARWF,Golden Arrow Resources Corp,0001403870,0,,,,
NKX,NUVEEN CALIFORNIA AMT-FREE QUALITY MUNICIPAL INCOME FUND,0001195738,0,,,,
BOT,"RoboStrategy, Inc.",0002081119,0,,,,
SPPP,SPROTT PHYSICAL PLATINUM & PALLADIUM TRUST,0001539190,0,,,,
AMRQF,AMAROQ LTD.,0002076631,0,,,,
AHMA,AMBITIONS ENTERPRISE MANAGEMENT CO. L.L.C,0002010959,0,,,,
MTTAF,Meta Critical Minerals Inc.,0001999111,0,,,,
FXBY,FOXBY CORP.,0001068897,0,,,,
WXM,WF International Ltd.,0001979610,0,,,,
PAXS,PIMCO Access Income Fund,0001886878,0,,,,
YB,Yuanbao Inc.,0001995520,0,,,,
ZDAI,"DirectBooking Technology Co., Ltd.",0001966678,0,,,,
NRSN,NeuroSense Therapeutics Ltd.,0001875091,0,,,,
UCL,uCloudlink Group Inc.,0001775898,0,,,,
CLEV,Concrete Leveling Systems Inc,0001414382,0,-61390.0,703.0,19479.0,
CNTMF,Fluent Corp.,0001758124,0,,,,
AWHL,Aspira Women's Health Inc.,0000926617,0,-12780000.0,343000.0,5456000.0,12388000.0
HUDI,"Huadi International Group Co., Ltd.",0001791725,0,,,,
RETO,"ReTo Eco-Solutions, Inc.",0001687277,0,,,,
YJ,Yunji Inc.,0001759614,0,,,,
RCT,RedCloud Holdings plc,0002027360,0,,,,
MMA,MIXED MARTIAL ARTS GROUP LTD,0001981519,0,,,,
FNFI,FIRST NILES FINANCIAL INC,0001065823,0,,,,
PLCKF,Plurilock Security Inc.,0001848782,0,,,,
TETEF,Technology & Telecommunication Acquisition Corp,0001900679,0,-731371.0,,170335.0,10518530.0
TKRFF,TINKA RESOURCES Ltd,0001368845,0,,,,
SNT,Senstar Technologies Corp,0001993727,0,,,,
EQTRF,Altamira Gold Corp.,0001635729,0,,,,
CGC,Canopy Growth Corp,0001737927,0,,,,
PBAM,"Private Bancorp of America, Inc.",0001705284,0,,,,
OTLY,Oatly Group AB,0001843586,0,,,,
DDL,Dingdong (Cayman) Ltd,0001854545,0,,,,
ECC,Eagle Point Credit Co,0001604174,0,,,,
STG,Sunlands Technology Group,0001723935,0,,,,
ACCL,Acco Group Holdings Ltd,0002038378,0,,,,
GFAI,"Guardforce AI Co., Ltd.",0001804469,0,,,,
NVNI,Nvni Group Ltd,0001965143,0,,,,
COPAF,COPAUR MINERALS INC.,0001420049,0,,,,
ALPIB,ALPINE BANKS OF COLORADO,0000872716,0,,,,
WDI,Western Asset Diversified Income Fund (WDI),0001819559,0,,,,
GRNL,GREENLITE VENTURES INC,0001282571,0,-199794.0,0.0,164835.0,
CHOW,ChowChow Cloud International Holdings Ltd,0002041829,0,,,,
JBDI,JBDI Holdings Ltd,0001964314,0,,,,
COOT,Australian Oilseeds Holdings Ltd,0001959994,0,,,,
ALTUF,Altura Energy Corp.,0001977971,0,,,,
SEED,Origin Agritech LTD,0001321851,0,,,,
FRECF,Frequency Exchange Corp.,0001816133,0,,,,
IOTR,iOThree Ltd,0001997637,0,,,,
PETZ,"TDH Holdings, Inc.",0001684425,0,,,,
MTEX,MANNATECH INC,0001056358,0,-15213000.0,108038000.0,29993000.0,35216000.0
SLND,"Southland Holdings, Inc.",0001883814,0,-306540000.0,772168000.0,989280000.0,1121786000.0
AMSS,AMASS BRANDS,0001851491,0,,,,
PURE,"PURE BIOSCIENCE, INC.",0001006028,0,-2399000.0,2198000.0,1058000.0,6174000.0
INUV,"Inuvo, Inc.",0000829323,0,-5095518.0,86209305.0,24867850.0,
KLGDF,Kalo Gold Corp.,0001901931,0,,,,
MUA,"BLACKROCK MUNIASSETS FUND, INC.",0000901243,0,,,,
DLY,DoubleLine Yield Opportunities Fund,0001788399,0,,,,
EVO,Evotec SE,0001412558,0,,,,
CMGHF,CHAODA MODERN AGRICULTURE HOLDINGS LTD /FI,0001169760,0,,,,
ALAR,Alarum Technologies Ltd.,0001725332,0,,,,
BLRX,BioLineRx Ltd.,0001498403,0,,,,
NTZ,NATUZZI S P A,0000900391,0,,,,
TRUFF,Red Light Holland Corp.,0001836747,0,,,,
CPIVF,CAPTIVA VERDE WELLNESS CORP.,0001712294,0,,,,
SAGT,SAGTEC GLOBAL Ltd,0002029138,0,,,,
ENDMF,Enduro Metals Corp.,0001524326,0,,,,
RSMXF,Regency Silver Corp.,0001858994,0,,,,
JPOTF,Jackpot Digital Inc.,0001061612,0,,,,
ELECF,Electric Royalties Ltd.,0001817083,0,,,,
BON,Bon Natural Life Ltd,0001816815,0,,,,
PLUT,Plutus Financial Group Ltd,0001933021,0,,,,
EAXR,"Ealixir, Inc.",0000832370,0,,,,
BGDE,"Big Digital Energy, Inc.",0001218683,0,-23656569.0,39754085.0,57441666.0,60559457.0
MHUBF,MineHub Technologies Inc.,0001869137,0,,,,
WAVE,Eco Wave Power Global AB (publ),0001846715,0,,,,
ABLV,Able View Global Inc.,0001957489,0,,,,
AACG,ATA Creativity Global,0001420529,0,,,,
OP,OpenPayd Global Holdings Ltd,0002119416,0,,,,
GRF,"EAGLE CAPITAL GROWTH FUND, INC.",0000850027,0,,,,
MCAG,Mountain Crest Acquisition Corp. V,0001859035,0,-431161.0,,873566.0,3722462.0
MILIF,Military Metals Corp.,0001866460,0,,,,
SSYS,STRATASYS LTD.,0001517396,0,,,,
BIT,BlackRock Multi-Sector Income Trust,0001562818,0,,,,
CLWT,EURO TECH HOLDINGS CO LTD,0001026662,0,,,,
MTEK,Maris Tech Ltd.,0001872964,0,,,,
CLIK,Click Holdings Ltd.,0002020027,0,,,,
BIOT,INSTINCT BIO TECHNICAL CO HOLDINGS INC.,0002072188,0,,,,
LZMH,LZ Technology Holdings Ltd,0001967397,0,,,,
GDTC,CytoMed Therapeutics Ltd,0001873093,0,,,,
THH,TryHard Holdings Ltd,0002044241,0,,,,
ZEOX,"Zeo ScientifiX, Inc.",0001557376,0,-5521000.0,5199000.0,1527000.0,2950000.0
XERI,"XERIANT, INC.",0001481504,0,-1646898.0,79665.0,68219.0,8768682.0
KNRX,KNOREX LTD.,0001982960,0,,,,
BLDP,Ballard Power Systems Inc.,0001453015,0,,,,
IRWD,IRONWOOD PHARMACEUTICALS INC,0001446847,0,-2276000.0,94208000.0,396901000.0,
RA,Brookfield Real Assets Income Fund Inc.,0001655099,0,,,,
PINWF,Pinewood Technologies Group plc,0002059573,0,,,,
RVSN,Rail Vision Ltd.,0001743905,0,,,,
APHP,American Picture House Corp,0001771995,0,-534440.0,853017.0,1505916.0,1763463.0
PLAG,Planet Green Holdings Corp.,0001117057,0,-26975710.0,3040616.0,10209878.0,12379921.0
QH,QUHUO Ltd,0001781193,0,,,,
BCLI,BRAINSTORM CELL THERAPEUTICS INC.,0001137883,0,-10307000.0,,1022000.0,11007000.0
SPST,Superstar Platforms Inc.,0001192323,0,-335366.0,0.0,2817823.0,4113999.0
OBAI,"Our Bond, Inc.",0001756064,0,-10549000.0,9972000.0,2501000.0,13775000.0
MBAI,Check-Cap Ltd,0001610590,0,,,,
WBSR,Webstar Technology Group Inc.,0001645155,0,-1230235.0,6739.0,37985344.0,40292845.0
ASBP,"Aspire Biopharma Holdings, Inc.",0001847345,0,-24480848.0,6202.0,1312166.0,7688495.0
NZERF,New Zealand Energy Corp.,0001509705,0,,,,
XITO,"Xenous Holdings, Inc.",0001651932,0,-64456.0,0.0,0.0,903622.0
ALRTF,ALR Technologies SG Ltd.,0001930419,0,,,,
RAIN,"Rain Enhancement Technologies Holdco, Inc.",0002028293,0,-9091354.0,,1793174.0,14539172.0
CCG,Cheche Group Inc.,0001965473,0,,,,
AZZTF,Aztec Minerals Corp.,0001706404,0,,,,
GRVY,"GRAVITY Co., Ltd.",0001313310,0,,,,
BLW,BLACKROCK Ltd DURATION INCOME TRUST,0001233681,0,,,,
MEVO,M Evo Global Acquisition Corp II,0002087361,0,,,,
EIM,Eaton Vance Municipal Bond Fund,0001176984,0,,,,
REAX,Real Brokerage Inc,0001862461,0,,,,
GUG,Guggenheim Active Allocation Fund,0001864208,0,,,,
OWLS,OBOOK HOLDINGS INC.,0002025416,0,,,,
CMCL,Caledonia Mining Corp Plc,0000766011,0,,,,
CBAI,Coolbit Technologies Ltd,0002082729,0,,,,
NWGL,CL Workshop Group Ltd,0001948294,0,,,,
FCHDF,Fairchild Gold Corp.,0002048847,0,,,,
IGR,CBRE GLOBAL REAL ESTATE INCOME FUND,0001268884,0,,,,
LILIF,Argentina Lithium & Energy Corp.,0001689448,0,,,,
GMM,Global Mofy AI Ltd,0001913749,0,,,,
FFLO,"Free Flow USA, Inc.",0001543652,0,-192333.0,30000.0,207384.0,1361210.0
CEXYF,GIANT MINING CORP.,0001836503,0,,,,
GPMTF,GPM Metals Inc.,0001677084,0,,,,
GAUZ,Gauzy Ltd.,0001781446,0,,,,
CCOOF,CORE SILVER CORP.,0001853599,0,,,,
OST,"Ostin Technology Group Co., Ltd.",0001803407,0,,,,
INTI,"Inhibitor Therapeutics, Inc.",0001042418,0,-3300337.0,0.0,2511307.0,3803219.0
SUND,"Sundance Strategies, Inc.",0001171838,0,-1813964.0,204463.0,41484.0,7165506.0
MCUJF,MEDICURE INC,0001133519,0,,,,
SBDS,"Solo Brands, Inc.",0001870600,0,-111347000.0,316581000.0,360342000.0,
AEON,"AEON Biopharma, Inc.",0001837607,0,-39222000.0,,5560000.0,60587000.0
VSA,VisionSys AI Inc,0001592560,0,,,,
KXIN,Kaixin Holdings,0001713539,0,2257292.0,,210554208.0,
XWEL,"XWELL, Inc.",0001410428,0,-16991000.0,29210000.0,11217000.0,23797000.0
LOBO,LOBO TECHNOLOGIES LTD.,0001932072,0,,,,
ADIA,"Adia Nutrition, Inc.",0001160420,0,-395464.0,700508.0,594826.0,852500.0
BBBMF,Lux Metals Corp.,0001829809,0,,,,
LNAI,Lunai Bioworks Inc.,0001527728,0,-178007489.0,0.0,8230840.0,29580681.0
SFHG,SAMFINE CREATION HOLDINGS GROUP Ltd,0001926792,0,,,,
OCLN,"ORIGINCLEAR, INC.",0001419793,0,-18317292.0,6816843.0,5746408.0,26711626.0
ELOG,Eastern International Ltd.,0002013320,0,,,,
MARPS,MARINE PETROLEUM TRUST,0000062362,0,,,,
ECTM,ECA Marcellus Trust I,0001487798,0,,,,
MTWO,"M2i Global, Inc.",0001753373,0,-6492569.0,3400.0,487983.0,7535952.0
WLFFF,Wolfden Resources Corp,0001544883,0,,,,
DROR,"Dror Ortho-Design, Inc.",0001282980,0,-2544887.0,2568.0,258936.0,3132647.0
ISTKF,Intellistake Technologies Corp.,0001678748,0,,,,
SPMEF,South Pacific Metals Corp.,0002056030,0,,,,
SAGGF,Sterling Metals Corp.,0001727370,0,,,,
GPGCF,Great Pacific Gold Corp.,0001813241,0,,,,
INDO,Indonesia Energy Corp Ltd,0001757840,0,,,,
YAAS,Youxin Technology Ltd,0001964946,0,,,,
KPTI,Karyopharm Therapeutics Inc.,0001503802,0,-196039000.0,146067000.0,108416000.0,401342000.0
ARBK,Argo Blockchain Plc,0001841675,0,,,,
TVGN,Tevogen Inc.,0001860871,0,-26275432.0,,4382994.0,12617720.0
EUDA,EUDA Health Holdings Ltd,0001847846,0,-24884122.0,9840709.0,25629040.0,29136071.0
ZCRMF,Golden Cross Resources Inc.,0001425061,0,,,,
PMA,Ming Shing Group Holdings Ltd,0001956166,0,,,,
LHSW,Lianhe Sowell International Group Ltd,0002004024,0,,,,
TAOP,Taoping Inc.,0001552670,0,,,,
TDIC,Dreamland Ltd,0002041338,0,,,,
APMCF,MORIEN RESOURCES CORP.,0001628935,0,,,,
SNTW,Summit Networks Inc.,0001619096,0,-331073.0,11797.0,116849.0,217866.0
SUNE,"SUNation Energy, Inc.",0000022701,0,-10892833.0,71905527.0,48244120.0,
PHAT,"Phathom Pharmaceuticals, Inc.",0001783183,0,-221247000.0,175110000.0,259149000.0,697318000.0
KRNT,Kornit Digital Ltd.,0001625791,0,,,,
TBLD,Thornburg Income Builder Opportunities Trust,0001820378,0,,,,
IMRN,Immuron Ltd,0001660046,0,,,,
LIMX,Limitless X Holdings Inc.,0001803977,0,-46117603.0,339180.0,183516.0,4462287.0
GULTU,Gulf Coast Ultra Deep Royalty Trust,0001565146,0,,,,
BNET,BION ENVIRONMENTAL TECHNOLOGIES INC,0000875729,0,-2379924.0,3658.0,29233.0,7126418.0
VNTXF,FORTE GROUP HOLDINGS INC.,0001754180,0,,,,
INEO,INNEOVA Holdings Ltd,0001933951,0,,,,
TRIB,TRINITY BIOTECH PLC,0000888721,0,,,,
SOPH,SOPHiA GENETICS SA,0001840706,0,,,,
GMRS,GMR Solutions Inc.,0001898718,0,,,,
NIE,Virtus Equity & Convertible Income Fund,0001383441,0,,,,
NFGC,New Found Gold Corp.,0001840616,0,,,,
PFN,PIMCO Income Strategy Fund II,0001296250,0,,,,
UEEC,"United Health Products, Inc.",0001096938,0,-2669348.0,0.0,316698.0,4193149.0
SKTG,SKYTECH ORION GLOBAL CORP.,0001498067,0,-1917000.0,0.0,1211000.0,5468000.0
CCTG,CCSC Technology International Holdings Ltd,0001931717,0,,,,
SOAR,"Volato Group, Inc.",0001853070,0,5173000.0,0.0,11954000.0,13803000.0
PCMC,PUBLIC CO MANAGEMENT CORP,0001141964,0,-103817.0,,267642.0,474803.0
JCSE,JE Cleantech Holdings Ltd,0001905511,0,,,,
EVGN,Evogene Ltd.,0001574565,0,,,,
BGL,Blue Gold Ltd,0002019435,0,,,,
KBSX,FST Corp.,0002014254,0,,,,
VEEA,VEEA INC.,0001840317,0,-6660038.0,222018.0,28220625.0,37972505.0
TRGXF,Terra Rossa Gold Ltd.,0001861479,0,,,,
TRGEF,Targa Exploration Corp.,0001989815,0,,,,
NAMI,Jinxin Technology Holding Co,0001967631,0,,,,
DKI,DarkIris Inc.,0002058584,0,,,,
CRWE,"Crown Equity Holdings, Inc.",0001103833,0,-113464.0,777.0,8572.0,322634.0
CGTL,Creative Global Technology Holdings Ltd,0001967822,0,,,,
HAMRF,SILVER HAMMER MINING CORP,0001868866,0,,,,
OMH,Ohmyhome Ltd,0001944902,0,,,,
YNVYF,YNVISIBLE INTERACTIVE INC.,0001427728,0,,,,
MGNC,Mag Magna Corp,0001949864,0,-52254.0,49905.0,144297.0,227595.0
HCAI,"Huachen AI Parking Management Technology Holding Co., Ltd",0001958399,0,,,,
AMLM,"AMERICAN LITHIUM MINERALS, INC.",0001356371,0,,,,
OCS,Oculis Holding AG,0001953530,0,,,,
RVI,Robinhood Ventures Fund I,0002085091,0,,,,
DEVSF,DevvStream Corp.,0001854480,0,-12067231.0,25794.0,11871295.0,31464840.0
SLMT,Brera Holdings PLC,0001939965,0,,,,
SQNS,SEQUANS COMMUNICATIONS,0001383395,0,,,,
FNUC,Frontier Nuclear & Minerals Inc.,0001769697,0,,,,
HUYA,HUYA Inc.,0001728190,0,,,,
FTHY,FIRST TRUST HIGH YIELD OPPORTUNITIES 2027 TERM FUND,0001810523,0,,,,
CMDB,Costamare Bulkers Holdings Ltd,0002033535,0,,,,
KMDA,KAMADA LTD,0001567529,0,,,,
BTQ,BTQ Technologies Corp.,0001821866,0,,,,
IFN,"ABERDEEN INDIA FUND, INC.",0000917100,0,,,,
TATT,TAT TECHNOLOGIES LTD,0000808439,0,,,,
UK,Ucommune International Ltd,0001821424,0,,,,
VPRB,"VPR Brands, LP.",0001376231,0,-1196184.0,3615987.0,1593684.0,2071589.0
GLE,Global Engine Group Holding Ltd,0001908705,0,,,,
CBLO,"C2 Blockchain, Inc.",0001882781,0,-235265.0,185.0,75551.0,84000.0
TBLLF,Tombill Mines Ltd,0001854257,0,,,,
TKLF,"Tokyo Lifestyle Co., Ltd.",0001836242,0,,,,
TRRFF,TRIFECTA GOLD LTD,0001713979,0,,,,
JYD,Jayud Global Logistics Ltd,0001938186,0,,,,
ICCM,IceCure Medical Ltd.,0001584371,0,,,,
AIM,AIM ImmunoTech Inc.,0000946644,0,-13958000.0,88000.0,5782000.0,15565000.0
FEBO,Fenbo Holdings Ltd,0001957001,0,,,,
IFBD,"Infobird Co., Ltd",0001815566,0,,,,
GFTFF,Grafton Resources Inc.,0002103596,0,,,,
BCUFF,Bell Copper Corp,0001477201,0,,,,
GWTI,"GREENWAY TECHNOLOGIES, INC. & SUBSIDIARIES",0001572386,0,-1957734.0,,46753.0,9947425.0
ASC,Ardmore Shipping Corp,0001577437,0,,,,
OFRM,"Once Upon a Farm, PBC",0001696556,0,,,,
CEVA,CEVA INC,0001173489,0,-10638000.0,87507000.0,388256000.0,
UZX,Linkage Global Inc,0001969401,0,,,,
HLYK,HealthLynked Corp,0001680139,0,-3280254.0,3008361.0,1702346.0,7464197.0
LSEB,LSEB Creative Corp.,0001888740,0,-59985.0,17906.0,180500.0,
YMAT,"J-Star Holding Co., Ltd.",0001875016,0,,,,
DTSS,Datasea Intelligent Technology Ltd.,0002110423,0,,,,
BICX,BioCorRx Inc.,0001443863,0,-3440146.0,797244.0,2147212.0,13674200.0
MMTIF,MICROMEM TECHNOLOGIES INC,0001085921,0,,,,
MRM,Medirom Healthcare Technologies Inc.,0001819704,0,,,,
VYND,"Vynleads, Inc.",0001745078,0,-255066.0,0.0,53709.0,406140.0
BMGL,Basel Medical Group Ltd,0002004489,0,,,,
ARBB,ARB IOT Group Ltd,0001930179,0,,,,
NMEX,NORTHERN MINERALS & EXPLORATION LTD.,0001415744,0,-383612.0,0.0,162265.0,385613.0
INNPF,INNOCAN PHARMA Corp,0001889791,0,,,,
LOT,Lotus Technology Inc.,0001962746,0,,,,
TGE,Generation Essentials Group,0002053456,0,,,,
BRAG,Bragg Gaming Group Inc.,0001867834,0,,,,
BHST,BIOHARVEST SCIENCES INC.,0001723464,0,,,,
NA,Nano Labs Ltd,0001872302,0,,,,
MKDW,MKDWELL Tech Inc.,0001991332,0,,,,
VRHI,"Veri MedTech Holdings, Inc.",0002078149,0,,,,
AIOS,AIOS Tech Inc.,0001603993,0,,,,
ZKH,ZKH Group Ltd,0001862044,0,,,,
EPRX,EUPRAXIA PHARMACEUTICALS INC.,0001581178,0,,,,
GMTL,Guardian Metal Resources PLC,0002039972,0,,,,
RACE,Ferrari N.V.,0001648416,0,,,,
BAK,BRASKEM SA,0001071438,0,,,,
HXHX,Haoxin Holdings Ltd,0001936817,0,,,,
AITTF,TRENCHANT TECHNOLOGIES CAPITAL CORP.,0001520556,0,,,,
TRLEF,Trillion Energy International Inc.,0001648636,0,-3533284.0,2584266.0,6487261.0,7929696.0
AMST,Amesite Inc.,0001807166,0,-3617086.0,110459.0,3097099.0,
KLYG,"Kelyniam Global, Inc.",0001372114,0,,,,
ONEI,OneMeta Inc.,0001388295,0,-3839617.0,65830.0,123780.0,4431863.0
CHAI,"Core AI Holdings, Inc.",0001649009,0,,,,
EDHL,Everbright Digital Holding Ltd.,0002024876,0,,,,
MTEN,Mingteng International Corp Inc.,0001948099,0,,,,
SERPY,Top End Energy Ltd/ADR,0002075349,0,,,,
AEHL,Antelope Enterprise Holdings Ltd,0001470683,0,,,,
URZEF,URZ3 ENERGY CORP.,0001398713,0,,,,
KDK,"Kodiak AI, Inc.",0001853138,0,-585525000.0,3797000.0,159407000.0,219274000.0
CMHSF,COMPREHENSIVE HEALTHCARE SYSTEMS INC. (CANADA),0001889352,0,,,,
SDST,Stardust Power Inc.,0001831979,0,-15723636.0,,11775292.0,17588975.0
CUPR,Cuprina Holdings (Cayman) LTD,0001995704,0,,,,
BQ,Boqii Holding Ltd,0001815021,0,,,,
ITOC,iTonic Holdings Ltd,0001970544,0,,,,
SVRE,SaverOne 2014 Ltd.,0001894693,0,,,,
GNVR,Genvor Inc,0001792941,0,-5589041.0,0.0,45822.0,1358204.0
SWRD,"Stewards, Inc.",0001795851,0,,,,
ISOU,IsoEnergy Ltd.,0001997377,0,,,,
THSGF,THESIS GOLD INC.,0001832803,0,,,,
AAC,Ares Acquisition Corp III,0002128115,0,,,,
TKOMY,"TOKIO MARINE HOLDINGS, INC.",0001169486,0,,,,
B,BARRICK MINING CORP,0000756894,0,,,,
NTES,"NetEase, Inc.",0001110646,0,,,,
SU,SUNCOR ENERGY INC,0000311337,0,,,,
E,ENI SPA,0001002242,0,,,,
RITR,Reitar Logtech Holdings Ltd,0001951229,0,,,,
CANF,Can-Fite BioPharma Ltd.,0001536196,0,,,,
BGI,BIRKS GROUP INC.,0001179821,0,,,,
THURF,Thunderstruck Resources Ltd.,0001536811,0,,,,
TWOH,Two Hands Corp,0001494413,0,-484854.0,0.0,318628.0,2264701.0
XTLB,XTL BIOPHARMACEUTICALS LTD,0001023549,0,,,,
CRTD,"Creatd, Inc.",0001357671,0,-32293271.0,4796474.0,4819749.0,17322948.0
IMIMF,Interra Copper Corp.,0001866146,0,,,,
AIXN,"AiXin Life International, Inc.",0000835662,0,-2042463.0,665788.0,3200974.0,9769725.0
SYNX,Silynxcom Ltd.,0001976443,0,,,,
CEIN,"CAMBER ENERGY, INC.",0001309082,0,-4408495.0,6229335.0,19839460.0,63208182.0
ORESF,Orestone Mining Corp.,0001481857,0,,,,
ILAG,Intelligent Living Application Group Inc.,0001814963,0,,,,
LTHIF,InZinc Mining Ltd.,0001364252,0,,,,
AQB,AQUABOUNTY TECHNOLOGIES INC,0001603978,0,-18490487.0,2472659.0,10343593.0,12234518.0
AIDX,"20/20 Biolabs, Inc.",0001139685,0,-3738821.0,2045133.0,4137357.0,4156582.0
NIKI,"Niki BioSolutions, Inc.",0001734005,0,,,,
RWAX,"TAP REAL ESTATE TECHNOLOGIES, INC.",0001119190,0,-15973496.0,0.0,1355576.0,4225990.0
LIMN,"Liminatus Pharma, Inc.",0001971387,0,-10206517.0,,512795.0,10327485.0
WAFU,Wah Fu Education Group Ltd,0001716770,0,,,,
INTJ,Intelligent Group Ltd,0001916416,0,,,,
RMT,"ROYCE MICRO-CAP TRUST, INC.",0000912147,0,,,,
FFC,Flaherty & Crumrine PREFERRED & INCOME SECURITIES FUND INC,0001174164,0,,,,
OBE,OBSIDIAN ENERGY LTD.,0001334388,0,,,,
DRUG,BRIGHT MINDS BIOSCIENCES INC.,0001827401,0,,,,
NBLXF,Noble Plains Uranium Corp.,0001813419,0,,,,
DLXY,Delixy Holdings Ltd,0002025218,0,,,,
HVGDF,HARVEST GOLD CORP,0000921968,0,,,,
ZBAO,Zhibao Technology Inc.,0001966750,0,,,,
GLXG,Galaxy Payroll Group Ltd,0001905920,0,,,,
DXST,Decent Holding Inc.,0001958133,0,,,,
MMTRS,MILLS MUSIC TRUST,0000066496,0,,,,
USPCY,China Strategic Technology Group Limited/ADR,0001939479,0,,,,
NSRX,Nasus Pharma Ltd,0002029039,0,,,,
FASLF,First Andes Silver Ltd.,0001731854,0,,,,
KRKR,36Kr Holdings Inc.,0001779476,0,,,,
AGRZ,Agroz Inc.,0002009233,0,,,,
UUUFF,Recharge Resources Ltd.,0002056751,0,,,,
ZCMD,Zhongchao Inc.,0001785566,0,,,,
MEGL,Magic Empire Global Ltd,0001881472,0,,,,
NIOMF,First American Uranium Inc.,0001937453,0,,,,
ZSPC,"zSpace, Inc.",0001637147,0,-25388000.0,27858000.0,7586000.0,30094000.0
JWEL,Jowell Global Ltd.,0001805594,0,,,,
CYDX,"CYduct Diagnostics, Inc.",0001388994,0,,,,
TRBMF,TORQ RESOURCES INC.,0001406944,0,,,,
BTTC,Black Titan Corp,0002034400,0,,,,
NCNA,NuCana plc,0001709626,0,,,,
PMHS,"Polomar Health Services, Inc.",0001265521,0,-10701105.0,648231.0,390043.0,1612372.0
GILT,GILAT SATELLITE NETWORKS LTD,0000897322,0,,,,
MEGI,NYLI CBRE Global Infrastructure Megatrends Term Fund,0001855066,0,,,,
IPX,IPERIONX Ltd,0001898601,0,,,,
HSHP,Himalaya Shipping Ltd.,0001959455,0,,,,
PMNT,Perfect Moment Ltd.,0001849221,0,-7131000.0,23603000.0,12228000.0,12914000.0
CLGN,CollPlant Biotechnologies Ltd,0001631487,0,,,,
NWG,NatWest Group plc,0000844150,0,,,,
PTLE,PTL Ltd,0002016337,0,,,,
ESAUF,ESGold Corp.,0001657800,0,,,,
SMOFF,Sonoro Gold Corp.,0001538189,0,,,,
PHOE,Phoenix Asia Holdings Ltd,0002035709,0,,,,
VIOT,"Viomi Technology Co., Ltd",0001742770,0,,,,
ALPS,Alps Group Inc,0002025774,0,,,,
VIDA,VIDA Global Inc.,0001973062,0,,,,
ATYR,aTYR PHARMA INC,0001339970,0,-74118000.0,190000.0,93003000.0,
AHG,Akso Health Group,0001702318,0,,,,
YSWY,"Yesway, Inc.",0001859836,0,,,,
FBGL,FBS Global Ltd,0001938534,0,,,,
ORKT,ORANGEKLOUD TECHNOLOGY INC.,0001979407,0,,,,
SPTY,"SPECIFICITY, INC.",0001840102,0,-473147.0,1087950.0,1555398.0,2143656.0
RMSG,Real Messenger Corp,0001983324,0,,,,
BRGX,"BIOREGENX, INC.",0001593184,0,-1543569.0,1854513.0,410986.0,4948240.0
MHUAF,"Meihua International Medical Technologies Co., Ltd.",0001835615,0,,,,
SPHL,SPRINGVIEW HOLDINGS LTD,0002002236,0,,,,
BCAB,"BioAtla, Inc.",0001826892,0,-59607000.0,300000.0,13828000.0,50017000.0
GELS,Gelteq Ltd,0001920092,0,,,,
RIME,"Algorhythm Holdings, Inc.",0000923601,0,-15871000.0,23494000.0,12724000.0,14584000.0
VVOS,"Vivos Therapeutics, Inc.",0001716166,0,-21170000.0,17443000.0,25152000.0,26702000.0
HNOI,"HNO International, Inc.",0001342916,0,-6615496.0,65561.0,1731020.0,3360970.0
EUEMF,European Energy Metals Corp.,0001993599,0,,,,
SVBL,"SILVER BULL RESOURCES, INC.",0001031093,0,-13103006.0,,1531359.0,8436970.0
CHNR,CHINA NATURAL RESOURCES INC,0000793628,0,,,,
POAS,PHAOS TECHNOLOGY HOLDINGS (CAYMAN) Ltd,0002024258,0,,,,
BRQL,DYNAMIC AEROSPACE SYSTEMS Corp,0001854526,0,-7790924.0,0.0,13306667.0,
YDKG,Yueda Digital Holding,0001413745,0,,,,
WLDS,Wearable Devices Ltd.,0001887673,0,,,,
GLNS,Golden Star Resource Corp.,0001375348,0,-17605.0,0.0,2945.0,891112.0
LGHL,Lion Group Holding Ltd,0001806524,0,,,,
RSKD,RISKIFIED LTD.,0001851112,0,,,,
GRPN,"Groupon, Inc.",0001490281,0,-83520000.0,612316000.0,670406000.0,712796000.0
CSHR,CoinShares PLC,0002087587,0,,,,
SMWB,SIMILARWEB LTD.,0001842731,0,,,,
CRESY,CRESUD INC,0001034957,0,,,,
MQY,"BLACKROCK MUNIYIELD QUALITY FUND, INC.",0000890196,0,,,,
GOOS,Canada Goose Holdings Inc.,0001690511,0,,,,
PEO,"ADAMS NATURAL RESOURCES FUND, INC.",0000216851,0,,,,
VLRS,"Controladora Vuela Compania de Aviacion, S.A.B. de C.V.",0001520504,0,,,,
GROY,Gold Royalty Corp.,0001834026,0,,,,
ASGI,abrdn Global Infrastructure Income Fund,0001793855,0,,,,
CRE,Cre8 Enterprise Ltd,0002003977,0,,,,
ILXP,ECOMINAS CORP.,0001115864,0,,,,
LCFY,Locafy Ltd,0001875547,0,,,,
VNRX,VOLITIONRX LTD,0000093314,0,-23357027.0,1727384.0,6901227.0,42494038.0
ALDS,APPlife Digital Solutions Inc,0001755101,0,-997763.0,315130.0,2832751.0,3644529.0
LESL,"Leslie's, Inc.",0001821806,0,-236970000.0,1241915000.0,741475000.0,1149467000.0
CNEY,CN ENERGY GROUP. INC.,0001780785,0,,,,
PRTH,"Priority Technology Holdings, Inc.",0001653558,0,-7169000.0,98183000.0,464505000.0,585194000.0
LABT,Lakewood-Amedex Biotherapeutics Inc.,0002079272,0,,,,
AGMH,"AGM GROUP HOLDINGS, INC.",0001705402,0,,,,
MLEC,Moolec Science SA,0001937737,0,,,,
TCRI,"TechCom, Inc.",0001481443,0,-53488.0,0.0,939.0,308851.0
CYAB,"CYABRA, INC.",0002032341,0,-156348.0,,,
MSGY,Masonglory Ltd,0002020228,0,,,,
PWDY,"POWERDYNE INTERNATIONAL, INC.",0001435617,0,-19808.0,1160976.0,341923.0,846877.0
OBULF,One Bullion Ltd,0001927026,0,,,,
LYTHF,Lytus Technologies Holdings PTV. Ltd.,0001816319,0,,,,
TANH,TANTECH HOLDINGS LTD,0001588084,0,,,,
NVSGF,Nevada Sunrise Metals Corp.,0001415758,0,,,,
WOK,WORK Medical Technology Group LTD,0001929783,0,,,,
JZ,Jianzhi Education Technology Group Co Ltd,0001852440,0,,,,
HYFM,"HYDROFARM HOLDINGS GROUP, INC.",0001695295,0,-289790000.0,134252000.0,123804000.0,187100000.0
SUPV,Grupo Supervielle S.A.,0001517399,0,,,,
VEST,Loan Artificial Intelligence Corp.,0001594968,0,-79336.0,0.0,0.0,189706.0
HLEO,Helio Corp /FL/,0001953988,0,-4030471.0,3875793.0,1306616.0,5366754.0
PRSI,PORTSMOUTH SQUARE INC,0000079661,0,-9110000.0,59881000.0,46920000.0,171040000.0
QTEX,QTREX Quantum Ltd.,0001837493,0,,,,
NGG,NATIONAL GRID PLC,0001004315,0,,,,
GSKRF,FIRST NORDIC METALS CORP.,0001944955,0,,,,
MGMNF,MAGNA MINING INC.,0001965615,0,,,,
SWMR,"Swarmer, Inc",0002092574,0,,,,
PWRL,Powerlaw Corp.,0002052053,0,,,,
ZOOZ,ZOOZ Strategy Ltd.,0001992818,0,,,,
DSWL,DESWELL INDUSTRIES INC,0000946936,0,,,,
F,FORD MOTOR CO,0000037996,0,,,,
JMIA,Jumia Technologies AG,0001756708,0,,,,
AUMN,Golden Minerals Co,0001011509,0,-7600000.0,12002000.0,4816000.0,6918000.0
FRSX,Foresight Autonomous Holdings Ltd.,0001691221,0,,,,
CCHH,CCH Holdings Ltd,0002074123,0,,,,
INLF,INLIF Ltd,0001991592,0,,,,
SNTG,Sentage Holdings Inc.,0001810467,0,,,,
GCDT,Green Circle Decarbonize Technology Ltd,0001926293,0,,,,
STFS,Star Fashion Culture Holdings Ltd,0002003061,0,,,,
ADXN,Addex Therapeutics Ltd.,0001574232,0,,,,
CMBMF,Cambium Networks Corp,0001738177,0,-38538000.0,159645000.0,137141000.0,173089000.0
MTR,MESA ROYALTY TRUST/TX,0000313364,0,,,,
CRCW,Crypto Co,0001688126,0,-1981127.0,207938.0,220999.0,6319522.0
VMAR,Vision Marine Technologies Inc.,0001813783,0,,,,
EEIQ,EpicQuest Education Group International Ltd,0001781397,0,,,,
WBUY,WEBUY GLOBAL LTD,0001946703,0,,,,
ZPHYF,ZEPHYR MINERALS LTD.,0001613979,0,,,,
FWFW,"FLYWHEEL ADVANCED TECHNOLOGY, INC.",0001492617,0,-5533146.0,1448176.0,5825.0,936737.0
WYGC,Wenyuan Group Corp.,0000723533,0,-639043.0,24627.0,74556.0,86624.0
HUBC,Hub Cyber Security Ltd.,0001905660,0,,,,
MASK,3 E Network Technology Group Ltd,0001993097,0,,,,
JAGX,"Jaguar Health, Inc.",0001585608,0,-53575000.0,11511000.0,38323000.0,57011000.0
GHST,GHST World Inc.,0001121795,0,-182848.0,60469.0,2518.0,
ZHDM,Ainnova Tech,0001950209,0,,,,
SONM,"DNA X, Inc.",0001178697,0,-20657000.0,58298000.0,43898000.0,50625000.0
CPOP,"Pop Culture Group Co., Ltd",0001807389,0,,,,
THQ,abrdn Healthcare Opportunities Fund,0001604522,0,,,,
CVE,CENOVUS ENERGY INC.,0001475260,0,,,,
AU,AngloGold Ashanti PLC,0001973832,0,,,,
MT,ArcelorMittal,0001243429,0,,,,
SABOF,Sabio Holdings Inc.,0001896752,0,,,,
DFSC,DEFSEC Technologies Inc.,0001889823,0,,,,
PHAR,Pharming Group N.V.,0001828316,0,,,,
ENRD,Einride AB,0002095096,0,,,,
EOI,Eaton Vance Enhanced Equity Income Fund,0001300391,0,,,,
AZI,Autozi Internet Technology (Global) Ltd.,0001959726,0,,,,
BITTF,BITTERROOT RESOURCES LTD,0001028357,0,,,,
PAVS,Paranovus Entertainment Technology Ltd.,0001751876,0,,,,
TOPS,TOP SHIPS INC.,0001296484,0,,,,
BMXI,BROOKMOUNT EXPLORATIONS INC,0001122993,0,,,,
LVRLF,CordovaCann Corp.,0001168981,0,,,,
XCRT,"Xcelerate, Inc.",0001138586,0,,,,
MAGE,MAGELLAN COPPER & GOLD Corp,0001515317,0,-432025.0,123955.0,10497.0,2103757.0
LOMLF,Lion One Metals Ltd.,0001509397,0,,,,
MEDS,"DataMeds AI, Inc.",0002030763,0,-101274530.0,23337860.0,30459449.0,42907250.0
CUEN,Cuentas Inc.,0001424657,0,-1571000.0,676000.0,962000.0,4910000.0
GLMD,Galmed Pharmaceuticals Ltd.,0001595353,0,,,,
EHGO,EShallGo Inc.,0001879754,0,,,,
SURG,"SurgePays, Inc.",0001392694,0,-36068870.0,56962920.0,8515846.0,23918665.0
KRTL,KRTL Holding Group Inc,0001288614,0,,,,
ABTS,Abits Group Inc,0001864055,0,,,,
SPRC,SciSparc Ltd.,0001611746,0,,,,
HIHO,HIGHWAY HOLDINGS LTD,0001026785,0,,,,
WCT,Wellchange Holdings Co Ltd,0001990251,0,,,,
KIQSF,KELSO TECHNOLOGIES INC,0001161814,0,,,,
NTRX,"Entrex Carbon Market, Inc.",0001363598,0,,,,
JUNS,"JUPITER NEUROSCIENCES, INC.",0001679628,0,-8644897.0,21796.0,5564030.0,7395882.0
BTGO,"BITGO HOLDINGS, INC.",0001740604,0,,,,
EGMCF,EMERGENT METALS CORP.,0001199392,0,,,,
VERTF,Vertiqal Studios Corp.,0001178526,0,,,,
STME,Stimcell Energetics Inc.,0001493712,0,-697379.0,0.0,21222.0,1267508.0
FMFC,Kandal M Venture Ltd,0002024656,0,,,,
BUUU,BUUU Group Ltd,0002047273,0,,,,
NMG,Nouveau Monde Graphite Inc.,0001649752,0,,,,
BLSM,"BlossomHill Therapeutics, Inc.",0001839970,0,,,,
CINT,CI&T Inc,0001868995,0,,,,
GHY,"PGIM Global High Yield Fund, Inc.",0001554697,0,,,,
MFI,mF International Ltd,0001940941,0,,,,
NMAI,Nuveen Multi-Asset Income Fund,0001861115,0,,,,
ITMSF,INTERMAP TECHNOLOGIES CORP,0001285170,0,,,,
STKE,SOL Strategies Inc.,0001846839,0,,,,
MDAI,"Spectral AI, Inc.",0001833498,0,-7571000.0,19650000.0,21405000.0,27132000.0
TGNT,"Totaligent, Inc.",0000846377,0,-600046.0,2248.0,206467.0,2370734.0
UPC,Universe Pharmaceuticals INC,0001809616,0,,,,
SUGP,SU Group Holdings Ltd,0001969863,0,,,,
SRCO,"SPARTA COMMERCIAL SERVICES, INC.",0000318299,0,-2853618.0,601832.0,161734.0,12459845.0
VIIQ,VisitIQ Corp.,0001470129,0,-7964810.0,2635730.0,2979606.0,112226950.0
STKH,Steakholder Foods Ltd.,0001828098,0,,,,
YYGH,YY Group Holding Ltd.,0001985337,0,,,,
SSM,Sono Group N.V.,0001840416,0,,,,
PGOL,PATRIOT GOLD CORP,0001080448,0,-1879452.0,0.0,179103.0,
EJH,E-Home Household Service Holdings Ltd,0001769768,0,,,,
ROIUF,Route1 Inc.,0001736289,0,,,,
VIVS,"VivoSim Labs, INC.",0001497253,0,-13843000.0,1105000.0,7386000.0,8485000.0
HGTXU,HUGOTON ROYALTY TRUST,0000862022,0,,,,
LBSR,LIBERTY STAR URANIUM & METALS CORP.,0001172178,0,-1243521.0,0.0,312869.0,762724.0
FAMI,"Farmmi, Inc.",0001701261,0,,,,
INEOF,INEO Tech Corp.,0002099727,0,,,,
NTCL,NetClass Technology Inc,0001927578,0,,,,
RUBI,Rubico Inc.,0001943421,0,,,,
TOGI,"TurnOnGreen, Inc.",0001349706,0,-2113000.0,7228000.0,3227000.0,11069000.0
TUTH,Standard Dental Labs Inc.,0001178660,0,,,,
OCG,Oriental Culture Holding LTD,0001776067,0,,,,
VRRCF,VR Resources Ltd.,0001717695,0,,,,
ALP,Alpha Compute Corp,0001095435,0,,,,
ICON,Icon Energy Corp,0001995574,0,,,,
CPMV,Mosaic ImmunoEngineering Inc.,0000836564,0,-687846.0,,19882.0,7495902.0
BUDZ,"WEED, INC.",0001393772,0,-1372206.0,0.0,559906.0,1248267.0
RDHL,RedHill Biopharma Ltd.,0001553846,0,,,,
AWLIF,Ameriwest Critical Metals Inc.,0001866034,0,,,,
LXEH,Lixiang Education Holding Co. Ltd.,0001814067,0,,,,
XRTX,XORTX Therapeutics Inc.,0001729214,0,,,,
PUBC,Purebase Corp,0001575858,0,-2279704.0,564296.0,224721.0,1153690.0
CPCPF,CopperCorp Resources Inc.,0001868050,0,,,,
STEM,"STEM, INC.",0001758766,0,-124054000.0,156266000.0,308887000.0,557946000.0
AURX,"Nuo Therapeutics, Inc.",0001091596,0,-2512216.0,721045.0,1845662.0,2802221.0
RDEXF,RPX Gold Inc.,0001856082,0,,,,
FMY,FIRST TRUST MORTGAGE INCOME FUND,0001319183,0,,,,
ALSAF,Alpha Star Acquisition Corp,0001865111,0,-847048.0,,724387.0,2972100.0
QNC,Quantum eMotion Corp,0002106613,0,,,,
GGR,Gogoro Inc.,0001886190,0,,,,
PXS,Pyxis Tankers Inc.,0001640043,0,,,,
NCEW,New Century Logistics (BVI) Ltd,0001968043,0,,,,
AVCRF,Avricore Health Inc.,0001355736,0,,,,
ABCFF,ABACUS MINING & EXPLORATION CORP,0001284237,0,,,,
CNFN,CFN Enterprises Inc.,0001352952,0,-6500238.0,36297.0,1230330.0,24938269.0
RECX,"Recreatives Industries, Inc.",0002126221,0,,,,
GPUSF,Alset Capital Inc.,0001708160,0,,,,
BTOG,BIT ORIGIN Ltd,0001735556,0,,,,
KWIK,"KwikClick, Inc.",0001884164,0,-1316827.0,1287477.0,868764.0,4081355.0
PLTYF,"Plastec Technologies, Ltd.",0001433309,0,,,,
VSME,VS MEDIA Holdings Ltd,0001951294,0,,,,
GRHI,"GOLD ROCK HOLDINGS, INC.",0000894501,0,-180564.0,211500.0,152121.0,154431.0
NIVF,NewGenIvf Group Ltd,0001981662,0,,,,
YALA,Yalla Group Ltd,0001794350,0,,,,
CAZGF,Catapult Group International Ltd,0002074220,0,,,,
MOMO,Hello Group Inc.,0001610601,0,,,,
ADSE,Ads-Tec Energy Public Ltd Co,0001879248,0,,,,
KCRD,"Kindcard, Inc.",0001696025,0,-210436.0,365708.0,51413.0,1169622.0
CDTG,CDT Environmental Technology Investment Holdings Ltd,0001793895,0,,,,
CETI,"Cyber Enviro-Tech, Inc.",0001935092,0,-7640973.0,23649.0,1989348.0,5090572.0
FMHS,"FARMHOUSE, INC. /NV",0001811999,0,-393266.0,623.0,57163.0,2731592.0
RDGT,Ridgetech Inc.,0001856084,0,,,,
EMMA,"Emmaus Life Sciences, Inc.",0000822370,0,-7492000.0,12453000.0,21436000.0,85044000.0
SYGCF,Sylla Gold Corp.,0001917817,0,,,,
ACUT,Accustem Sciences Inc.,0001850767,0,-1756096.0,,1549446.0,4951071.0
PPBT,PURPLE BIOTECH LTD.,0001614744,0,,,,
AITX,Artificial Intelligence Technology Solutions Inc.,0001498148,0,-14510251.0,1331956.0,9302228.0,61965374.0
JEM,707 Cayman Holdings Ltd.,0002018222,0,,,,
OVTZ,OCULUS INC.,0001107280,0,-319139.0,0.0,32195.0,
CHSN,Chanson International Holding,0001825349,0,,,,
BRNX,BRENX LTD.,0001901215,0,,,,
GSUN,Golden Sun Technology Group Ltd.,0001826376,0,,,,
MFON,MOBIVITY HOLDINGS CORP.,0001447380,0,-10232898.0,8174884.0,2558436.0,19722698.0
PRFX,PRF Technologies Ltd.,0001801834,0,,,,
ARTL,"ARTELO BIOSCIENCES, INC.",0001621221,0,-12879000.0,,2801000.0,4073000.0
BEWFF,BEWHERE HOLDINGS INC,0001113152,0,,,,
VYCO,VYCOR MEDICAL INC,0001424768,0,-72426.0,1384971.0,830420.0,4917299.0
BYAH,"Park Ha Biological Technology Co., Ltd.",0001986247,0,,,,
SSEBF,SILVER SPRUCE RESOURCES INC.,0001771039,0,,,,
RAYA,Erayak Power Solution Group Inc.,0001825875,0,,,,
CRUCF,Colibri Resource Corp,0001734427,0,,,,
BIXT,"BIOXYTRAN, INC",0001445815,0,-2123077.0,191077.0,658552.0,3249894.0
CMND,Clearmind Medicine Inc.,0001892500,0,,,,
ALDA,ATLANTICA INC,0001062506,0,-424290.0,0.0,0.0,6072120.0
VYST,Vystar Corp,0001308027,0,-1531658.0,342049.0,452450.0,5840162.0
QWTR,"Quest Water Global, Inc.",0001487091,0,-757611.0,150000.0,1533.0,2406693.0
IZM,ICZOOM Group Inc.,0001854572,0,,,,
ATMH,"ALL THINGS MOBILE ANALYTIC, INC.",0001484674,0,-71671.0,,,509946.0
CSDX,CS DIAGNOSTICS CORP.,0001106861,0,,,,
CASIF,"CASI Pharmaceuticals, Inc.",0001962738,0,,,,
GVH,Globavend Holdings Ltd,0001978527,0,,,,
DEFG,Grayscale Decentralized Finance (DeFi) Fund LLC,0001874907,0,,,,
SLAIY,SOLAI Ltd,0001517496,0,,,,
EZGO,EZGO Technologies Ltd.,0001806904,0,,,,
SOGP,Sound Group Inc.,0001783407,0,,,,
OMEX,ODYSSEY MARINE EXPLORATION INC,0000798528,0,-43085185.0,9327.0,15839904.0,91384550.0
WNRS,"WINNERS, INC.",0001587603,0,,,,
HCMC,Healthier Choices Management Corp.,0000844856,0,-7017945.0,14647040.0,1467870.0,1590264.0
SORA,AsiaStrategy,0002033515,0,,,,
SDEV,Stablecoin Development Corp,0001389545,0,-22141000.0,370000.0,9035000.0,31861000.0
DRYGF,Dryden Gold Corp.,0002006413,0,,,,
TOUR,Tuniu Corp,0001597095,0,,,,
JMM,Nuveen Multi-Market Income Fund,0000838131,0,,,,
AUXXF,A2 Gold Corp.,0001725603,0,,,,
GPOX,"GPO Plus, Inc.",0001673475,0,-2420890.0,5512066.0,496860.0,6896099.0
VRAX,Virax Biolabs Group Ltd,0001885827,0,,,,
AKAN,AKANDA CORP.,0001888014,0,,,,
ALUR,"ALLURION TECHNOLOGIES, INC.",0001964979,0,-28755000.0,15230000.0,15772000.0,92961000.0
YBGJ,Yubo International Biotech Ltd,0000895464,0,-1079248.0,12353.0,847094.0,2791297.0
NUMD,"Nu-Med Plus, Inc.",0001543637,0,-56182.0,0.0,7911.0,279189.0
ELPW,Elong Power Holding Ltd.,0002015691,0,,,,
KRFG,"King Resources, Inc.",0000774415,0,-2184179.0,830662.0,280216.0,1465519.0
RTCJF,Baijiayun Group Ltd,0001381074,0,,,,
REF,Reformation Inc.,0001787117,0,,,,
AVR,Anteris Technologies Global Corp.,0002011514,0,-94144000.0,1913000.0,22997000.0,23250000.0
QMCO,QUANTUM CORP /DE/,0000709283,0,-101046000.0,372827000.0,156892000.0,355749000.0
TCGLF,TechCreate Group Ltd.,0002047190,0,,,,
HAPVY,Hapvida Participacoes e Investimentos S.A./ADR,0001869666,0,,,,
HDL,SUPER HI INTERNATIONAL HOLDING LTD.,0001995306,0,,,,
SMTK,"SmartKem, Inc.",0001817760,0,-10509000.0,697000.0,2288000.0,6222000.0
GTCH,GBT Technologies Inc.,0001471781,0,-718292.0,90000.0,603.0,10871610.0
MMEX,MMEX Resources Corp,0001440799,0,-1913301.0,0.0,1272954.0,7880717.0
PSYCF,Psyched Wellness Ltd.,0001847706,0,,,,
BTCY,BIOTRICITY INC.,0001630113,0,-2404139.0,398200.0,6446488.0,39408954.0
FBCD,"FBC Holding, Inc.",0001370816,0,,,,
ETB,Eaton Vance Tax-Managed Buy-Write Income Fund,0001308927,0,,,,
SEAH,"Seahawk Recycling Holdings, Inc.",0002075786,0,,,,
OCGN,"Ocugen, Inc.",0001372299,0,-67846000.0,0.0,43516000.0,55682000.0
FFA,FIRST TRUST ENHANCED EQUITY INCOME FUND,0001291334,0,,,,
NIKA,"NIKA PHARMACEUTICALS, INC",0001145604,0,-76398.0,0.0,20996.0,318624.0
LRDC,"Laredo Oil, Inc.",0001442492,0,-3181874.0,9423.0,1448018.0,14020333.0
RMXI,"RMX INDUSTRIES, INC.",0001970743,0,,,,
ELTK,ELTEK LTD,0001024672,0,,,,
TC,Token Cat Ltd,0001743340,0,,,,
MDLK,ModuLink Inc.,0001611046,0,-1270120.0,1294549.0,679447.0,729388.0
IMTE,Integrated Media Technology Ltd,0001668438,0,,,,
KSEZ,Kinetic Seas Inc.,0001945619,0,-1235227.0,71268.0,10608843.0,10959453.0
CYCL,"Cycclone, Inc.",0002077135,0,,,,
OMQS,OMNIQ Corp.,0000278165,0,-137000.0,32720000.0,26176000.0,38873000.0
CDT,CDT Equity Inc.,0001896212,0,-39224000.0,,5650000.0,12820000.0
PMAX,Powell Max Ltd,0002012096,0,,,,
WCUFF,World Copper Ltd.,0001902276,0,,,,
SXTC,"China SXT Pharmaceuticals, Inc.",0001723980,0,,,,
REOS,ReoStar Energy CORP,0001335288,0,,,,
IMCC,IM Cannabis Corp.,0001792030,0,,,,
IPTNF,IMPACT ANALYTICS INC.,0001680513,0,,,,
INMD,InMode Ltd.,0001742692,0,,,,
AWF,ALLIANCEBERNSTEIN GLOBAL HIGH INCOME FUND INC,0000906013,0,,,,
NANO,ATII Holdings Inc.,0002101833,0,,,,
ANGX,"Angel Studios, Inc.",0001865200,0,-170478642.0,321558306.0,241411563.0,267191887.0
ZNB,Zeta Network Group,0001747661,0,,,,
FCHL,Fitness Champs Holdings Ltd,0002023796,0,,,,
SNRG,SusGlobal Energy Corp.,0001652539,0,-5686869.0,32340.0,8840820.0,40448765.0
CAPC,"CAPSTONE COMPANIES, INC.",0000814926,0,-920168.0,143269.0,59105.0,518174.0
GTLL,GLOBAL TECHNOLOGIES LTD,0000932021,0,-342681.0,1045671.0,68108.0,1221387.0
ABVEF,Above Food Ingredients Inc.,0001979484,0,,,,
RMTG,Regenerative Medical Technology Group Inc.,0001760026,0,-7812409.0,5100315.0,4488694.0,39233729.0
JKS,"JinkoSolar Holding Co., Ltd.",0001481513,0,,,,
AVPMF,AVRUPA MINERALS LTD.,0001445467,0,,,,
VCIG,VCI Global Ltd,0001930510,0,,,,
IPSI,"Innovative Payment Solutions, Inc.",0001591913,0,-4394384.0,410.0,4274163.0,11868260.0
DRCT,"Direct Digital Holdings, Inc.",0001880613,0,-18946000.0,34694000.0,20156000.0,27179000.0
MNDR,Mobile-health Network Solutions,0001976695,0,,,,
LGCL,Lucas GC Ltd,0001954694,0,,,,
COCH,"Envoy Medical, Inc.",0001840877,0,-23756000.0,241000.0,8558000.0,20325000.0
CLNN,Clene Inc.,0001822791,0,-26173000.0,200000.0,18131000.0,35723000.0
DXF,Eason Technology Ltd,0001499494,0,,,,
MECPF,MUSTANG ENERGY CORP.,0001945166,0,,,,
CPMD,"CANNAPHARMARX, INC.",0001081938,0,-11131448.0,1362163.0,7018404.0,37172133.0
VISM,"VISIUM TECHNOLOGIES, INC.",0001082733,0,-1341979.0,0.0,67644.0,1900000.0
EMRH,EMERGING HOLDINGS INC,0001300306,0,,,,
BDRX,Biodexa Pharmaceuticals Plc,0001643918,0,,,,
LINMF,Linear Minerals Corp,0001066130,0,,,,
AGSS,"AMERIGUARD SECURITY SERVICES, INC.",0001514443,0,-487792.0,23531638.0,8240479.0,11787417.0
PTOS,"P2 Solar, Inc.",0001172069,0,-34492.0,26382.0,102716.0,1115454.0
CLDVF,Cloud3 Ventures Inc.,0001971260,0,,,,
SRKZF,SKY GOLD CORP.,0001723455,0,,,,
LUDG,"LUDWIG ENTERPRISES, INC.",0001960262,0,-2236433.0,217.0,247527.0,4635733.0
IBG,Innovation Beverage Group Ltd,0001924482,0,,,,
AGNPF,Grey Matters Health Inc.,0001642178,0,,,,
YMT,Yimutian Inc.,0001991605,0,,,,
RBNE,Robin Energy Ltd.,0002039060,0,,,,
ESSI,"ECO SCIENCE SOLUTIONS, INC.",0001490873,0,9442219.0,0.0,170824.0,1239788.0
BMTM,"Bright Mountain Media, Inc.",0001568385,0,-13455000.0,56780.0,39685000.0,116320000.0
SCNI,Scinai Immunotherapeutics Ltd.,0001611747,0,-5796000.0,,27067000.0,
COPR,Idaho Copper Corp,0001263364,0,-3074964.0,609174.0,192016.0,6646351.0
WSHP,WeShop Holdings Ltd,0002048271,0,,,,
CATO,CATO CORP,0000018255,0,-5909000.0,653812000.0,421419000.0,
IMMP,IMMUTEP Ltd,0001506184,0,,,,
GNTA,Genenta Science S.p.A.,0001838716,0,,,,
RYOJ,"rYojbaba Co., Ltd.",0002012600,0,,,,
SPWR,SunPower Inc.,0001838987,0,-45354000.0,300000000.0,241187000.0,331331000.0
LVO,"LiveOne, Inc.",0001491419,0,-20965000.0,77144000.0,46875000.0,59267000.0
NAAS,NaaS Technology Inc.,0001712178,0,,,,
CCIF,Carlyle Credit Income Fund,0001517767,0,,,,
PGZFF,Pan Global Resources Inc.,0001566073,0,,,,
FUST,FUSE GROUP HOLDING INC.,0001636051,0,-283702.0,45942.0,34678.0,485179.0
FUNI,"Hypha Labs, Inc.",0001502966,0,-3101901.0,1898172.0,409218.0,2512387.0
KIO,KKR Income Opportunities Fund,0001515940,0,,,,
NPFD,Nuveen Variable Rate Preferred & Income Fund,0001865389,0,,,,
VVR,Invesco Senior Income Trust,0001059386,0,,,,
AIIO,ROBO.AI INC.,0001932737,0,,,,
AXG,"Solowin Holdings, Ltd.",0001959224,0,,,,
HPS,JOHN HANCOCK PREFERRED INCOME FUND III,0001215913,0,,,,
TJGC,TJGC GROUP Ltd,0001969928,0,,,,
BSPA,"Ballston Spa Bancorp, Inc.",0002094107,0,,,,
RSF,"RiverNorth Capital & Income Fund, Inc.",0001644771,0,,,,
LNKS,Linkers Industries Ltd,0001972074,0,,,,
TNMG,TNL Mediagene,0002013186,0,,,,
GENN,Genneia S.A.,0001745621,0,,,,
NRK,NUVEEN NEW YORK AMT-FREE QUALITY MUNICIPAL INCOME FUND,0001195739,0,,,,
HIGR,Hi-Great Group Holding Co,0001807616,0,-87208.0,36958.0,21494.0,269431.0
SKYI,"Sky Century Investment, Inc.",0001555017,0,-117225.0,76338.0,111742.0,397449.0
ZICX,Zicix Corp,0001465311,0,,,,
CONC,CONECTISYS CORP,0000790273,0,-4274.0,0.0,0.0,31540.0
EMBYF,Nexera Energy Inc.,0001487615,0,,,,
WTER,ALKALINE WATER Co INC,0001532390,0,-27405193.0,63777289.0,18030103.0,23366831.0
HAO,Haoxi Health Technology Ltd,0001954594,0,,,,
CBIH,"Cannabis Bioscience International Holdings, Inc.",0001411057,0,-548820.0,303022.0,31880.0,1195463.0
DOGP,"Dogecoin Cash, Inc.",0001360442,0,-2462690.0,738907.0,2227107.0,2256142.0
CNRCF,Canter Resources Corp.,0001996586,0,,,,
GMEX,GMEX Robotics Corp,0001928581,0,,,,
ZCAR,"Zoomcar Holdings, Inc.",0001854275,0,-14621113.0,9156025.0,3204107.0,38508174.0
CLRI,"Cleartronic, Inc.",0001362516,0,-154219.0,4103388.0,1606538.0,1963188.0
SNBH,SENTIENT BRANDS HOLDINGS INC.,0001358633,0,-1201577.0,701463.0,2594237.0,4699756.0
NEXR,Nexera Technologies Ltd,0001885408,0,,,,
FMTOF,Femto Technologies Inc.,0001888151,0,,,,
EPWKF,EPWK Holdings Ltd.,0001900720,0,,,,
NAFS,"Havana Roasters Coffee Companies, Inc.",0001409253,0,-242602.0,2000.0,0.0,825444.0
AGTX,Agentix Corp.,0001603345,0,-485636.0,0.0,771.0,3596282.0
BRVO,Bravo Multinational Inc.,0001444839,0,-253478.0,1815978.0,111.0,1055698.0
ODYY,"Odyssey Health, Inc.",0001626644,0,-1742691.0,0.0,49723.0,3377887.0
PNYG,Pony Group Inc.,0001784058,0,-246429.0,141393.0,22140.0,974539.0
DTCKF,DAVIS COMMODITIES Ltd,0001949478,0,,,,
VHAI,Vocodia Holdings Corp,0001880431,0,-10027091.0,50078.0,97982.0,2241525.0
PFSA,"Profusa, Inc.",0001859807,0,-35823000.0,100000.0,3775000.0,30433000.0
EARI,"ENTERTAINMENT ARTS RESEARCH, INC.",0001083468,0,,,,
ASFT,"Appsoft Technologies, Inc.",0001651992,0,-93642.0,0.0,7.0,572284.0
DPLS,"DarkPulse, Inc.",0000866439,0,-2966814.0,308492.0,1367930.0,20888088.0
BZYR,BURZYNSKI RESEARCH INSTITUTE INC,0000724445,0,-1386207.0,0.0,847.0,42484.0
LITSF,LITHOS GROUP LTD.,0001978165,0,,,,
EEGI,"Eline Entertainment Group, Inc.",0001043150,0,-44992.0,0.0,0.0,134301.0
ORISF,ORIENTAL RISE HOLDINGS Ltd,0001964664,0,,,,
SATT,SATIVUS TECH CORP.,0001661600,0,-869000.0,36250.0,307000.0,3838000.0
HTD,JOHN HANCOCK TAX-ADVANTAGED DIVIDEND INCOME FUND,0001260041,0,,,,
RERE,ATRenew Inc.,0001838957,0,,,,
SB,"SAFE BULKERS, INC.",0001434754,0,,,,
FSSL,FS Specialty Lending Fund,0002065812,0,,,,
FECOF,FEC Resources Inc.,0000849997,0,,,,
FRGT,"Freight Technologies, Inc.",0001687542,0,-5601227.0,13728922.0,5690245.0,6345005.0
ARRT,"Artisan Consumer Goods, Inc.",0001530425,0,-50732.0,0.0,9870.0,300011.0
DBMM,"Digital Brand Media & Marketing Group, Inc.",0001127475,0,-1060220.0,137998.0,58502.0,8440013.0
ROYL,"Royale Energy, Inc.",0001694617,0,-1251680.0,1947203.0,17002053.0,30393268.0
SKVI,"SKINVISIBLE, INC.",0001085277,0,-1064034.0,20000.0,127567.0,10390348.0
RAKR,Rainmaker Worldwide Inc.,0001872292,0,-1056242.0,143725.0,50116.0,11392627.0
GNTOF,GENTOR RESOURCES INC.,0001346917,0,,,,
MRPT,MACREPORT NET INC,0001143994,0,,,,
WAST,WASTE ENERGY CORP.,0001515139,0,-1076807.0,424167.0,1025791.0,4767965.0
SETO,SETO HOLDINGS INC,0000794998,0,,,,
FDXTF,FENDX TECHNOLOGIES INC.,0001970125,0,,,,
LITB,"LightInTheBox Holding Co., Ltd.",0001523836,0,,,,
ICG,Intchains Group Ltd,0001895597,0,,,,
PLCE,"Childrens Place, Inc.",0001041859,0,-88263000.0,1208830000.0,670299000.0,724482000.0
CVVUF,CANALASKA URANIUM LTD,0001023109,0,,,,
MXE,MEXICO EQUITY & INCOME FUND INC,0000863900,0,,,,
LFS,"LEIFRAS Co., Ltd.",0002030277,0,,,,
APWC,ASIA PACIFIC WIRE & CABLE CORP LTD,0001026980,0,,,,
INKT,"MiNK Therapeutics, Inc.",0001840229,0,-12494260.0,,14238842.0,
YTRA,"Yatra Online, Inc.",0001516899,0,,,,
PVL,Permianville Royalty Trust,0001520048,0,,,,
MRAI,"Marpai, Inc.",0001844392,0,-16560000.0,18099000.0,10904000.0,43467000.0
SVUHF,SRIVARU Holding Ltd,0001973368,0,,,,
NSTM,NovelStem International Corp.,0000912544,0,2379882.0,,15786.0,2157441.0
AIO,Virtus Artificial Intelligence & Technology Opportunities Fund,0001778114,0,,,,
JZXN,"Jiuzi Holdings, Inc.",0001816172,0,,,,
MI,NFT Ltd,0001958713,0,,,,
GMER,"GOOD GAMING, INC.",0001454742,0,-235674.0,109575.0,91115.0,1198806.0
QIND,Quality Industrial Corp.,0001393781,0,-5444296.0,28260873.0,16619371.0,18303587.0
BAOS,Baosheng Media Group Holdings Ltd,0001811216,0,,,,
CISS,C3is Inc.,0001951067,0,,,,
CERO,"CERO THERAPEUTICS HOLDINGS, INC.",0001870404,0,-19920262.0,,3641134.0,9087596.0
QSJC,"TANCHENG GROUP CO., LTD.",0001753391,0,-371187.0,217019.0,1519677.0,3397217.0
GTIC,"Greentech Innovations, Inc.",0001584480,0,-60650.0,0.0,0.0,434363.0
GFMH,Goliath Film & Media Holdings,0000820771,0,-37494.0,250000.0,1417.0,176845.0
ENRT,Enertopia Corp.,0001346022,0,-506853.0,0.0,125492.0,316032.0
LNTO,LELANTOS HOLDINGS INC.,0002006925,0,,,,
ZVSA,"ZyVersa Therapeutics, Inc.",0001859007,0,-24952378.0,,347901.0,12734687.0
STEK,Stemtech Corp,0001511820,0,-4046705.0,4921531.0,3149614.0,10587013.0
GGLXF,GGL RESOURCES CORP.,0000800523,0,,,,
XAGE,"Longevity Health Holdings, Inc.",0001842939,0,-6905282.0,1912811.0,2367027.0,8233900.0
CBDY,Target Group Inc.,0001586554,0,-1359682.0,263.0,6176749.0,14239697.0
BABYF,Else Nutrition Holdings Inc.,0001807936,0,,,,
CSUI,CANNABIS SUISSE CORP.,0001680132,0,-456142.0,22500.0,635075.0,2437047.0
NRHI,"Natural Resource Holdings, Inc.",0001680689,0,-50533.0,22317.0,36785.0,348000.0
CBDL,CBD Life Sciences Inc.,0001776073,0,,,,
DDDX,"3DX Industries, Inc.",0001453122,0,10996195.0,0.0,1191021.0,2277403.0
CBMJ,"CONSERVATIVE BROADCAST MEDIA & PUBLISHING, INC.",0001452583,0,,,,
NULGF,NuLegacy Gold Corp,0001502758,0,,,,
NMHI,Nature's Miracle Holding Inc.,0001947861,0,-11986754.0,1742360.0,20410686.0,31693169.0
SPOWF,Strata Power Corp,0001227282,0,,,,
BFCH,"UNLOCKD, Inc.",0001395005,0,,,,
CYTOF,Altamira Therapeutics Ltd.,0001601936,0,,,,
AYRWF,Ayr Wellness Inc.,0001847462,0,,,,
AIXI,Xiao-I Corp,0001935172,0,,,,
SBIG,"SpringBig Holdings, Inc.",0001801602,0,-3247000.0,22834000.0,4629000.0,17117000.0
UOKAF,MDJM LTD,0001741534,0,,,,
JFIL,"Jubilant Flame International, Ltd",0001517389,0,-63507.0,0.0,16190.0,1436282.0
MDCE,Medical Care Technologies Inc.,0001404593,0,-1923887.0,,513921.0,652409.0
CBDW,1606 CORP.,0001877461,0,-1295041.0,0.0,16058.0,3238370.0
AIBT,"AIBOTICS, INC.",0001763329,0,-2215751.0,2183.0,874673.0,4834905.0
FCHS,"First Choice Healthcare Solutions, Inc.",0001416876,0,-6961918.0,1048469.0,4047430.0,43575506.0
FYNN,Fyntechnical Innovations Inc,0001497230,0,-8430308.0,0.0,75855.0,11075904.0
CWPE,CW Petroleum Corp,0001741220,0,,,,
ITOX,"IIOT-OXYS, Inc.",0001290658,0,-657846.0,0.0,26342.0,2336374.0
DGTEF,Eat & Beyond Global Holdings Inc.,0001978151,0,,,,
GPLB,Green Planet Bio Engineering Co. Ltd.,0001392449,0,-35842.0,,,257501.0
NNAX,New Momentum Corp.,0001132509,0,-142880.0,6.0,11701.0,733680.0
MGN,Megan Holdings Ltd.,0001995075,0,,,,
GRLF,GREEN LEAF INNOVATIONS INC,0000915661,0,,,,
FGL,Founder Group Ltd,0001989930,0,,,,
MAXNQ,"Maxeon Solar Technologies, Ltd.",0001796898,0,,,,
OCEA,"Ocean Biomedical, Inc.",0001869974,0,-9480000.0,,902000.0,98518000.0
GREH,Green Rain Energy Holdings Inc.,0001084937,0,,,,
PTCO,PetroGas Co,0001609258,0,8978.0,0.0,0.0,790250.0
RGBP,Regen BioPharma Inc,0001589150,0,-1274502.0,126560.0,274628.0,6555811.0
TIGR,UP Fintech Holding Ltd,0001756699,0,,,,
KRNGY,Karoon Gas Australia Ltd /ADR/,0001494191,0,,,,
MSSHY,Mitsui-Soko Holdings Co Limited/ADR,0002087844,0,,,,
OXLC,Oxford Lane Capital Corp.,0001495222,0,,,,
GCAN,"TRAFALGAR INTERNATIONAL, INC.",0001695473,0,-331612.0,7120.0,815.0,742464.0
CNBX,CNBX Pharmaceuticals Inc.,0001343009,0,-313976.0,0.0,18437.0,491164.0
BDPT,"BIOADAPTIVES, INC.",0001575142,0,-1557898.0,18278.0,225901.0,2355957.0
NYMXF,NYMOX PHARMACEUTICAL CORP,0001018735,0,,,,
PNXP,PINEAPPLE EXPRESS CANNABIS Co,0001710495,0,-31153.0,16168.0,0.0,2079.0
BINI,"BOLLINGER INNOVATIONS, INC.",0001499961,0,-457058901.0,60064824.0,178631289.0,195177166.0
PCGC,"HYDRO POWER TECHNOLOGIES, INC.",0001365359,0,,,,
SCZM,Santacruz Silver Mining Ltd.,0001548536,0,,,,
BSFC,Blue Star Foods Corp.,0001730773,0,-3582512.0,2891428.0,1386234.0,3742736.0
GRPS,"Trans American Aquaculture, Inc",0001990446,0,-2808894.0,331645.0,948015.0,
CIRX,CIRTRAN CORP,0000813716,0,-701634.0,3126891.0,2514031.0,27621226.0
ECPL,ECOPLUS INC,0001356914,0,,,,
GRXXF,Critical Reagent Processing Corp.,0001823126,0,,,,
GRVE,GROOVE BOTANICALS INC.,0000918573,0,-139917.0,,4432.0,1472680.0
MTLK,METALINK LTD,0001098462,0,,,,
BHATF,Blue Hat Interactive Entertainment Technology,0001759136,0,,,,
STAI,ScanTech AI Systems Inc.,0001994624,0,-23065795.0,542166.0,2152777.0,157734053.0
ADNH,"ADVENT TECHNOLOGIES HOLDINGS, INC.",0001744494,0,-40994000.0,3276000.0,8007000.0,29302000.0
AMBIQ,Ambipar Emergency Response,0001937441,0,,,,
CLOW,"Cloudweb, Inc.",0001619227,0,-70427.0,30752.0,0.0,781247.0
TWNPQ,Twin Hospitality Group Inc.,0002011954,0,-48170000.0,353801000.0,542446000.0,627055000.0
USAM,ARES STRATEGIC MINING INC.,0001804792,0,,,,
CMLS,CUMULUS MEDIA INC,0001058623,0,-200702000.0,741695000.0,940960000.0,1132481000.0
GVHGF,Visionary Holdings Inc.,0001892274,0,,,,
WNLV,Winvest Group Ltd,0001558740,0,-15044666.0,78426.0,217374.0,1827905.0
REEAF,REE Automotive Ltd.,0001843588,0,,,,
OZSC,"OZOP ENERGY SOLUTIONS, INC.",0001679817,0,-6198161.0,157458.0,773542.0,40272295.0
SOPAQ,SOCIETY PASS INCORPORATED.,0001817511,0,-10227278.0,8171635.0,21279701.0,23692406.0
ATDS,"Data443 Risk Mitigation, Inc.",0001068689,0,-2567743.0,4421211.0,6392467.0,20707303.0
BBLR,Bubblr Inc.,0001873722,0,-1270416.0,3369.0,1281404.0,4171634.0
BOTY,"LINGERIE FIGHTING CHAMPIONSHIPS, INC.",0001407704,0,-567160.0,208485.0,106213.0,6438960.0
TIRXF,TIAN RUIXIANG HOLDINGS LTD,0001782941,0,,,,
VCRDX,Harrison Street Infrastructure Income Fund,0001812286,0,,,,
IAUM,iShares Gold Trust Micro,0001759124,0,1598557846.0,,,
RGKUY,Rigaku Holdings Corporation/ADR,0002141099,0,,,,
VGTHY,"Victory Giant Technology (HuiZhou) Co., Ltd./ADR",0002131322,0,,,,
GLAS,Glass House Brands Inc.,0001848731,0,,,,
MAKO,Mako Mining Corp.,0001784930,0,,,,
FFMGF,First Mining Gold Corp.,0001641229,0,,,,
SVVC,"Firsthand Technology Value Fund, Inc.",0001495584,0,-1295807.0,,270161.0,505289.0
HWNI,"HIGH WIRE NETWORKS, INC.",0001413891,0,-384826.0,8378708.0,5786771.0,7635930.0
GBUX,"GIVBUX, INC.",0001169138,0,-4095562.0,289156.0,242685.0,5188082.0
ETUGF,E2Gold Inc.,0001877430,0,,,,
NBND,NetBrands Corp.,0001725911,0,-1695935.0,18265.0,102185.0,2515424.0
LBGJ,Li Bang International Corp Inc.,0001896425,0,,,,
KAYS,"Kaya Holdings, Inc.",0001530746,0,-2080856.0,7134.0,216369.0,17344502.0
MGAM,"Mobile Global Esports, Inc.",0001886362,0,-2260743.0,3697.0,1653942.0,1832078.0
DFP,Flaherty & Crumrine Dynamic Preferred & Income Fund Inc,0001559991,0,,,,
KNDI,"Kandi Technologies Group, Inc.",0001720250,0,,,,
IH,iHuman Inc.,0001814423,0,,,,
STRG,"STARGUIDE GROUP, INC.",0001803096,0,-80939.0,88.0,1143.0,436776.0
STA,"Starton Holdings, Inc.",0002049977,0,,,,
FRLCY,Freelancer Ltd,0002065932,0,,,,
CAPI,"CAPSTONE 72, INC.",0002066925,0,,,,
SCBXY,SCB X Public Co Ltd,0002066600,0,,,,
MREGY,Meridian Energy Ltd/ADR,0002063417,0,,,,
SELXF,Semilux International Ltd.,0001990950,0,,,,
BSPK,"Bespoke Extracts, Inc.",0001409197,0,-1037475.0,1117452.0,359088.0,2451026.0
BMPA,"BMP AI Technologies, Inc.",0001130781,0,-264354.0,0.0,50000.0,807517.0
OWPC,"One World Products, Inc.",0001622244,0,-3935012.0,4863.0,68300.0,5255181.0
AVNI,ARVANA INC,0001113313,0,-447495.0,67964.0,202176.0,1453142.0
ARTC,Art Technology Acquisition Corp.,0002086545,0,-117419.0,,294899.0,
OGG,Osisko Gold Group Inc.,0001431852,0,,,,
ANL,Adlai Nortye Ltd.,0001944552,0,,,,
TCRG,Cannaisseur Group Inc.,0001879270,0,-1773913.0,0.0,140.0,235431.0
TVCN,TV Channels Network Inc.,0001952670,0,-131954.0,0.0,143607.0,488452.0
WLGSF,"WANG & LEE GROUP, Inc.",0001899658,0,,,,
PDCC,Pearl Diver Credit Co Inc.,0001998043,0,,,,
CIRC,CIRCLE8 GROUP INC,0001605888,0,-59430919.0,78659.0,113229836.0,145320106.0
GRRR,Gorilla Technology Group Inc.,0001903145,0,,,,
VOGX,"Vogenx, Inc.",0001903784,0,,,,
IEAG,Infinite Eagle Acquisition Corp.,0002084396,0,-60111.0,,361445.0,396556.0
MCTA,Charming Medical Ltd,0002035992,0,,,,
BGR,BlackRock Energy & Resources Trust,0001306550,0,,,,
PTOR,Praetorian Acquisition Corp.,0002093912,0,-49204.0,,264716.0,288920.0
GFR,Greenfire Resources Ltd.,0001966287,0,,,,
CLRLY,Central Retail Corp Public Co Limited/ADR,0002063231,0,,,,
PRSKY,PrairieSky Royalty Ltd/ADR,0002071912,0,,,,
IBL,I Bella Perfect Inc.,0002075038,0,,,,
VIRMF,Viridian Metals Inc.,0002074745,0,,,,
GGRPY,GPT Group/ADR,0002075474,0,,,,
VTNMF,V Ten Metals Corp.,0001981775,0,,,,
DHGR,Devonian Health Group Inc.,0002000684,0,,,,
ULIT,US Elemental Inc.,0002134552,0,,,,
YLUZ,YPF Energia Electrica S.A.,0002133716,0,,,,
OPNHY,Open House Group Co. Ltd/ADR,0002131812,0,,,,
PCAI,Powercheck AI Holdings Ltd,0002131101,0,,,,
MLAA,Mountain Lake Acquisition Corp. II,0002094265,0,-82211.0,,168035.0,225246.0
DPDSY,DPC DASH LTD/ADR,0002094201,0,,,,
AKCLY,Aica Kogyo Co Limited/ADR,0002087856,0,,,,
PNIG,Pacipic Nexus IntelliTech Group,0002089778,0,,,,
BTZ,BLACKROCK CREDIT ALLOCATION INCOME TRUST,0001379384,0,,,,
NBH,NEUBERGER MUNICIPAL FUND INC.,0001178839,0,,,,
OTAI,Starlink AI Acquisition Corp,0002094076,0,,,,
NEUC,Neucleus Group Ltd,0002093976,0,,,,
APNA,APEIRON ACQUISITION VEHICLE I,0002085795,0,,,,
KHOBF,KHEOBA Ltd,0002084698,0,,,,
FHFFY,Foshan Haitian Flavouring & Food Co Ltd./ADR,0002082876,0,,,,
XDT,Xdata Group,0002038688,0,,,,
AFB,ALLIANCEBERNSTEIN NATIONAL MUNICIPAL INCOME FUND,0001162027,0,,,,
XSIAX,VOYA CREDIT INCOME FUND,0001124959,0,,,,
RML,Resolution Minerals Ltd,0002102907,0,,,,
NYB,NYB Holdings Ltd,0002100835,0,,,,
MSAV,MSAV Holdings Ltd,0002099338,0,,,,
SYNSY,Syensqo SA/ADR,0002004340,0,,,,
BIAI,Bitari Inc,0002091680,0,,,,
CDTHY,CONDUIT HOLDINGS LTD/ADR,0002091663,0,,,,
NGCOY,"Nagase & Co., Ltd./ADR",0002092248,0,,,,
BGH,BARINGS GLOBAL SHORT DURATION HIGH YIELD FUND,0001521404,0,,,,
HELP,CYBIN INC.,0001833141,0,,,,
GOW,GOWell Energy Technology,0002097702,0,,,,
MOT,MetaOptics Ltd,0002099681,0,,,,
TELYF,TELYRX HOLDINGS INC.,0002113853,0,,,,
EBGCY,Eastroc Beverage Group Co. Ltd/ADR,0002123531,0,,,,
CMPLY,Com7 PCL/ADR,0002117197,0,,,,
SAMO,Samos Energy Acquisition Corp,0002125567,0,,,,
HYPG,Grayscale Hyperliquid Staking ETF,0002107730,0,,,,
JNGDY,"Jingdong Industrials, Inc./ADR",0002109559,0,,,,
VII,Viking Acquisition Corp. II,0002139246,0,,,,
CSCM,Crestone Strategic Capital Acquisition Corp,0002136449,0,,,,
ETI-P,"ENTERGY TEXAS, INC.",0001427437,0,,,,
STJNY,Stella-Jones Inc./ADR,0002077242,0,,,,
ASKRY,Asker Healthcare Group AB/ADR,0002078895,0,,,,
EVON,EvoNexus Group LTD,0002075036,0,,,,
CPXXY,Capital Power Corp/ADR,0002071911,0,,,,
HPI,JOHN HANCOCK PREFERRED INCOME FUND,0001176199,0,,,,
ASA,ASA Gold & Precious Metals Ltd,0001230869,0,,,,
GJR,"STRATS(SM) Trust for Procter & Gamble Securities, Series 2006-1",0001353226,0,,,,
GJS,"STRATS(SM) Trust for Goldman Sachs Group Securities, Series 2006-2",0001356284,0,,,,
GJP,"STRATS(SM) TRUST FOR DOMINION RESOURCES, INC. SECURITIES, SERIES 2005-6",0001343491,0,,,,
TSM,TAIWAN SEMICONDUCTOR MANUFACTURING CO LTD,0001046179,0,,,,
WEA,WESTERN ASSET PREMIER BOND FUND,0001163792,0,,,,
BMOK,BM Acquisition Corp.,0002071607,0,-82570.0,,615001.0,
SOUD,Hacker Interstellar Inc.,0002070237,0,,,,
TEICY,TOSEI CORP/ADR,0002089506,0,,,,
ZJGIY,Zijin Gold International Co Limited/ADR,0002093654,0,,,,
NBKBY,Noba Bank Group AG/ADR,0002093618,0,,,,
BAGZ,Cryptex Digital Market Cap ETF,0002115027,0,,,,
MDKGY,Merdeka Gold Resources Tbk PT/ADR,0002098332,0,,,,
MTGLY,Mininglamp Technology Group Limited/ADR,0002128448,0,,,,
CMBY,Cumberland Farms Ltd,0002123232,0,,,,
MROSY,Melrose Industries Plc/ADR,0001516535,0,,,,
MWAI,"MedWellAI, Inc.",0001520118,0,-3607145.0,594768.0,805500.0,3140935.0
MMD,NYLI MacKay DefinedTerm Muni Opportunities Fund,0001518557,0,,,,
OBNK,Osprey BONK Trust,0002042444,0,,,,
BLTG,BOUNDLESS GROUP,0002045873,0,,,,
NBB,Nuveen Taxable Municipal Income Fund,0001478888,0,,,,
BPYPP,Brookfield Property Partners L.P.,0001545772,0,,,,
LAGH,Lagarosse Holdings Ltd,0002090910,0,,,,
PTAXY,Paltac Corporation/ADR,0002089174,0,,,,
NHKSY,NHK Spring Co. Ltd/ADR,0002087500,0,,,,
PNSB,"PSB Financial, Inc.",0002087419,0,,,,
PHAX,Phalanx Acquisition Corp I,0002086549,0,,,,
ONMDW,OneMedNet Corp,0001849380,0,-2801000.0,1359000.0,2151000.0,5116000.0
PDSRX,Principal Real Asset Fund,0001756404,0,,,,
ODKUY,"Odakyu Electric Railway Co., Ltd./ADR",0002108124,0,,,,
AELKY,ASELSAN Elektronik Sanayi ve Ticaret Anonim Sirketi/ADR,0002110583,0,,,,
NWCYY,North West Co Inc./ADR,0002073913,0,,,,
ELFTY,Element Fleet Management Corp./ADR,0002073615,0,,,,
ATTO,"Attovia Therapeutics, Inc.",0002058707,0,,,,
BXRLY,Boxer Retail Limited/ADR,0002056450,0,,,,
PSBTY,PT Sumber Alfaria Trijaya Tbk/ADR,0002063685,0,,,,
GIDHF,GigaDevice Semiconductor Inc./ADR,0002109547,0,,,,
KNWAY,Knowledge Atlas Technology Joint Stock Co Limited/ADR,0002109545,0,,,,
SSHBY,"SBI Shinsei Bank, Limited/ADR",0002107375,0,,,,
GDMT,Gold Mountain Acquisition Corp.,0002105318,0,,,,
SXTEY,"Shenzhen Xunce Technology Co., Ltd./ADR",0002128597,0,,,,
LNFGY,Lion Finance Group PLC/ADR,0002140948,0,,,,
ZABKY,Zabka Group S.A./ADR,0002138474,0,,,,
CSIQ,Canadian Solar Inc.,0001375877,0,,,,
BBN,BlackRock Taxable Municipal Bond Trust,0001493683,0,,,,
RNP,COHEN & STEERS REIT & PREFERRED & INCOME FUND INC,0001224450,0,,,,
RZLV,REZOLVE AI PLC,0001920294,0,,,,
MSBT,Morgan Stanley Bitcoin Trust,0002103612,0,,,,
SKAI,Sky Acquisition Group,0002103029,0,,,,
NRGFF,AE Fuels Corp,0002102593,0,,,,
SNSC,SunScout Holding Ltd,0002101240,0,,,,
GGZ,Gabelli Global Small & Mid Cap Value Trust,0001585855,0,,,,
DBL,DoubleLine Opportunistic Credit Fund,0001525201,0,,,,
PTMSY,PT MDS Retailing Tbk/ADR,0001575356,0,,,,
ODRS,"Outdoor Specialty Products, Inc.",0001610718,0,-48529.0,306.0,19364.0,209859.0
DCFBS,"DCFC Holdings, LLC",0001630745,0,,,,
MANU,Manchester United plc,0001549107,0,,,,
CBPHF,"Clover Biopharmaceuticals, Ltd.",0001856491,0,,,,
ORIB,Orion Bliss Corp.,0001854183,0,-40926.0,12000.0,37025.0,
PRBRY,PREMIUM BRANDS HOLDINGS Corp,0001503812,0,,,,
KEN,Kenon Holdings Ltd.,0001611005,0,,,,
NOMD,Nomad Foods Ltd,0001651717,0,,,,
YRD,Yiren Digital Ltd.,0001631761,0,,,,
JD,"JD.com, Inc.",0001549802,0,,,,
BGB,Blackstone Strategic Credit 2027 Term Fund,0001546429,0,,,,
BIPH,Brookfield Infrastructure Partners L.P.,0001406234,0,,,,
JCE,Nuveen Core Equity Alpha Fund,0001385763,0,,,,
SFL,SFL Corp Ltd.,0001289877,0,,,,
EVG,Eaton Vance Short Duration Diversified Income Fund,0001287498,0,,,,
AOD,abrdn Total Dynamic Dividend Fund,0001379400,0,,,,
WNHK,"Winning Catering Group, Inc.",0001503658,0,-974130.0,18100000.0,5912.0,2991375.0
LDP,"Cohen & Steers Ltd Duration Preferred & Income Fund, Inc.",0001548717,0,,,,
DSRNY,DiaSorin SpA/ADR,0001544088,0,,,,
PDX,PIMCO Dynamic Income Strategy Fund,0001756908,0,,,,
SGLA,Sino Green Land Corp.,0001433551,0,-1808994.0,1338300.0,4434219.0,6828878.0
NKGFF,Nevada King Gold Corp.,0001839154,0,,,,
ELBM,Electra Battery Materials Corp,0001907184,0,,,,
CRT,CROSS TIMBERS ROYALTY TRUST,0000881787,0,,,,
GFI,GOLD FIELDS LTD,0001172724,0,,,,
JTGEY,"Citibank,N.A./ADR",0001472033,0,,,,
EVV,Eaton Vance Ltd Duration Income Fund,0001222922,0,,,,
PHK,PIMCO HIGH INCOME FUND,0001219360,0,,,,
TS,TENARIS SA,0001190723,0,,,,
AEBMY,ANADOLU EFES BIRACILIK VE MALT SANAYI A S/ADR,0001174511,0,,,,
TRX,TRX GOLD Corp,0001173643,0,,,,
PML,PIMCO MUNICIPAL INCOME FUND II,0001170299,0,,,,
GSL,"Global Ship Lease, Inc.",0001430725,0,,,,
FRBT,"Forbright, Inc.",0001925062,0,,,,
IHD,Voya Emerging Markets High Dividend Equity Fund,0001496292,0,,,,
LND,BrasilAgro - Brazilian Agricultural Real Estate Co,0001499849,0,,,,
FCT,FIRST TRUST SENIOR FLOATING RATE INCOME FUND II,0001282850,0,,,,
STK,"Columbia Seligman Premium Technology Growth Fund, Inc.",0001471420,0,,,,
GDO,WESTERN ASSET GLOBAL CORPORATE OPPORTUNITY FUND INC.,0001472341,0,,,,
JFR,NUVEEN FLOATING RATE INCOME FUND,0001276533,0,,,,
GGN,"GAMCO Global Gold, Natural Resources & Income Trust",0001313510,0,,,,
SOWG,Sow Good Inc.,0001490161,0,-40641506.0,0.0,3775388.0,6337442.0
STI,Solidion Technology Inc.,0001881551,0,-41004000.0,13350.0,4796854.0,11982428.0
QSEP,"QS Energy, Inc.",0001103795,0,-15305000.0,0.0,55000.0,5934000.0
ANPA,Rich Sparkle Holdings Ltd,0002031688,0,,,,
GLND,Greenland Energy Co,0002093507,0,,,,
INCR,Intercure Ltd.,0001857030,0,,,,
ALGRF,KENADYR METALS CORP,0001703292,0,,,,
WYHG,Wing Yip Food Holdings Group Ltd,0001999860,0,,,,
PGZ,Principal Real Estate Income Fund,0001557523,0,,,,
PLLMF,EDGE COPPER Corp,0001570505,0,,,,
DFSLY,Defeng Solife Holdings Limited/ADR,0002038919,0,,,,
PFL,PIMCO INCOME STRATEGY FUND,0001244183,0,,,,
TYG,TORTOISE ENERGY INFRASTRUCTURE CORP,0001268533,0,,,,
GJO,"STRATS SM TRUST FOR WAL-MART STORES, INC. SECURITIES, SERIES 2005-4",0001340909,0,,,,
GLO,Clough Global Opportunities Fund,0001350869,0,,,,
BVN,BUENAVENTURA MINING CO INC,0001013131,0,,,,
GUT,GABELLI UTILITY TRUST,0001080720,0,,,,
NHFLF,NORTHFIELD CAPITAL CORP,0001075822,0,,,,
NOK,NOKIA CORP,0000924613,0,,,,
NMT,NUVEEN MASSACHUSETTS QUALITY MUNICIPAL INCOME FUND,0000897419,0,,,,
SPY,SPDR S&P 500 ETF TRUST,0000884394,0,,,,
PCN,PIMCO CORPORATE & INCOME STRATEGY FUND,0001160990,0,,,,
DQ,DAQO NEW ENERGY CORP.,0001477641,0,,,,
AGBK,AGI Inc,0002081206,0,,,,
HEPS,D-MARKET Electronic Services & Trading,0001850235,0,,,,
CRML,Critical Metals Corp.,0001951089,0,,,,
IQ,"iQIYI, Inc.",0001722608,0,,,,
GJT,"STRATS(SM) Trust for Allstate Corp Securities, Series 2006-3",0001357660,0,,,,
VIV,TELEFONICA BRASIL S.A.,0001066119,0,,,,
SVA,SINOVAC BIOTECH LTD,0001084201,0,,,,
BHK,BLACKROCK CORE BOND TRUST,0001160864,0,,,,
IBN,ICICI BANK LTD,0001103838,0,,,,
PLG,PLATINUM GROUP METALS LTD,0001095052,0,,,,
DHY,CREDIT SUISSE HIGH YIELD CREDIT FUND,0001061353,0,,,,
AVK,ADVENT CONVERTIBLE & INCOME FUND,0001219120,0,,,,
JQC,Nuveen Credit Strategies Income Fund,0001227476,0,,,,
ERH,ALLSPRING UTILITIES & HIGH INCOME FUND,0001279014,0,,,,
DAC,Danaos Corp,0001369241,0,,,,
FOF,"Cohen & Steers Closed-End Opportunity Fund, Inc.",0001375340,0,,,,
EXG,Eaton Vance Tax-Managed Global Diversified Equity Income Fund,0001379438,0,,,,
GDL,GDL FUND,0001378701,0,,,,
UTF,COHEN & STEERS INFRASTRUCTURE FUND INC,0001275617,0,,,,
LGI,LAZARD GLOBAL TOTAL RETURN & INCOME FUND INC,0001278211,0,,,,
MUC,"BLACKROCK MUNIHOLDINGS CALIFORNIA QUALITY FUND, INC.",0001051004,0,,,,
ITRN,Ituran Location & Control Ltd.,0001337117,0,,,,
BCX,BlackRock Resources & Commodities Strategy Trust,0001506289,0,,,,
EDD,"Morgan Stanley Emerging Markets Domestic Debt Fund, Inc.",0001388141,0,,,,
FTF,FRANKLIN LTD DURATION INCOME TRUST,0001233087,0,,,,
JBK,LEHMAN ABS CORP GOLDMAN SACHS CAP 1 SEC BACKED SER 2004-6,0001284143,0,,,,
GLU,GABELLI GLOBAL UTILITY & INCOME TRUST,0001282957,0,,,,
WYTC,WYTEC INTERNATIONAL INC,0001560143,0,-3672367.0,394148.0,323570.0,2608098.0
BWG,BrandywineGLOBAL-Global Income Opportunities Fund Inc,0001504545,0,,,,
TAL,TAL Education Group,0001499620,0,,,,
EDN,EDENOR,0001395213,0,,,,
GRX,Gabelli Healthcare & WellnessRx Trust,0001391437,0,,,,
BSL,Blackstone Senior Floating Rate 2027 Term Fund,0001486298,0,,,,
EOT,Eaton Vance National Municipal Opportunities Trust,0001454741,0,,,,
DRD,DRDGOLD LTD,0001023512,0,,,,
CYD,CHINA YUCHAI INTERNATIONAL LTD,0000932695,0,,,,
KTH,STRUCTURED PRODUCTS CORP CORTS TR FOR PECO ENERGY CAP TR III,0001283464,0,,,,
PCM,"PCM FUND, INC.",0000908187,0,,,,
RFI,COHEN & STEERS TOTAL RETURN REALTY FUND INC,0000891290,0,,,,
IQI,Invesco Quality Municipal Income Trust,0000885125,0,,,,
BN,BROOKFIELD Corp /ON/,0001001085,0,,,,
MGCLY,"Midea Group Co., Ltd./ADR",0002039784,0,,,,
BOE,BlackRock Enhanced Global Dividend Trust,0001320375,0,,,,
GLQ,Clough Global Equity Fund,0001316463,0,,,,
GEHDF,Great Eastern Holdings Ltd,0001291313,0,,,,
IGA,Voya Global Advantage & Premium Opportunity Fund,0001332943,0,,,,
ELC,"ENTERGY LOUISIANA, LLC",0001348952,0,,,,
EDU,New Oriental Education & Technology Group Inc.,0001372920,0,,,,
NAK,NORTHERN DYNASTY MINERALS LTD,0001164771,0,,,,
DXYZ,Destiny Tech100 Inc.,0001843974,0,,,,
FRA,"BLACKROCK FLOATING RATE INCOME STRATEGIES FUND, INC.",0001259708,0,,,,
NAN,NUVEEN NEW YORK QUALITY MUNICIPAL INCOME FUND,0001074769,0,,,,
NAC,Nuveen California Quality Municipal Income Fund,0001074952,0,,,,
LASE,Laser Photonics Corp,0001807887,0,-17456046.0,721185.0,9449602.0,14486188.0
LEEEF,Leef Brands Inc.,0001711141,0,-17629675.0,34787596.0,36402878.0,44671179.0
HYFT,MindWalk Holdings Corp.,0001715925,0,,,,
IACO,Idea Acquisition Corp.,0002091176,0,-48912.0,,341043.0,364955.0
SOHU,Sohu.com Ltd,0001734107,0,,,,
CDRO,"Codere Online Luxembourg, S.A.",0001866782,0,,,,
SGU,"STAR GROUP, L.P.",0001002590,0,-28671000.0,247692000.0,937331000.0,
CURR,Currenc Group Inc.,0001862935,0,-39475321.0,46435412.0,108470162.0,150226220.0
CAST,"FreeCast, Inc.",0001633369,0,,,,
CRGO,Freightos Ltd,0001927719,0,,,,
MDY,SPDR S&P MIDCAP 400 ETF TRUST,0000936958,0,,,,
ASX,"ASE Technology Holding Co., Ltd.",0001122411,0,,,,
IFNNY,INFINEON TECHNOLOGIES AG,0001107457,0,,,,
ITUB,Itau Unibanco Holding S.A.,0001132597,0,,,,
CP,CANADIAN PACIFIC KANSAS CITY LTD/CN,0000016875,0,,,,
BAESY,BAE SYSTEMS PLC /FI/,0000895564,0,,,,
HQL,abrdn Life Sciences Investors,0000884121,0,,,,
PNI,PIMCO NEW YORK MUNICIPAL INCOME FUND II,0001170311,0,,,,
TEO,TELECOM ARGENTINA SA,0000932470,0,,,,
MHD,"BLACKROCK MUNIHOLDINGS FUND, INC.",0001034665,0,,,,
NMI,NUVEEN MUNICIPAL INCOME FUND INC,0000830271,0,,,,
SWZ,Total Return Securities Fund,0000813623,0,,,,
MYI,"BLACKROCK MUNIYIELD QUALITY FUND III, INC.",0000883412,0,,,,
HNAMY,HANA MICROELECTRONICS PUBLIC CO LTD /ADR/,0000918658,0,,,,
IIF,"MORGAN STANLEY INDIA INVESTMENT FUND, INC.",0000916618,0,,,,
ICL,ICL Group Ltd.,0000941221,0,,,,
AVEX,AEVEX Corp.,0002096300,0,,,,
HQH,abrdn Healthcare Investors,0000805267,0,,,,
SIF,SIFCO INDUSTRIES INC,0000090168,0,-729000.0,111212000.0,73394000.0,
NCA,NUVEEN CALIFORNIA MUNICIPAL VALUE FUND,0000818851,0,,,,
USA,LIBERTY ALL STAR EQUITY FUND,0000799195,0,,,,
JOF,JAPAN SMALLER CAPITALIZATION FUND INC,0000859796,0,,,,
VKQ,Invesco Municipal Trust,0000877463,0,,,,
SPCX,SPACE EXPLORATION TECHNOLOGIES CORP,0001181412,0,,,,
NCV,Virtus Convertible & Income Fund,0001214935,0,,,,
ASR,SOUTHEAST AIRPORT GROUP,0001123452,0,,,,
VPV,Invesco Pennsylvania Value Municipal Income Trust,0000895528,0,,,,
CPAC,CEMENTOS PACASMAYO SAA,0001221029,0,,,,
RAJAF,"TFA Therapeutics, Inc.",0001885680,0,,,,
PXED,"Phoenix Education Partners, Inc.",0001600222,0,,,,
FINV,FinVolution Group,0001691445,0,,,,
LTGHY,Life Healthcare Group Holdings Limited/ADR,0001569963,0,,,,
BLX,"BLADEX, INC.",0000890541,0,,,,
ENJ,"ENTERGY NEW ORLEANS, LLC",0000071508,0,,,,
EAI,"ENTERGY ARKANSAS, LLC",0000007323,0,,,,
NNY,NUVEEN NEW YORK MUNICIPAL VALUE FUND,0000818850,0,,,,
GAB,GABELLI EQUITY TRUST INC,0000794685,0,,,,
PDT,JOHN HANCOCK PREMIUM DIVIDEND FUND,0000855886,0,,,,
FT,FRANKLIN UNIVERSAL TRUST,0000833040,0,,,,
PPT,FRANKLIN PREMIER INCOME TRUST,0000827773,0,,,,
CII,"BlackRock Enhanced Large Cap Core Fund, Inc.",0001278895,0,,,,
HIO,WESTERN ASSET HIGH INCOME OPPORTUNITY FUND INC.,0000910068,0,,,,
KOF,COCA COLA FEMSA SAB DE CV,0000910631,0,,,,
IMO,IMPERIAL OIL LTD,0000049938,0,,,,
AILIH,Ameren Illinois Co,0000018654,0,,,,
SOR,SOURCE CAPITAL /DE/,0000091847,0,,,,
PHI,PLDT Inc.,0000078150,0,,,,
GF,NEW GERMANY FUND INC,0000858706,0,,,,
PMO,FRANKLIN MUNICIPAL OPPORTUNITIES TRUST,0000900422,0,,,,
CCU,UNITED BREWERIES CO INC,0000888746,0,,,,
NAZ,NUVEEN ARIZONA QUALITY MUNICIPAL INCOME FUND,0000892992,0,,,,
SPCB,SuperCom Ltd,0001291855,0,,,,
AURE,Aurelion Inc.,0001765850,0,,,,
NRRSF,Norsemont Mining Inc.,0001778940,0,,,,
BSEM,"BioStem Technologies, Inc.",0001658678,0,,,,
WNW,Meiwu Technology Co Ltd,0001787803,0,,,,
SGMOQ,"SANGAMO THERAPEUTICS, INC",0001001233,0,-122932000.0,13077000.0,59745000.0,74013000.0
ZKIN,"ZK International Group Co., Ltd.",0001687451,0,,,,
SYHBF,SKYHARBOUR RESOURCES LTD,0001541190,0,,,,
OSTX,OS Therapies Inc,0001795091,0,-28753844.0,,6839534.0,11864460.0
SFWL,SHENGFENG DEVELOPMENT Ltd,0001863218,0,,,,
ELOX,"Eloxx Pharmaceuticals, Inc.",0001035354,0,-5995000.0,0.0,5270000.0,17177000.0
DMA,Destra Multi-Alternative Fund,0001523289,0,,,,
NNOX,Nano-X Imaging Ltd.,0001795251,0,,,,
CMS-PB,CONSUMERS ENERGY CO,0000201533,0,,,,
BMEZ,BlackRock Health Sciences Term Trust,0001785971,0,,,,
PFO,Flaherty & Crumrine PREFERRED & INCOME OPPORTUNITY FUND INC,0000882071,0,,,,
VLT,Invesco High Income Trust II,0000846671,0,,,,
CHI,CALAMOS CONVERTIBLE OPPORTUNITIES & INCOME FUND,0001171471,0,,,,
YKCLY,Yamato Kogyo Co. Ltd/ADR,0002107946,0,,,,
SIFY,SIFY TECHNOLOGIES LTD,0001094324,0,,,,
HQ,Horizon Quantum Holdings Ltd.,0002088256,0,,,,
FSCO,FS Credit Opportunities Corp.,0001568194,0,,,,
CHY,CALAMOS CONVERTIBLE & HIGH INCOME FUND,0001222719,0,,,,
APMD,"Apnimed, Inc.",0001745648,0,,,,
HMY,HARMONY GOLD MINING CO LTD,0001023514,0,,,,
DIA,SPDR DOW JONES INDUSTRIAL AVERAGE ETF TRUST,0001041130,0,,,,
LTM,LATAM AIRLINES GROUP S.A.,0001047716,0,,,,
NAT,NORDIC AMERICAN TANKERS Ltd,0001000177,0,,,,
SECZ,Securitize Corp.,0002094496,0,,,,
RDGA,RIDGEFIELD ACQUISITION CORP,0000812152,0,-67552.0,0.0,17449.0,
MIN,ABERDEEN INTERMEDIATE INCOME FUND,0000826735,0,,,,
WDS,WOODSIDE ENERGY GROUP LTD,0000844551,0,,,,
CIK,"CREDIT SUISSE ASSET MANAGEMENT INCOME FUND, INC.",0000810766,0,,,,
SRCRF,Scorpio Gold Corp,0001467093,0,,,,
ASTL,Algoma Steel Group Inc.,0001860805,0,,,,
EVN,Eaton Vance Municipal Income Trust,0001074540,0,,,,
ECX,ECARX Holdings Inc.,0001861974,0,,,,
KRAQ,KRAKacquisition Corp,0002082119,0,-102375.0,,480162.0,557537.0
CNCK,Coincheck Group N.V.,0001913847,0,,,,
SDA,SunCar Technology Group Inc.,0001936804,0,,,,
JHI,JOHN HANCOCK INVESTORS TRUST,0000759828,0,,,,
VMO,Invesco Municipal Opportunity Trust,0000884152,0,,,,
IHT,INNSUITES HOSPITALITY TRUST,0000082473,0,-1426179.0,7600000.0,13980021.0,14977863.0
NL,"NLI HOLDINGS, INC.",0000072162,0,-37826000.0,158285000.0,464220000.0,
TUYA,Tuya Inc.,0001829118,0,,,,
CRF,CORNERSTONE TOTAL RETURN FUND INC,0000033934,0,,,,
ETW,Eaton Vance Tax-Managed Global Buy-Write Opportunities Fund,0001322435,0,,,,
LUXE,LuxExperience B.V.,0001831907,0,,,,
SBR,SABINE ROYALTY TRUST,0000710752,0,,,,
FPF,First Trust Intermediate Duration Preferred & Income Fund,0001567569,0,,,,
BTX,BlackRock Technology & Private Equity Term Trust,0001836057,0,,,,
MGF,ABERDEEN GOVERNMENT MARKETS INCOME FUND,0000811922,0,,,,
NXP,NUVEEN SELECT TAX FREE INCOME PORTFOLIO,0000883618,0,,,,
EMP,"ENTERGY MISSISSIPPI, LLC",0000066901,0,,,,
SSL,SASOL LTD,0000314590,0,,,,
GPJA,GEORGIA POWER CO,0000041091,0,,,,
SJT,SAN JUAN BASIN ROYALTY TRUST,0000319655,0,,,,
UELMO,UNION ELECTRIC CO,0000100826,0,,,,
UUU,"UNIVERSAL SAFETY PRODUCTS, INC.",0000102109,0,-2485763.0,4847163.0,4504815.0,
PTA,Cohen & Steers Tax-Advantaged Preferred Securities & Income Fund,0001793882,0,,,,
DDHLY,Digital Domain Holdings Limited/ADR,0002034300,0,,,,
KOGDF,KO Gold Inc.,0002008257,0,,,,
KPL,Kepler Group Ltd,0002000208,0,,,,
CEE,"CENTRAL & EASTERN EUROPE FUND, INC.",0000860489,0,,,,
CET,CENTRAL SECURITIES CORP,0000018748,0,,,,
ITRE,"IntriEnergy, Inc.",0001861448,0,,,,
MWG,Multi Ways Holdings Ltd,0001941500,0,,,,
RCWBY,Rockwool A/S/ADR,0001969729,0,,,,
MIMDF,MiMedia Holdings Inc.,0001920576,0,,,,
BST,BlackRock Science & Technology Trust,0001616678,0,,,,
SE,Sea Ltd,0001703399,0,,,,
NEPRY,NEPI Rockcastle plc/ADR,0001747570,0,,,,
EMI,"Encore Medical, Inc.",0001838003,0,,,,
LAR,Lithium Argentina AG,0001440972,0,,,,
IVA,Inventiva S.A.,0001756594,0,,,,
VAT,"VARSAL TECH, INC.",0002109801,0,,,,
MNTGY,"Montage Technology Co., Ltd./ADR",0002123346,0,,,,
TRCX,TracX Logis Pte. Ltd.,0002114145,0,,,,
CPPBY,Central Pattana Public Co Limited/ADR,0001551468,0,,,,
BPRE,Bluerock Private Real Estate Fund,0001551047,0,,,,
EYUBY,Electricity Generating Public Co Limited/ADR,0001562294,0,,,,
BRUN,Boost Run Inc.,0002090646,0,,,,
MTA,Metalla Royalty & Streaming Ltd.,0001722606,0,,,,
AUGCF,AU Gold Corp.,0001839290,0,,,,
GLIV,Grayscale Livepeer Trust (LPT),0001852024,0,,,,
NRDMF,NordX Metals Corp.,0001850269,0,,,,
SEQC,"SeeQC, Inc.",0001779977,0,,,,
OSOL,Osprey Solana Trust,0001868282,0,,,,
GLEI,Galaxy Enterprises Inc. /WY/,0001871890,0,-9748.0,,15185.0,48447.0
USDW,MADE IN USA INC.,0001977837,0,-29610.0,37036.0,93805.0,
DPU,Top KingWin Ltd,0001938865,0,,,,
TLAC,Three Lions Acquisition Corp.,0002128462,0,,,,
DTRSY,DATELINE RESOURCES LTD/ADR,0002127860,0,,,,
NTCMY,Natura Cosmeticos S.A./ADR,0002126620,0,,,,
OCLT,OceanLight Acquisition Corp,0002137679,0,,,,
HUAQY,Huaqin Co. LTD/ADR,0002136116,0,,,,
NORT,Norient Acquisition,0002135939,0,,,,
STCK,Grayscale Stacks Trust (STX),0002024996,0,,,,
NCT,Intercont (Cayman) Ltd,0002018529,0,,,,
TETH,21Shares Ethereum ETF,0001992508,0,1375723.0,,31298450.0,
PC,Premium Catering (Holdings) Ltd,0001998056,0,,,,
PRLG,Prologium Holding Inc.,0002137754,0,,,,
GVAC,Gravity Acquisition Corp.,0002123380,0,,,,
SHNTY,"Shanghai Top Numerical Control Technology Co., Ltd./ADR",0002138554,0,,,,
NARA,"Narragansett Bancorp, Inc.",0002138186,0,,,,
FRTRY,"Fortior Technology (Shenzhen) Co., Ltd./ADR",0002098710,0,,,,
XLAB,D. Boral ARC Merger Corp,0002109869,0,,,,
RKAM,"ROKIT America, Inc.",0002087716,0,,,,
DYBTY,Duality Biotherapeutics Inc/ADR,0002085208,0,,,,
HNPHY,Hansoh Pharmaceutical Group Co Limited/ADR,0002073669,0,,,,
RECCY,Reece Limited/ADR,0002070570,0,,,,
VBNB,VanEck BNB ETF,0002066824,0,,,,
LSHGY,Louis Hachette Group/ADR,0002063675,0,,,,
VSGRY,VusionGroup,0002075141,0,,,,
IPSAY,IPSOS/ADR,0001582820,0,,,,
RGC,Regencell Bioscience Holdings Ltd,0001829667,0,,,,
CSCCY,Capstone Copper Corp./ADR,0002075918,0,,,,
MNZLY,Mercury NZ Ltd./ADR,0002062807,0,,,,
PCPGY,PC Partner Group Ltd/ADR,0002053411,0,,,,
UPX,Uptrend Holdings Ltd,0002046370,0,,,,
GHRTF,Greenheart Gold Inc.,0002045434,0,,,,
MNYCY,Manycore Tech Inc./ADR,0002131961,0,,,,
TYOEY,Toyo Engineering Corporation/ADR,0002128619,0,,,,
TBCV,"Thunder Bridge Capital Partners V, Ltd.",0002140030,0,,,,
CBAGY,Carabao Group Public Co Limited/ADR,0002138373,0,,,,
IVHI,"Invech Holdings, Inc.",0001009919,0,-58018.0,0.0,1500.0,63649.0
TGRGF,Tiger Gold Corp.,0002094900,0,,,,
TKDG,3KNIGHTS DYNAMICS GROUP Ltd,0002092287,0,,,,
THYP,21Shares Hyperliquid ETF,0002090011,0,,,,
THARY,Tharisa plc,0002133810,0,,,,
LKYLY,Locksley Resources Limited/ADR,0002091585,0,,,,
KCAC-UN,Kensington Capital Acquisition Corp. VI,0002102713,0,,,,
SAIQ,WISeSat.Space Holdings Corp.,0002101411,0,,,,
ETHB,iShares Staked Ethereum Trust ETF,0002099103,0,,,,
BLDC,"Blockfusion Digital Infrastructure, Inc.",0002097508,0,,,,
NATNF,Nation Gold Corp.,0002096533,0,,,,
SNEVY,SUNEVISION HOLDINGS/ADR,0002089488,0,,,,
TRBG,Turbogen Ltd.,0002088375,0,,,,
EXCBF,Excalibur Metals Corp.,0002088688,0,,,,
OBBCY,"OBIC Business Consultants Co., Ltd./ADR",0002088339,0,,,,
RUIH,RUI Holdings Inc,0002094989,0,,,,
CRAUY,"Chery Automobile Co., Ltd./ADR",0002094687,0,,,,
BHYP,Bitwise Hyperliquid ETF,0002088139,0,,,,
PDS,PRECISION DRILLING Corp,0001013605,0,,,,
LOMA,Loma Negra Compania Industrial Argentina Sociedad Anonima,0001711375,0,,,,
TMKVY,Tamarack Valley Energy Ltd./ADR,0002073901,0,,,,
SUCH,Suchness Tech Ltd,0002104032,0,,,,
BCLGY,BALTIC CLASSIFIEDS GROUP PLC/ADR,0002127862,0,,,,
HCAX,Hall Chadwick Acquisition Corp II,0002130219,0,,,,
GDHRY,"Guangdong Huayan Robotics Co, Ltd./ADR",0002129466,0,,,,
BEMPY,Bangkok Expressway & Metro Public Co Limited/ADR,0002137137,0,,,,
GDTTY,"Guangdong Dtech Technology Co., Ltd./ADR",0002145378,0,,,,
MTBOY,Metis TechBio Co Ltd/ADR,0002144761,0,,,,
NMS,Nuveen Minnesota Quality Municipal Income Fund,0001607997,0,,,,
TGLO,THEGLOBE COM INC,0001066684,0,-226189.0,0.0,,
MSOL,Morgan Stanley Solana Trust,0002103547,0,,,,
MANA,Grayscale Decentraland Trust (MANA),0001852023,0,,,,
KOEI,"Koei Group Co., Ltd.",0002070087,0,,,,
GRCPY,Canal Plus SA/ADR,0002063671,0,,,,
ROZE,ROZE AI INC.,0002075335,0,,,,
MENW,"Tailored Brands, Inc. / DE",0002045151,0,,,,
NEUT,Neutrans Inc.,0002065741,0,,,,
DNCLY,"DeNA Co., Ltd./ADR",0002065660,0,,,,
IDPEY,IDP Education Ltd./ADR,0002062803,0,,,,
CUPPF,Super Copper Corp.,0002021989,0,,,,
AFNX,AfterNext Acquisition I Corp.,0002087035,0,,,,
RSMIY,RESOLUTION MINERALS LTD/ADR,0002086869,0,,,,
ADBT,"Advasa Holdings, Inc.",0002084227,0,,,,
SAPUY,Saputo Inc./ADR,0002072563,0,,,,
ANJFY,"Anjoy Foods Group Co., Ltd./ADR",0002098397,0,,,,
MPJPY,Metaplanet Inc.,0002100603,0,,,,
CHWM,Chilwa Minerals Ltd,0002113605,0,,,,
AFNDY,Allfunds Group PLC./ADR,0002101973,0,,,,
BIYA,Baiya International Group Inc.,0001944712,0,,,,
SER,"Serina Therapeutics, Inc.",0001708599,0,-19182000.0,130000.0,6951000.0,6988000.0
OAKV,"Oak View Bankshares, Inc.",0001865429,0,,,,
IMAQ,International Media Acquisition Corp.,0001846235,0,-344794.0,,4002200.0,15831722.0
PCLA,PicoCELA Inc.,0002018462,0,,,,
GRSD,GRANDSTAND Ltd,0001839799,0,,,,
IMTCF,Intrepid Metals Corp.,0001288268,0,,,,
OZVN,OZ VISION INC.,0001751707,0,-2481158.0,240717.0,13724909.0,
YIBO,Planet Image International Ltd,0001868395,0,,,,
ALYAF,Alithya Group inc,0001734520,0,,,,
CUAUF,C3 Metals Inc.,0001737319,0,,,,
GBAT,Grayscale Basic Attention Token Trust (BAT),0001852040,0,,,,
AIP,"Arteris, Inc.",0001667011,0,-34746000.0,70579000.0,115031000.0,129663000.0
BRAI,Braiin Ltd,0002076975,0,,,,
EOS,Eaton Vance Enhanced Equity Income Fund II,0001308335,0,,,,
IGIC,International General Insurance Holdings Ltd.,0001794338,0,,,,
LMRI,"Lumexa Imaging Holdings, Inc.",0002071288,0,,,,
VMET,Versamet Royalties Corp,0002080073,0,,,,
ING,ING GROEP NV,0001039765,0,,,,
SNHIY,"Sany Heavy Industries Co., Ltd./ADR",0002098326,0,,,,
LYG,Lloyds Banking Group plc,0001160106,0,,,,
BCS,BARCLAYS PLC,0000312069,0,,,,
YGSHY,Yangzijiang Shipbuilding Holdings Ltd/ADR,0002053843,0,,,,
MKAR,Mkango Rare Earths Ltd,0002052373,0,,,,
NHLTY,Nightingale Health Plc,0002060863,0,,,,
IMC,IMC Rare Earths Ltd,0002098395,0,,,,
HSLV,Highlander Silver Corp.,0002013223,0,,,,
SIAI,Silentium Ltd.,0002112466,0,,,,
BW,"Babcock & Wilcox Enterprises, Inc.",0001630805,0,-36159000.0,222912000.0,662938000.0,794479000.0
AIIR,AIR Global PLC,0002097725,0,,,,
RDWR,RADWARE LTD,0001094366,0,,,,
TK,TEEKAY CORP LTD,0000911971,0,,,,
LU,Lufax Holding Ltd,0001816007,0,,,,
IDIA,Innovative Digital Investors Acquisition Corp.,0001997389,0,,,,
PPURF,Ucore Rare Metals Inc.,0001495651,0,,,,
SNYR,Synergy CHC Corp.,0001562733,0,-12341208.0,30380809.0,10164376.0,33292514.0
GIXI,Gix Internet Ltd.,0001782265,0,,,,
NXNT,"Nexscient, Inc.",0001976663,0,-529704.0,0.0,301639.0,566269.0
TDGGF,TDG Gold Corp.,0001972589,0,,,,
IBIT,iShares Bitcoin Trust ETF,0001980994,0,-8968686985.0,,,
OBNB,Osprey BNB Chain Trust,0001916101,0,,,,
MMTZF,MindMaze Therapeutics Holding SA,0001854078,0,,,,
CIG,ENERGY CO OF MINAS GERAIS,0001157557,0,,,,
SOLC,Canary Marinade Solana ETF,0002041869,0,-158893.0,,1926808.0,
PBRRY,PT Barito Renewables Energy Tbk/ADR,0002034467,0,,,,
SGIHY,"Sugi Holdings Co., Ltd./ADR",0002027330,0,,,,
NBXG,Neuberger Next Generation Connectivity Fund Inc.,0001843181,0,,,,
TALMF,Fuerte Metals Corp,0002001201,0,,,,
IMTX,Immatics N.V.,0001809196,0,,,,
OBX,"Obsidian Therapeutics, Inc.",0002130606,0,,,,
BME,BlackRock Health Sciences Trust,0001314966,0,,,,
ETY,Eaton Vance Tax-Managed Diversified Equity Income Fund,0001340736,0,,,,
CHW,Calamos Global Dynamic Income Fund,0001396277,0,,,,
TX,Ternium S.A.,0001342874,0,,,,
APGH,AleeanPeace Group Holdings Ltd,0001763660,0,-39341.0,328340.0,10484.0,391950.0
EMO,ClearBridge Energy Midstream Opportunity Fund Inc.,0001517518,0,,,,
VOC,VOC Energy Trust,0001505413,0,,,,
XIII,Churchill Capital Corp XIII,0002114229,0,,,,
GBNXY,Gibson Energy Inc/ADR,0002071913,0,,,,
GSMT,Global-Smart.Tech Inc.,0001940243,0,-103768.0,79156.0,124649.0,459975.0
TSLVF,TIER ONE SILVER INC.,0001852753,0,,,,
EIIA,Eagle Point Institutional Income Fund,0001896036,0,,,,
PNAQ,Pinnacle Acquisition Corp,0002123955,0,,,,
ICGSF,ICG Silver & Gold Ltd.,0002123553,0,,,,
SKBBY,"Sichuan Kelun-Biotech Biopharmaceutical Co., Ltd./ADR",0002125904,0,,,,
NUOX,"NuvOx Therapeutics, Inc.",0001966126,0,,,,
CX,CEMEX SAB DE CV,0001076378,0,,,,
KTN,STRUCTURED PRODUCTS CORP CRED ENHANCE CORTS TR FOR AON CAP A,0001283337,0,,,,
WIW,WESTERN ASSET INFLATION-LINKED OPPORTUNITIES & INCOME FUND,0001267902,0,,,,
IPB,MERRILL LYNCH DEPOSITOR INC INDEXPLUS TRUST SERIES 2003-1,0001267332,0,,,,
PYT,PPLUS Trust Series GSC-2,0001294808,0,,,,
EFT,Eaton Vance Floating-Rate Income Trust,0001288992,0,,,,
SDSYA,SOUTH DAKOTA SOYBEAN PROCESSORS LLC,0001163609,0,17735646.0,0.0,842782234.0,
PCQ,PIMCO CALIFORNIA MUNICIPAL INCOME FUND,0001140411,0,,,,
DSL,DoubleLine Income Solutions Fund,0001566388,0,,,,
CLBK,"Columbia Financial, Inc./MD/",0002115119,0,,,,
EOSE,"Eos Energy Enterprises, Inc.",0001805077,0,-969647000.0,114203000.0,885197000.0,1762517000.0
PFBC,Preferred Bank,0001492165,0,,,,
FTRKF,Fast Track Group,0002027262,0,,,,
INHI,Unitrend Entertainment Group Ltd,0001997950,0,,,,
MRX,Marex Group Ltd,0001997464,0,,,,
NSURF,North Shore Uranium Ltd.,0002002326,0,,,,
SINI,SIERRA INTERNATIONAL NETWORK INC,0002011617,0,,,,
MSSE,Morgan Stanley Ethereum Trust,0002103976,0,,,,
FFGG,FF Global Holdings Ltd,0002102972,0,,,,
BEJEF,Beijer Ref AB/ADR,0002116276,0,,,,
LTAFF,Lithium Africa Corp.,0002115899,0,,,,
APBD,AParadise II Acquisition Corp.,0002114463,0,,,,
AMAC,AMR Resources Acquisition Corp.,0002110119,0,,,,
STSUF,Satsuma Technology PLC,0002077638,0,,,,
CCIL,CALM Chain International Ltd,0002083945,0,,,,
MLIZY,MELIUZ S.A.,0002080003,0,,,,
UNID,"RiverNorth Short Prime Unicorn Fund I, Inc",0002077697,0,,,,
AFYA,Afya Ltd,0001771007,0,,,,
NEWP,NEW PACIFIC METALS CORP,0001369085,0,,,,
CRGT,"Cortigent, Inc.",0001958489,0,,,,
PBM,PSYENCE BIOMEDICAL LTD.,0001985062,0,,,,
ALEUY,ALLEGRO.EU SA/ADR,0002046098,0,,,,
ENT,"ENTRATA, INC.",0002028464,0,,,,
CCLV,"C2 Capital Group, Inc.",0002027982,0,,,,
ETHA,iShares Ethereum Trust ETF,0002000638,0,-2315493008.0,,,
LBRJ,"Libera Gaming Operations, Inc",0001999119,0,,,,
NMCPF,Nuvau Minerals Corp,0002003813,0,,,,
PSUS,"Pershing Square USA, Ltd.",0002002660,0,,,,
KYTFY,Kyoto Financial Group Inc/ADR,0002042187,0,,,,
MNSKY,MoneySupermarket.com Group PLC/ADR,0001584297,0,,,,
NSNFY,"Nissin Foods Holdings Co., Ltd./ADR",0002027166,0,,,,
SYTN,Syntiant Corp.,0001718728,0,,,,
AS,"Amer Sports, Inc.",0001988894,0,,,,
GRVT,GreenVector Holdings Ltd,0002078037,0,,,,
FJDI,ARC Group Securities Acquisition I,0002094712,0,,,,
GLVPY,GLENVEAGH PROPERTIES PLC/ADR,0002089499,0,,,,
MDAT,Web3Labs Global Inc.,0002091521,0,,,,
ASM,AVINO SILVER & GOLD MINES LTD,0000316888,0,,,,
CCEYF,CanCambria Energy Corp.,0001992604,0,,,,
BREZ,Breeze Acquisition Corp. II,0002095443,0,,,,
MTMTY,Metlen Energy & Metals PLC/ADR,0002090231,0,,,,
HRBAY,"Horiba, Ltd./ADR",0002088827,0,,,,
ORNJY,OranjeBTC S.A. Educacao E Investmentimento/ADR,0002093314,0,,,,
BAVA,Bitwise Avalanche ETF,0002086017,0,,,,
LSBA,Law's Business Group Holding Ltd,0002075589,0,,,,
MARH,Starrygazey Inc.,0002087064,0,,,,
QQQ,"INVESCO QQQ TRUST, SERIES 1",0001067839,0,,,,
JRS,NUVEEN REAL ESTATE INCOME FUND,0001158289,0,,,,
VCX,"Fundrise Innovation Fund, LLC",0001867090,0,,,,
MOGMF,Mogotes Metals Inc.,0002011589,0,,,,
GSNR,Grayscale Near Trust (NEAR),0002025000,0,,,,
NNRGF,Ninepoint Energy Fund,0001951593,0,,,,
CLYD,"BEACON TOPCO, INC.",0002094256,0,,,,
TKNZ,T. Rowe Price Active Crypto ETF,0002089855,0,,,,
ZSHLY,"Zensho Holdings Co., Ltd./ADR",0002088776,0,,,,
POCH,"POCHE TECHNOLOGY CO., Ltd",0002085836,0,,,,
ODTX,"Odyssey Therapeutics, Inc.",0001882782,0,,,,
CPPKF,Faraday Copper Corp.,0001691710,0,,,,
POM,POMDOCTOR Ltd,0001877971,0,,,,
TRXS,Canary Staked TRX ETF,0002064768,0,,,,
TSUI,21Shares Sui ETF,0002061626,0,,,,
GGTKY,PT GoTo Gojek Tokopedia Tbk/ADR,0002059690,0,,,,
METRY,METRO INC./ADR,0002073643,0,,,,
BIREY,Birchcliff Energy Ltd./ADR,0002073268,0,,,,
AIB,AIB Data Centers Inc.,0002070542,0,,,,
FNIGY,Finning International Inc./ADR,0002073638,0,,,,
HZRBY,"Horizon Robotics, Inc./ADR",0002060217,0,,,,
ONWRY,Onward Medical N.V./ADR,0002059986,0,,,,
SPGH,Smart Pointer Group Holdings Ltd,0002062925,0,,,,
SUIS,Canary Staked SUI ETF,0002060703,0,,,,
TKCYY,"Tokyo Ohka Kogyo Co., Ltd./ADR",0002066601,0,,,,
SSRLY,Sienna Senior Living Inc./ADR,0002073972,0,,,,
SWBKY,Shawbrook Group plc/ADR,0002098324,0,,,,
ININ,Sin Lian Seng Construction,0002097388,0,,,,
SICCY,"SICC Co., Ltd./ADR",0002098860,0,,,,
BTO,JOHN HANCOCK FINANCIAL OPPORTUNITIES FUND,0000925683,0,,,,
RCG,"RENN Fund, Inc.",0000919567,0,,,,
MUJ,"BLACKROCK MUNIHOLDINGS NEW JERSEY QUALITY FUND, INC.",0001053988,0,,,,
REDW,REDWOOD FINANCIAL INC /MN/,0000942895,0,,,,
GAVA,Grayscale Avalanche Staking ETF,0002035053,0,,,,
UATCY,"Unisound AI Technology Co., Ltd./ADR",0002084585,0,,,,
AMTU,"AMATUHI HOLDINGS, INC.",0002078570,0,,,,
UNIU,"RiverNorth Long Prime Unicorn Fund I, Inc.",0002077715,0,,,,
GIVE,Wealth Management System Inc.,0002074158,0,,,,
SVICY,StorageVault Canada Inc./ADR,0002074157,0,,,,
ZSICY,"Zhejiang Sanhua Intelligent Controls Co., Ltd./ADR",0002076398,0,,,,
BSTR,"BSTR Holdings, Inc.",0002083583,0,,,,
AMPM,AM PM Group Ltd,0002049323,0,,,,
NTMJ,Nintech Mould Factory Inc.,0002084296,0,,,,
RENGY,"Rengo Co., Ltd./ADR",0002092252,0,,,,
ZGJLY,"Zhejiang Leapmotor Technology Co., Ltd./ADR",0002087840,0,,,,
GONYF,GO Residential Real Estate Investment Trust,0002081438,0,,,,
NPIXY,Northland Power Inc./ADR,0002072389,0,,,,
TCLXY,TCL Electronics Holdings Limited/ADR,0002073804,0,,,,
BSUDY,Bradsaude S.A./ADR,0002144745,0,,,,
KGBMY,Kongsberg Maritime ASA/ADR,0002133892,0,,,,
NWCL,newcleo Ltd.,0002131813,0,,,,
DAVI,DAVION HEALTHCARE PLC,0002039072,0,,,,
MDDTY,Mandatum Oyj/ADR,0002038958,0,,,,
BRTM,B&R Technology Merger Corp.,0002131350,0,,,,
DRIO,DarioHealth Corp.,0001533998,0,-41714000.0,7394000.0,110075000.0,
SUPX,SuperX AI Technology Ltd,0001897087,0,,,,
FINS,Angel Oak Financial Strategies Income Term Trust,0001745059,0,,,,
DSC,DSC Holdings Ltd.,0001966041,0,,,,
VOXR,VOX ROYALTY CORP.,0001907909,0,,,,
CLBR,Colombier Acquisition Corp. III,0002091024,0,,,,
GOTU,Gaotu Techedu Inc.,0001768259,0,,,,
EH,EHang Holdings Ltd,0001759783,0,,,,
WKEY,Wisekey International Holding S.A.,0001738699,0,,,,
GTLRY,Greatland Resources Limited/ADR,0002087843,0,,,,
CHON,ChainOn Group Ltd,0002095150,0,,,,
SMFSY,"Sumitomo Forestry Co., Ltd./ADR",0002048270,0,,,,
BUI,"BlackRock Utilities, Infrastructure & Power Opportunities Trust",0001528988,0,,,,
EDVA,"SPLASH BEVERAGE GROUP, INC.",0001553788,0,-25234834.0,73066.0,965694.0,16266522.0
SMPHY,SM Prime Holdings Inc./ADR,0002063413,0,,,,
THCLY,"Toho Co., Ltd./ADR",0002064381,0,,,,
TDOG,21Shares Dogecoin ETF,0002064314,0,,,100.0,
JXAMY,JX Advanced Metals Corporation/ADR,0002065485,0,,,,
ACMIF,Allied Critical Metals Corp.,0002065282,0,,,,
BKPOY,Bank Pekao S.A./ADR,0002075877,0,,,,
IDXMF,IDEX METALS CORP.,0002067171,0,,,,
TPZEY,Topaz Energy Corp./ADR,0002073655,0,,,,
IRS,IRSA INVESTMENTS & REPRESENTATIONS INC,0000933267,0,,,,
HBNB,Hotel101 Global Holdings Corp.,0002054507,0,,,,
YLY,Zi Yun Dong Fang Ltd,0002053115,0,,,,
SCAT,Southern Cross Acquisition II Corp.,0002133239,0,,,,
NHS,Neuberger High Yield Strategies Fund Inc.,0001487610,0,,,,
CZZLF,Cizzle Brands Corp,0002105038,0,,,,
BMF,BANG MAI FANG HOLDINGS,0002104827,0,,,,
BVGLY,Bellevue Gold Ltd./ADR,0002127839,0,,,,
ATAYY,American Tungsten & Antimony Ltd,0002127653,0,,,,
TEN,TSAKOS ENERGY NAVIGATION LTD,0001166663,0,,,,
HNUC,Holtec Nuclear Corp,0002104277,0,,,,
NIO,NIO Inc.,0001736541,0,,,,
GSM,Ferroglobe PLC,0001639877,0,,,,
SMGSY,SMG Swiss Marketplace Group AG/ADR,0002093227,0,,,,
TIWD,Timwood Holdings Ltd,0002092291,0,,,,
CNYGF,Canary Gold Corp.,0002090651,0,,,,
BITA,iShares Bitcoin Premium Income ETF,0002089969,0,,,,
BTECH,BTECH Corp,0002086775,0,,,,
AGD,abrdn Global Dynamic Dividend Fund,0001362481,0,,,,
SIAMY,Siam Global House Public Co Limited/ADR,0002138369,0,,,,
HEQ,John Hancock Diversified Income Fund,0001496749,0,,,,
ITHEY,Ithaca Energy PLC/ADR,0002134539,0,,,,
BDDD,Bridge III Acquisition Ltd,0002133836,0,,,,
MTAK,Market Technology Acquisition Corp,0002133136,0,,,,
CVCPY,CVC Capital Partners plc/ADR,0002120046,0,,,,
PSQL,Bleichroeder Acquisition France Merger Sub 2,0002119292,0,,,,
SHILY,Shanghai Iluvatar CoreX Semiconductor Co Ltd/ADR,0002111790,0,,,,
PTT,SIYATA PTT,0002110025,0,,,,
WXILY,"Wuxi Lead Intelligent Equipment Co., Ltd./ADR",0002123372,0,,,,
SKHY,SK hynix Inc.,0002120882,0,,,,
TEAC,Tidewise Acquisition Corp,0002129595,0,,,,
HGZDY,"Hangzhou Diagens Biotechnology Co., Ltd./ADR",0002128813,0,,,,
EULLY,EUROPEAN LITHIUM LTD/ADR,0002127859,0,,,,
FTRA,FutureCorp Space Acquisition 1,0002131853,0,,,,
RHDTY,Ruihe Data Technology Holdings Limited/ADR,0002133020,0,,,,
JXIRY,Jiaxin International Resources Investment Limited/ADR,0002128458,0,,,,
BABAF,Alibaba Group Holding Ltd,0001577552,0,,,,
TSMWF,TAIWAN SEMICONDUCTOR MANUFACTURING CO LTD,0001046179,0,,,,
ASMLF,ASML HOLDING NV,0000937966,0,,,,
LARS,Laris Growth Acquisition Corp.,0002140589,0,,,,
MUYNY,Muyuan Foods Co. Ltd/ADR,0002123524,0,,,,
XTND,"Xtend AI Robotics, Inc.",0002111860,0,,,,
EFGH,Embed Financial Group Holdings,0002104943,0,,,,
LEDR,Leader's Advantage Acquisition Corp.,0002109823,0,,,,
BHV,BLACKROCK VIRGINIA MUNICIPAL BOND TRUST,0001169034,0,,,,
MMXGY,Minimax Group Inc./ADR,0002109556,0,,,,
SCOP,Sprott Physical Copper Trust,0002108383,0,,,,
GBNB,Grayscale BNB ETF,0002106762,0,,,,
GJH,STRATS SM TRUST FOR U S CELL CORP SEC SERIES 2004 6,0001286405,0,,,,
PGP,PIMCO Global StocksPLUS & Income Fund,0001318025,0,,,,
SGPIY,"Seres Group Co., Ltd./ADR",0002099326,0,,,,
SXZTY,"Shanghai Xizhi Technology Co., Ltd./ADR",0002135894,0,,,,
HBCYF,HSBC HOLDINGS PLC,0001089113,0,,,,
NONOF,NOVO NORDISK A S,0000353278,0,,,,
SPTX,"Seaport Therapeutics, Inc.",0002042347,0,,,,
MGRT,Mega Fortune Co Ltd,0002033377,0,,,,
SIGEY,"Sigenergy Technology Co., Ltd./ADR",0002132082,0,,,,
MCFN,"McCarthy Finney, Inc.",0002131882,0,,,,
KVLT,"CoVolt Power, Inc.",0002131613,0,,,,
JONE,Jones Ventures INTL Acquisition1 Corp,0002129056,0,,,,
EMD,WESTERN ASSET EMERGING MARKETS DEBT FUND INC.,0001227862,0,,,,
PSTEY,Poste Italiane S.p.A./ADR,0002149111,0,,,,
MGLBY,MOMENTA GLOBAL LTD/ADR,0002148075,0,,,,
HLNK,HUALINK TECH INC,0002147557,0,,,,
BHTGY,"Beijing Haizhi Technology Group Co., Ltd./ADR",0002125951,0,,,,
NSAI,NorthStrive Acquisition Corp I.,0002133719,0,,,,
CILJF,CHINA LIFE INSURANCE CO LTD,0001268896,0,,,,
TOYOF,TOYOTA MOTOR CORP/,0001094517,0,,,,
SAPGF,SAP SE,0001000184,0,,,,
MBFJF,MITSUBISHI UFJ FINANCIAL GROUP INC,0000067088,0,,,,
RYDAF,Shell plc,0001306965,0,,,,
PCCYF,PETROCHINA CO LTD,0001108329,0,,,,
NVSEF,NOVARTIS AG,0001114448,0,,,,
SMFNF,"SUMITOMO MITSUI FINANCIAL GROUP, INC.",0001022837,0,,,,
RTPPF,RIO TINTO PLC,0000863064,0,,,,
MTRL,Material Resource Acquisition Corp.,0002136360,0,,,,
XTER,Karman Line Acquisition Corp.,0002134856,0,,,,
CTNKY,Capital Tankers Corp./ADR,0002144751,0,,,,
ORCRY,Organo Corporation/ADR,0002142762,0,,,,
CATL,Catalyst Acquisition Corp.,0002104391,0,,,,
TARX,Tarsier Pharma Ltd.,0002102720,0,,,,
WQEY,WISeKey International Corp.,0002107968,0,,,,
YARRF,Pirate Gold Corp.,0002099818,0,,,,
VHUB,"VenHub Global, Inc.",0001972234,0,-62399163.0,864450.0,3623962.0,13943270.0
XPL,SOLITARIO RESOURCES CORP.,0000917225,0,-3833000.0,0.0,25030000.0,
SNEJF,Sony Group Corp,0000313838,0,,,,
ABBNY,ABB LTD,0001091587,0,,,,
ABLZF,ABB LTD,0001091587,0,,,,
GLCNF,Glencore plc/ADR,0001524684,0,,,,
AMXOF,AMERICA MOVIL SAB DE CV/,0001129137,0,,,,
EBBNF,ENBRIDGE INC,0000895728,0,,,,
NETTF,"NetEase, Inc.",0001110646,0,,,,
NTTYY,NIPPON TELEGRAPH & TELEPHONE CORP,0000769594,0,,,,
MBGAF,DAIMLER AG,0001067318,0,,,,
YSS,York Space Systems Inc.,0002086587,0,,,,
BCDRF,"Banco Santander, S.A.",0000891478,0,,,,
BHPLF,BHP Group Ltd,0000811809,0,,,,
BTAFF,British American Tobacco p.l.c.,0001303523,0,,,,
BUDFF,Anheuser-Busch InBev SA/NV,0001668717,0,,,,
UNLYF,UNILEVER PLC,0000217410,0,,,,
SNYNF,Sanofi,0001121404,0,,,,
AEAE,AltEnergy Acquisition Corp,0001852016,0,-2339611.0,,6394723.0,18834540.0
DWNX,DELHI BANK CORP,0000927719,0,,,,
MDXH,MDxHealth SA,0001872529,0,,,,
APLM,Apollomics Inc.,0001944885,0,,,,
WBX,Wallbox N.V.,0001866501,0,,,,
ZEPP,Zepp Health Corp,0001720446,0,,,,
BLNC,"Balance Labs, Inc.",0001632121,0,-31768325.0,6667.0,397506.0,3773845.0
INTG,INTERGROUP CORP,0000069422,0,-5348000.0,74753000.0,104101000.0,218405000.0
AMTD,AMTD IDEA GROUP,0001769731,0,,,,
GLV,Clough Global Dividend & Income Fund,0001288795,0,,,,
OCCI,"OFS Credit Company, Inc.",0001716951,0,,,,
SNPMF,CHINA PETROLEUM & CHEMICAL CORP,0001123658,0,,,,
BAESF,BAE SYSTEMS PLC /FI/,0000895564,0,,,,
AIQUF,L AIR LIQUIDE SA /FI,0001161167,0,,,,
CMXHF,CSL LTD,0001274152,0,,,,
BYDDF,BYD CO LTD,0001445162,0,,,,
IDEXF,Industria de Diseno Textil Inditex SA / ADR,0001438656,0,,,,
IFNNF,INFINEON TECHNOLOGIES AG,0001107457,0,,,,
WEBNF,WESTPAC BANKING CORP,0000719245,0,,,,
ELVR,Elevra Lithium Ltd,0001739016,0,,,,
QFIN,"Qfin Holdings, Inc.",0001741530,0,,,,
RIOFF,Rio2 Ltd,0001743235,0,,,,
POET,POET TECHNOLOGIES INC.,0001437424,0,,,,
HYT,"BLACKROCK CORPORATE HIGH YIELD FUND, INC.",0001222401,0,,,,
BPAQF,BP PLC,0000313807,0,,,,
GLAXF,GSK plc,0001131399,0,,,,
DTEGF,DEUTSCHE TELEKOM AG,0000946770,0,,,,
SID,NATIONAL STEEL CO,0001049659,0,,,,
REAL,"TheRealReal, Inc.",0001573221,0,-41799000.0,692845000.0,409033000.0,824551000.0
SFBQF,SOFTBANK GROUP CORP.,0001065521,0,,,,
NOKBF,NOKIA CORP,0000924613,0,,,,
EIPAF,ENI SPA,0001002242,0,,,,
DGEAF,DIAGEO PLC,0000835403,0,,,,
RBGPF,RECKITT BENCKISER GROUP PLC,0001420798,0,,,,
BAIDF,"Baidu, Inc.",0001329099,0,,,,
SFTBF,SOFTBANK GROUP CORP.,0001065521,0,,,,
RLXXF,RELX PLC,0000929869,0,,,,
STOHF,EQUINOR ASA,0001140625,0,,,,
KDDIF,KDDI CORP,0001106215,0,,,,
PBR-A,PETROBRAS - PETROLEO BRASILEIRO SA,0001119639,0,,,,
LLDTF,Lloyds Banking Group plc,0001160106,0,,,,
ITOCF,ITOCHU CORP,0000355363,0,,,,
TRPCF,Trip.com Group Ltd,0001269238,0,,,,
INGVF,ING GROEP NV,0001039765,0,,,,
TNCAF,TC ENERGY CORP,0001232384,0,,,,
BECEF,BCE INC,0000718940,0,,,,
DKILF,Daikin Industries Ltd,0001446519,0,,,,
TKPHF,TAKEDA PHARMACEUTICAL CO LTD,0001395064,0,,,,
NGGTF,NATIONAL GRID PLC,0001004315,0,,,,
HTHIF,HITACHI LTD,0000047710,0,,,,
MZHOF,MIZUHO FINANCIAL GROUP INC,0001335730,0,,,,
TCKRF,TECK RESOURCES LTD,0000886986,0,,,,
PINXF,People's Insurance Co (Group) of China Limited/ADR,0001569964,0,,,,
BAMXF,Bayerische Motoren Werke AG/ADR,0001446250,0,,,,
MRAAF,"Murata Manufacturing Co., Ltd./ADR",0001450468,0,,,,
BAMGF,BROOKFIELD Corp /ON/,0001001085,0,,,,
SVNDF,SEVEN & I HOLDINGS CO LTD,0001359519,0,,,,
TKOMF,"TOKIO MARINE HOLDINGS, INC.",0001169486,0,,,,
HNDAF,HONDA MOTOR CO LTD,0000715153,0,,,,
JDCMF,"JD.com, Inc.",0001549802,0,,,,
BMDPF,BANCA MONTE DEI PASCHI DI SIENA SPA,0001002788,0,,,,
TCANF,TC ENERGY CORP,0001232384,0,,,,
HLNCF,Haleon plc,0001900304,0,,,,
BBVXF,"BANCO BILBAO VIZCAYA ARGENTARIA, S.A.",0000842180,0,,,,
VWSYF,VESTAS WIND SYSTEMS A/S,0001330306,0,,,,
LAAOF,Li Auto Inc.,0001791706,0,,,,
CODGF,COMPAGNIE DE SAINT GOBAIN,0001012037,0,,,,
BCLYF,BARCLAYS PLC,0000312069,0,,,,
CIXPF,CaixaBank/ADR,0001535628,0,,,,
BIP,Brookfield Infrastructure Partners L.P.,0001406234,0,,,,
FNCTF,ORANGE,0001038143,0,,,,
WOPEF,WOODSIDE ENERGY GROUP LTD,0000844551,0,,,,
PUKPF,PRUDENTIAL PLC,0001116578,0,,,,
ERIXF,ERICSSON LM TELEPHONE CO,0000717826,0,,,,
RBSPF,NatWest Group plc,0000844150,0,,,,
HMRZF,H&M HENNES & MAURITZ AB,0001396282,0,,,,
CAJFF,CANON INC,0000016988,0,,,,
MGTX,MeiraGTx Holdings plc,0001735438,0,-114201000.0,81391000.0,244430000.0,250223000.0
ENAKF,E.ON SE,0001136808,0,,,,
CRARF,CREDIT AGRICOLE S A,0001279967,0,,,,
SAXPF,Sampo OYJ,0001436778,0,,,,
AMSYF,ArcelorMittal,0001243429,0,,,,
HKHHF,HEINEKEN HOLDING N V,0001142231,0,,,,
STMEF,STMicroelectronics N.V.,0000932787,0,,,,
CAJPY,CANON INC,0000016988,0,,,,
HRNNF,Hydro One Ltd,0001712356,0,,,,
ANNSF,Aena S.A./ADR,0001700171,0,,,,
VOR,Vor Biopharma Inc.,0001817229,0,-695981000.0,,464126000.0,628438000.0
SBCLY,Sumitomo Bakelite Co Limited/ADR,0002087852,0,,,,
SGML,Sigma Lithium Corp,0001848309,0,,,,
BORR,Borr Drilling Ltd,0001715497,0,,,,
MARUF,MARUBENI CORP /FI,0000801645,0,,,,
TNRSF,TENARIS SA,0001190723,0,,,,
RYAOF,RYANAIR HOLDINGS PLC,0001038683,0,,,,
ADTTF,ADVANTEST CORP,0001158838,0,,,,
DRTS,Alpha Tau Medical Ltd.,0001871321,0,,,,
AZUL,AZUL SA,0001432364,0,,,,
GNMSF,GENMAB A/S,0001434265,0,,,,
BBDO,BANK BRADESCO,0001160330,0,,,,
VODPF,VODAFONE GROUP PUBLIC LTD CO,0000839923,0,,,,
TEFOF,TELEFONICA S A,0000814052,0,,,,
ORXCF,ORIX CORP,0001070304,0,,,,
XPNGF,XPENG INC.,0001810997,0,,,,
RCIAF,ROGERS COMMUNICATIONS INC,0000733099,0,,,,
TELNF,TELENOR ASA,0001126113,0,,,,
ICHGF,INTERCONTINENTAL HOTELS GROUP PLC /NEW/,0000858446,0,,,,
COCSF,COCA COLA FEMSA SAB DE CV,0000910631,0,,,,
KYOCF,KYOCERA CORP,0000057083,0,,,,
GELYF,Geely Automobile Holdings Limited/ADR,0001474968,0,,,,
NBIS,Nebius Group N.V.,0001513845,0,,,,
CSLLY,CSL LTD,0001274152,0,,,,
GALDY,Galderma Group AG/ADR,0002021390,0,,,,
HONA,Honeywell Aerospace Inc.,0002089271,0,,,,
VZLA,Vizsla Silver Corp.,0001796073,0,,,,
SFDMY,Shanghai Fudan Microelectronics Co Limited/ADR/,0001493507,0,,,,
LSPD,Lightspeed Commerce Inc.,0001823306,0,,,,
NVGS,Navigator Holdings Ltd.,0001581804,0,,,,
CCEC,Capital Clean Energy Carriers Corp.,0001392326,0,,,,
LNXSY,LANXESS AG,0001311307,0,,,,
CNQ,CANADIAN NATURAL RESOURCES Ltd,0001017413,0,,,,
CM,CANADIAN IMPERIAL BANK OF COMMERCE /CAN/,0001045520,0,,,,
BNS,BANK OF NOVA SCOTIA,0000009631,0,,,,
NIOIF,NIO Inc.,0001736541,0,,,,
FRFFF,FAIRFAX FINANCIAL HOLDINGS LTD/ CAN,0000915191,0,,,,
SGIOF,SHIONOGI & CO LTD,0001281721,0,,,,
AKZOF,AKZO NOBEL NV,0000003124,0,,,,
FSNUF,Fresenius SE & Co. KGaA,0000904868,0,,,,
DQJCF,Don Quijote Holdings Co Ltd,0001446597,0,,,,
SBYSF,Sibanye Stillwater Ltd,0001786909,0,,,,
CHKIF,CHINA SOUTHERN AIRLINES CO LTD,0001041668,0,,,,
SURDF,"Sumitomo Realty & Development Co., Ltd./ADR",0001450159,0,,,,
RYLPF,KONINKLIJKE PHILIPS NV,0000313216,0,,,,
SPXSF,Spirax-Sarco Engineering PLC/ADR,0001518542,0,,,,
EDRVY,EDP Renewables S.A./ADR,0001516534,0,,,,
NRSCF,NOMURA HOLDINGS INC,0001163653,0,,,,
POAHF,Porsche Automobil Holding SE / ADR,0001450346,0,,,,
MTNOF,MTN GROUP LTD/ADR,0001163420,0,,,,
BKZHY,Santander Bank Polska SA/ADR,0001459334,0,,,,
SVYSF,SOLVAY S A /ADR/,0000930826,0,,,,
RKLIF,RENTOKIL INITIAL PLC /FI,0000930157,0,,,,
NCSYF,NICE Ltd.,0001003935,0,,,,
SRLZF,Salazar Resources Ltd,0000861972,0,,,,
OSPR,Osprey Acquisition Corp. III,0002113481,0,,,,
FHTX,Foghorn Therapeutics Inc.,0001822462,0,-74283000.0,30909000.0,198103000.0,306603000.0
ISD,"PGIM High Yield Bond Fund, Inc.",0001534880,0,,,,
BCCQ,Bleichroeder Acquisition Corp. III,0002128045,0,,,,
NXG,NXG NextGen Infrastructure Income Fund,0001506488,0,,,,
SDHY,PGIM Short Duration High Yield Opportunities Fund,0001812923,0,,,,
NCAUF,Newcore Gold Ltd.,0001627868,0,,,,
VMXXF,VALHALLA METALS INC.,0001594856,0,,,,
GFIOF,GOLD FIELDS LTD,0001172724,0,,,,
FNGD,BANK OF MONTREAL /CAN/,0000927971,0,,,,
PIRBF,Piraeus Bank S.A.,0001437441,0,,,,
ERRAF,EMERA INC,0001127248,0,,,,
YMHAY,"Yamaha Motor Co., Ltd.",0001447100,0,,,,
ALMMF,ALUMINUM CORP OF CHINA LTD,0001161611,0,,,,
BZLFF,BUNZL PLC,0001072397,0,,,,
SHECF,"Shin-Etsu Chemical Co., Ltd.",0001442651,0,,,,
SNNUF,SMITH & NEPHEW PLC,0000845982,0,,,,
FMCQF,Fresenius Medical Care AG,0001333141,0,,,,
NMPGY,Navios Maritime Holdings Inc.,0001333172,0,,,,
SBMFF,Sino Biopharmaceutical Limited/ADR,0001604982,0,,,,
ASRMF,SOUTHEAST AIRPORT GROUP,0001123452,0,,,,
NDEKF,NITTO DENKO CORP / ADR/,0000353991,0,,,,
YAMHF,"Yamaha Motor Co., Ltd.",0001447100,0,,,,
SMTOF,SUMITOMO ELECTRIC INDUSTRIES LTD/ADR/,0000095227,0,,,,
FNV,FRANCO NEVADA Corp,0001456346,0,,,,
OMER,OMEROS CORP,0001285819,0,-3350000.0,22017000.0,325632000.0,
AEGOF,AEGON LTD.,0000769218,0,,,,
MNBEF,MINEBEA MITSUMI Inc.,0001034983,0,,,,
GPAEF,Pacific Airport Group,0001347557,0,,,,
AOMFF,ALSTOM,0001062066,0,,,,
BRZL,"Adapti, Inc.",0001420924,0,,,,
PRYMF,Prysmian S.p.A.,0001437672,0,,,,
WPPGF,WPP plc,0000806968,0,,,,
PBNNF,PT Bank Negara Indonesia (Persero) Tbk/ADR,0001504122,0,,,,
CLUS,Cluster Group Holdings Ltd Co,0001346287,0,-52013.0,0.0,0.0,61393.0
NWOEF,New Oriental Education & Technology Group Inc.,0001372920,0,,,,
OSCUF,"Japan Exchange Group, Inc./ADR",0001600520,0,,,,
SASOF,SASOL LTD,0000314590,0,,,,
PSNYW,Polestar Automotive Holding UK PLC,0001884082,0,,,,
UEPEP,UNION ELECTRIC CO,0000100826,0,,,,
UEPEO,UNION ELECTRIC CO,0000100826,0,,,,
SLFPF,STANDARD LIFE PLC,0001370418,0,,,,
SFGRF,Sony Financial Group Inc./ADR,0002084022,0,,,,
ALTB,Alpine Auto Brokers Inc.,0001642365,0,-29740.0,0.0,0.0,44444.0
CIG-C,ENERGY CO OF MINAS GERAIS,0001157557,0,,,,
PSORF,PEARSON PLC,0000938323,0,,,,
DINRF,"SCREEN Holdings Co., Ltd./ADR",0001544379,0,,,,
SAPIF,Saputo Inc./ADR,0002072563,0,,,,
CXMSF,CEMEX SAB DE CV,0001076378,0,,,,
UEPCN,UNION ELECTRIC CO,0000100826,0,,,,
DSECF,Daiwa Securities Group Inc.,0001481045,0,,,,
ATDRF,Auto Trader Group plc/ADR,0001647435,0,,,,
MSUXF,Misumi Group Inc./ADR,0001710864,0,,,,
BTT,BlackRock Municipal 2030 Target Term Trust,0001528437,0,,,,
ATEC,"Alphatec Holdings, Inc.",0001350653,0,-143358000.0,101739000.0,791208000.0,
AKTS,"Aktis Oncology, Inc.",0002035832,0,,,,
LTGO,"Latigo Biotherapeutics, Inc.",0002056611,0,,,,
ZTEK,Zentek Ltd.,0001904501,0,,,,
PPENF,Pampa Energy Inc.,0001469395,0,,,,
PHTCF,PLDT Inc.,0000078150,0,,,,
AKO-B,ANDINA BOTTLING CO INC,0000925261,0,,,,
GIFOF,Grifols SA,0001438569,0,,,,
PADEF,Adaro Energy PT/ADR/,0001489079,0,,,,
KOSCF,Kose Corporation/ADR,0001668501,0,,,,
TYOYY,TAIYO YUDEN CO LTD /ADR/,0000354516,0,,,,
GIFLF,Grifols SA,0001438569,0,,,,
XZJCF,Mitsui Kinzoku Co Ltd./ADR,0001562805,0,,,,
BLBLF,Bilibili Inc.,0001723690,0,,,,
UEPEN,UNION ELECTRIC CO,0000100826,0,,,,
UNBLF,Unibail-Rodamco SE/ADR,0001453932,0,,,,
UEPCP,UNION ELECTRIC CO,0000100826,0,,,,
MITUF,Mitsui Chemicals Inc,0001446420,0,,,,
RTMVF,Rightmove PLC/ADR,0001516536,0,,,,
BLFBY,Balfour Beatty plc/ADR,0001506721,0,,,,
GIKLY,Grifols SA,0001438569,0,,,,
BMRPF,B&M European Value Retail S.A./ADR,0001671235,0,,,,
BCUCF,Brunello Cucinelli S.p.A./ADR,0001581285,0,,,,
RCWLY,Rockwool A/S/ADR,0001969729,0,,,,
GAERF,Central North Airport Group,0001378239,0,,,,
LGO,Largo Inc.,0001400438,0,,,,
CEV,Eaton Vance California Municipal Income Trust,0001074692,0,,,,
RTGN,RetinalGenix Technologies Inc.,0001836295,0,-2428595.0,,21041.0,2323652.0
NBRG,Newbridge Acquisition Ltd,0001918414,0,-221014.0,,4819641.0,5414763.0
WTHVF,Westhaven Gold Corp.,0001562530,0,,,,
SDCO,"SDR Drone, Inc.",0001331421,0,-126948.0,609549.0,3382.0,349258.0
ROC,Rank One Computing Corp,0002077709,0,-2676846.0,16979679.0,6965621.0,7257892.0
TUNGF,American Tungsten Corp.,0002049560,0,,,,
CBAT,CBAK Energy Technology Ltd,0002086841,0,,,,
KMRRF,Kongsberg Maritime ASA/ADR,0002133892,0,,,,
AVLNF,Avalon Advanced Materials Inc.,0001362898,0,,,,
MOB,Mobilicom Ltd,0001898643,0,,,,
EEA,"EUROPEAN EQUITY FUND, INC / MD",0000791718,0,,,,
PERI,Perion Network Ltd.,0001338940,0,,,,
SCGX,SAXON CAPITAL GROUP INC,0001277575,0,,,,
GUAC,Berto Acquisition Corp. II,0002081515,0,,,,
MTAL,Metals Acquisition Corp. II,0002107724,0,,,,
NRT,NORTH EUROPEAN OIL ROYALTY TRUST,0000072633,0,,,,
HMR,Heidmar Maritime Holdings Corp.,0002029471,0,,,,
TV,"GRUPO TELEVISA, S.A.B.",0000912892,0,,,,
SLBT,SL Science Holding Ltd,0002070534,0,,,,
NFJ,"Virtus Dividend, Interest & Premium Strategy Fund",0001260563,0,,,,
EBCRY,Embracer Group AB/ADR,0001969796,0,,,,
HACBY,HACHIJUNI BANK LTD,0000793742,0,,,,
CNL,Collective Mining Ltd.,0001953575,0,,,,
PICS,PicS N.V.,0001841644,0,,,,
SLSR,Solaris Resources Inc.,0002019103,0,,,,
DLAKF,DEUTSCHE LUFTHANSA A G /FI,0001049724,0,,,,
TCMFF,TELECOM ARGENTINA SA,0000932470,0,,,,
DISPF,Disco Corporation/ADR,0001671750,0,,,,
PIFMF,"Indofood Sukses Makmur, Tbk",0001445211,0,,,,
SPTJF,SINOPEC SHANGHAI PETROCHEMICAL CO LTD,0000908732,0,,,,
PTXAF,PT XLSMART Telecom Sejahtera Tbk/ADR,0001545057,0,,,,
TY-P,TRI-CONTINENTAL Corp,0000099614,0,,,,
SOHGY,ALSOK Co Ltd./ADR,0001536787,0,,,,
ZLDPF,Zealand Pharma A/S/ADR,0002068427,0,,,,
HGMCF,HARMONY GOLD MINING CO LTD,0001023514,0,,,,
TYTMF,Tokyo Tatemono Co Ltd,0001447101,0,,,,
AILIM,Ameren Illinois Co,0000018654,0,,,,
TREO,Tactical Resources Corp.,0002041208,0,,,,
UPXI,"UPEXI, INC.",0001775194,0,-13684209.0,15811345.0,123806844.0,
JOCM,JOCOM HOLDINGS CORP.,0001907425,0,-844160.0,24000.0,15840.0,122080.0
WATR,Air Water Ventures Ltd,0002092314,0,,,,
GLBS,GLOBUS MARITIME LTD,0001499780,0,,,,
WSTN,Westin Acquisition Corp,0002076192,0,,,,
REVFF,Gitennes Exploration Inc.,0001002366,0,,,,
SSEA,STARRY SEA ACQUISITION CORP,0002059165,0,320643.0,,58742879.0,
CDGLF,ComfortDelGro Corp Ltd,0001448611,0,,,,
EVOTF,Evotec SE,0001412558,0,,,,
GRPFF,"GRUPO TELEVISA, S.A.B.",0000912892,0,,,,
FLIDF,FLSMIDTH & CO. A/S,0001433087,0,,,,
GDV-PH,GABELLI DIVIDEND & INCOME TRUST,0001260729,0,,,,
ARZTF,ARYZTA AG (fka IAWS GROUP PLC),0001423210,0,,,,
ELE,Elemental Royalty Corp,0002086771,0,,,,
AILLN,Ameren Illinois Co,0000018654,0,,,,
AILLM,Ameren Illinois Co,0000018654,0,,,,
AILLI,Ameren Illinois Co,0000018654,0,,,,
HMDCF,HUTCHMED (China) Ltd,0001648257,0,,,,
AILLP,Ameren Illinois Co,0000018654,0,,,,
AEBZY,ANADOLU EFES BIRACILIK VE MALT SANAYI A S/ADR,0001174511,0,,,,
IFCNF,Inficon Holding AG/ADR,0002035057,0,,,,
AILIN,Ameren Illinois Co,0000018654,0,,,,
RYKKF,Ryohin Keikaku Co/ADR,0001592049,0,,,,
AILLO,Ameren Illinois Co,0000018654,0,,,,
TBNGY,PT Bukit Asam Tbk/ADR,0001489088,0,,,,
GLPGF,Lakefront Biotherapeutics NV,0001421876,0,,,,
OKYO,OKYO Pharma Ltd,0001849296,0,,,,
GALT,GALECTIN THERAPEUTICS INC,0001133416,0,-30836000.0,,19532000.0,145727000.0
CUVL,Clinuvel Pharmaceuticals Ltd,0001290877,0,,,,
FSTR,FOSTER L B CO,0000352825,0,7545000.0,,330372000.0,
BBCQ,Bleichroeder Acquisition Corp. II,0002088295,0,-62576.0,,221528.0,
VKI,Invesco Advantage Municipal Income Trust II,0000908993,0,,,,
LZM,Lifezone Metals Ltd,0001958217,0,,,,
NPT,Texxon Holding Ltd,0002014337,0,,,,
SRFM,SURF AIR MOBILITY INC.,0001936224,0,-110556000.0,,131681000.0,186538000.0
UYSC,UY Scuti Acquisition Corp.,0002036973,0,783344.0,,60156450.0,
CFSU,Complete Financial Solutions Inc.,0001621888,0,,,,
AZASF,Arizona Gold & Silver Inc.,0001701599,0,,,,
DTF,DTF TAX-FREE INCOME 2028 TERM FUND INC,0000879535,0,,,,
AASP,Agassi Sports Entertainment Corp.,0000930245,0,-9491534.0,2017102.0,800443.0,
MB,MASTERBEEF GROUP,0002027265,0,,,,
GIBO,GIBO HOLDINGS Ltd,0002034520,0,,,,
ATHE,ALTERITY THERAPEUTICS LTD,0001131343,0,,,,
VGI,Virtus Global Multi-Sector Income Fund,0001528811,0,,,,
CCD,Calamos Dynamic Convertible & Income Fund,0001602584,0,,,,
FBSI,FIRST BANCSHARES INC /MO/,0000912967,0,,,,
ZKP,Lafayette Digital Acquisition Corp. I,0002087447,0,-58073.0,,188624.0,221697.0
TRAX,"First Tracks Biotherapeutics, Inc.",0002091349,0,,,,
NCV-PA,Virtus Convertible & Income Fund,0001214935,0,,,,
TRPEF,TC ENERGY CORP,0001232384,0,,,,
QQQX,Nuveen NASDAQ 100 Dynamic Overwrite Fund,0001608741,0,,,,
ARBE,Arbe Robotics Ltd.,0001861841,0,,,,
NCTY,The9 LTD,0001296774,0,,,,
CMGMF,Chemring Group PLC/ADR,0001503154,0,,,,
OXLCM,Oxford Lane Capital Corp.,0001495222,0,,,,
BRSYF,Brainsway Ltd.,0001505065,0,,,,
GGT-PE,GABELLI MULTIMEDIA TRUST INC.,0000921671,0,,,,
CLVLF,Clinuvel Pharmaceuticals Ltd,0001290877,0,,,,
CMRE-PC,Costamare Inc.,0001503584,0,,,,
DRDGF,DRDGOLD LTD,0001023512,0,,,,
ITG,"ITG, Inc./DE/",0002110117,0,,,,
TRPPF,TC ENERGY CORP,0001232384,0,,,,
SBOEF,SBO AG/ADR,0001578955,0,,,,
LTGHF,Life Healthcare Group Holdings Limited/ADR,0001569963,0,,,,
FXCNF,FIH Mobile Ltd,0001164009,0,,,,
TUFBY,Thai Union Group Public Co Limited/ADR,0001562296,0,,,,
DRSHF,DroneShield Ltd,0001671541,0,,,,
SWZCF,SWISSCOM AG,0001069336,0,,,,
NIMU,NON INVASIVE MONITORING SYSTEMS INC /FL/,0000720762,0,-222000.0,6000.0,7000.0,954000.0
PBT,PERMIAN BASIN ROYALTY TRUST,0000319654,0,,,,
ECAT,BlackRock ESG Capital Allocation Term Trust,0001864843,0,,,,
APC,ARKO Petroleum Corp.,0002080921,0,,,,
GLOP-PA,GasLog Partners LP,0001598655,0,,,,
FCBM,"First Carolina Financial Services, Inc.",0001531193,0,,,,
SAAQ,Space Asset Acquisition Corp.,0002091222,0,-64829.0,,410731.0,
CCCT,Columbus Circle Capital Corp III,0002123471,0,,,,
LEO,"BNY MELLON STRATEGIC MUNICIPALS, INC.",0000818972,0,,,,
MTLS,MATERIALISE NV,0001091223,0,,,,
SHIP,Seanergy Maritime Holdings Corp.,0001448397,0,,,,
RPMT,"REGO PAYMENT ARCHITECTURES, INC.",0001437283,0,-9593000.0,2250.0,492291.0,
MCAH,Mountain Crest Acquisition 6 Corp.,0002109876,0,,,,
GOSS,"Gossamer Bio, Inc.",0001728117,0,-170370000.0,48471000.0,172249000.0,295009000.0
MLCMF,MILLICOM INTERNATIONAL CELLULAR SA,0000912958,0,,,,
LMED,LataMed AI Corp.,0001477960,0,-207485.0,,0.0,630860.0
MWC,"Micware Co., Ltd.",0002083526,0,,,,
APLMW,Apollomics Inc.,0001944885,0,,,,
CNTHN,CONNECTICUT LIGHT & POWER CO,0000023426,0,,,,
PRRUF,IMMUTEP Ltd,0001506184,0,,,,
UURAF,Ucore Rare Metals Inc.,0001495651,0,,,,
RLFTY,MindMaze Therapeutics Holding SA,0001854078,0,,,,
CNTHO,CONNECTICUT LIGHT & POWER CO,0000023426,0,,,,
MEOBF,MESOBLAST LTD,0001345099,0,,,,
GDRZF,GOLD RESERVE LTD,0001072725,0,-23612393.0,,78340069.0,104144167.0
SLFIF,SUN LIFE FINANCIAL INC,0001097362,0,,,,
CNTHP,CONNECTICUT LIGHT & POWER CO,0000023426,0,,,,
CKDXF,Opthea Ltd,0001815620,0,,,,
VSOGF,"Vista Energy, S.A.B. de C.V.",0001762506,0,,,,
AVHHL,"AVITA Medical, Inc.",0001762303,0,-48587000.0,71610000.0,56392000.0,73042000.0
ERLFF,Entree Resources Ltd.,0001271554,0,,,,
AAPG,ASCENTAGE PHARMA GROUP INTERNATIONAL,0002023311,0,,,,
OXLCO,Oxford Lane Capital Corp.,0001495222,0,,,,
PTCHF,PureTech Health plc,0001782999,0,,,,
TIHRF,Tharisa plc,0002133810,0,,,,
MTGRF,MGX Resources Limited/ADR,0001537543,0,,,,
CNLHP,CONNECTICUT LIGHT & POWER CO,0000023426,0,,,,
VCUFF,Vizsla Copper Corp.,0001884122,0,,,,
EGG,ENIGMATIG LTD,0001982961,0,,,,
PECE,Peace Acquisition Corp.,0002088626,0,,,,
JFB,JFB Construction Holdings,0002024306,0,-5272551.0,30541443.0,40033702.0,
BSAA,BEST SPAC I Acquisition Corp.,0002051587,0,649853.0,,57621209.0,
BKFPF,BROOKFIELD Corp /ON/,0001001085,0,,,,
KEYY,Keystone Acquisition Corp.,0002102771,0,,,,
TMCR,Metals Royalty Co Inc.,0002087398,0,,,,
BYNO,byNordic Acquisition Corp,0001801417,0,-731544.0,,5904232.0,14736557.0
AEC,ANFIELD ENERGY INC.,0001519469,0,,,,
IVEVF,Inventiva S.A.,0001756594,0,,,,
DSX-PB,DIANA SHIPPING INC.,0001318885,0,,,,
DFPH,"Starling Oncology, Inc.",0001799191,0,-60606000.0,502729000.0,164656000.0,180376000.0
NCZ-PA,Virtus Convertible & Income Fund II,0001227857,0,,,,
CNLPL,CONNECTICUT LIGHT & POWER CO,0000023426,0,,,,
BKFOF,BROOKFIELD Corp /ON/,0001001085,0,,,,
ENO,"ENTERGY NEW ORLEANS, LLC",0000071508,0,,,,
VSBC,VITASPRING BIOMEDICAL CO. LTD.,0001697884,0,-415368.0,0.0,14676.0,4445244.0
CNLTN,CONNECTICUT LIGHT & POWER CO,0000023426,0,,,,
CNLPM,CONNECTICUT LIGHT & POWER CO,0000023426,0,,,,
CNPWP,CONNECTICUT LIGHT & POWER CO,0000023426,0,,,,
CNLHO,CONNECTICUT LIGHT & POWER CO,0000023426,0,,,,
PRTHU,"Priority Technology Holdings, Inc.",0001653558,0,-7169000.0,98183000.0,464505000.0,585194000.0
CNPWM,CONNECTICUT LIGHT & POWER CO,0000023426,0,,,,
IPHYF,Innate Pharma SA,0001598599,0,,,,
CNLTL,CONNECTICUT LIGHT & POWER CO,0000023426,0,,,,
BCV-PA,BANCROFT FUND LTD,0000009521,0,,,,
BCAT,BlackRock Capital Allocation Term Trust,0001809541,0,,,,
RQI,COHEN & STEERS QUALITY INCOME REALTY FUND INC,0001157842,0,,,,
OPRA,Opera Ltd,0001737450,0,,,,
GSCCF,ioneer Ltd,0001896084,0,,,,
HEXEY,Euronext Athens Holding S.A./ADR,0001577568,0,,,,
CNLTP,CONNECTICUT LIGHT & POWER CO,0000023426,0,,,,
ARCXF,ArcelorMittal,0001243429,0,,,,
BTA,BlackRock Long-Term Municipal Advantage Trust,0001343793,0,,,,
HUSIF,NICOLA MINING INC.,0001526475,0,,,,
LUCN,"Lucent, Inc.",0001726079,0,-15345.0,0.0,0.0,33065.0
ARRKF,ARRAS MINERALS CORP.,0001855743,0,,,,
CHPGF,Chesapeake Gold Corp,0001394189,0,,,,
SB-PC,"SAFE BULKERS, INC.",0001434754,0,,,,
ECXJ,"CXJ GROUP CO., Ltd",0001823635,0,-2284025.0,458632.0,300175.0,1855286.0
AMEGF,American Eagle Gold Corp.,0002129284,0,,,,
AOAO,Alpha One Inc.,0002042320,0,,,,
OCGSF,Outcrop Silver & Gold Corp,0000942149,0,,,,
ASCBF,ASPAC II Acquisition Corp.,0001876716,0,-224482.0,,586132.0,7684155.0
HSTC,"HST Global, Inc.",0000797564,0,-146210.0,0.0,1526.0,593593.0
FUUFF,F3 Uranium Corp.,0001703118,0,,,,
ARSMF,ARES STRATEGIC MINING INC.,0001804792,0,,,,
CBRRF,Chain Bridge I,0001845149,0,-1332721.0,,1183329.0,4282588.0
BNIGF,Beroni Group Ltd,0001851651,0,,,,
CNLHN,CONNECTICUT LIGHT & POWER CO,0000023426,0,,,,
BRPSF,BROOKFIELD Corp /ON/,0001001085,0,,,,
ATEK,Athena Technology Acquisition Corp. II,0001882198,0,-1271227.0,,1354237.0,18017768.0
GFASY,Gafisa S.A.,0001389207,0,,,,
GLU-PB,GABELLI GLOBAL UTILITY & INCOME TRUST,0001282957,0,,,,
RGBPP,Regen BioPharma Inc,0001589150,0,-1274502.0,126560.0,274628.0,6555811.0
NVNXF,NOVONIX Ltd,0001859795,0,,,,
BRFCF,BROOKFIELD Corp /ON/,0001001085,0,,,,
AVLN,Avalyn Pharma Inc.,0001540171,0,,,,
GAM,GENERAL AMERICAN INVESTORS CO INC,0000040417,0,,,,
AGRO,Adecoagro S.A.,0001499505,0,,,,
RAASY,Cloopen Group Holding Ltd,0001804583,0,,,,
KSBI,KS BANCORP INC,0000912764,0,,,,
RFM,"RiverNorth Flexible Municipal Income Fund, Inc.",0001790177,0,,,,
EDVR,Endeavor Bancorp,0001917599,0,,,,
CYATY,"Contemporary Amperex Technology Co., Limited/ADR",0002070829,0,,,,
NAMM,Namib Minerals,0002026514,0,,,,
FMN,Federated Hermes Premier Municipal Income Fund,0001199004,0,,,,
MZYX,MOZAYYX Acquisition Corp.,0002097376,0,,,,
CWBHF,"Charlotte's Web Holdings, Inc.",0001750155,0,-29741000.0,49897000.0,75273000.0,77312000.0
BDCTF,BuildDirect.com Technologies Inc.,0001576159,0,,,,
EVF,Eaton Vance Senior Income Trust,0001070732,0,,,,
ENGS,Energys Group Ltd,0001971828,0,,,,
NEXM,NexMetals Mining Corp.,0000795800,0,,,,
ILLMF,illumin Holdings Inc.,0001861233,0,,,,
MLMC,"FrankSpeech Network, Inc.",0001099234,0,-2091994.0,,8427.0,
ADIG,ADI GLOBAL DISTRIBUTION INC.,0002105139,0,,,,
ARCO,Arcos Dorados Holdings Inc.,0001508478,0,,,,
TKLS,"Trutankless, Inc.",0001429393,0,-4750710.0,1082887.0,3112234.0,13074248.0
GSL-PB,"Global Ship Lease, Inc.",0001430725,0,,,,
MTNOY,MTN GROUP LTD/ADR,0001163420,0,,,,
ONMD,OneMedNet Corp,0001849380,0,-2801000.0,1359000.0,2151000.0,5116000.0
WSKEF,Wisekey International Holding S.A.,0001738699,0,,,,
RDI,READING INTERNATIONAL INC,0000716634,0,-14140000.0,202988000.0,434929000.0,453027000.0
WINV,WinVest Acquisition Corp.,0001854463,0,-1414690.0,,3184756.0,11815963.0
RMHI,"Retrieve Medical Holdings, Inc.",0001452804,0,-164969.0,,130349.0,621503.0
BNJ,BROOKFIELD Corp /ON/,0001001085,0,,,,
JETBF,Global Crossing Airlines Group Inc.,0001846084,0,-3051000.0,246346000.0,203052000.0,232530000.0
VICP,"Vicapsys Life Sciences, Inc.",0001468639,0,-1182112.0,,39656.0,
MDNAF,Medicenna Therapeutics Corp.,0001807983,0,,,,
SRL,Scully Royalty Ltd.,0000016859,0,,,,
YICC,Yorkville International Capital Corp.,0002130386,0,,,,
GSK,GSK plc,0001131399,0,,,,
CXXIF,C21 Investments Inc.,0000831609,0,,,,
ANPCF,ANGLE plc,0001620678,0,,,,
NRRWF,Nuran Wireless Inc.,0001680637,0,,,,
BKFAF,BROOKFIELD Corp /ON/,0001001085,0,,,,
WNFT,Worldwide NFT Inc.,0001528188,0,-97605.0,,1565.0,274767.0
BQST,Bioquest Corp,0001568628,0,-821022.0,0.0,33540.0,466530.0
USREF,Tactical Resources Corp.,0002037786,0,,,,
XTXXF,Adastra Holdings Ltd.,0001891512,0,,,,
USOI,CREDIT SUISSE AG,0001053092,0,,,,
GWLL,"GOLDENWELL BIOTECH, INC.",0001800373,0,-199740.0,55.0,36120.0,379833.0
HSTI,"High Sierra Technologies, Inc.",0001365388,0,-323952.0,0.0,101502.0,611785.0
CLCS,"Cell Source, Inc.",0001569340,0,-4512642.0,,286500.0,18824336.0
CIB,Grupo Cibest S.A.,0002058897,0,,,,
ANAB,"ANAPTYSBIO, INC",0001370053,0,-13232000.0,234603000.0,364395000.0,
FLNG,Flex LNG Ltd.,0001772253,0,,,,
MDCOY,PT Medco Energi Internasional Tbk/ADR,0002094100,0,,,,
GLOB,Globant S.A.,0001557860,0,,,,
AVVSY,Avio S.p.A./ADR,0002082141,0,,,,
EQNR,EQUINOR ASA,0001140625,0,,,,
CNDA,Concord Acquisition Corp II,0001851959,0,556003.0,,353840.0,8973598.0
ECOR,"electroCore, Inc.",0001560258,0,-13966000.0,32032000.0,18667000.0,20376000.0
HTT,High Templar Tech Ltd,0001692705,0,,,,
HFRO,HIGHLAND OPPORTUNITIES & INCOME FUND,0001710680,0,,,,
AUNA,AUNA S.A.,0001799207,0,,,,
AIAI,AIAI Holdings Corp,0002096362,0,,,,
FTW,PRESIDIO PRODUCTION Co,0002083125,0,,,,
SPE-PC,"SPECIAL OPPORTUNITIES FUND, INC.",0000897802,0,,,,
GCV,GABELLI CONVERTIBLE & INCOME SECURITIES FUND INC,0000845611,0,,,,
BKFDF,BROOKFIELD Corp /ON/,0001001085,0,,,,
AGLY,Atlantis Glory Inc.,0001673504,0,-39199.0,155996.0,9000.0,210628.0
CUBT,Curative Biotechnology Inc,0001400271,0,,,,
MNTCF,"Montage Technology Co., Ltd./ADR",0002123346,0,,,,
PRNAF,ALTERITY THERAPEUTICS LTD,0001131343,0,,,,
EESH,"EESTech, Inc.",0001138867,0,,,,
SITS,"SOUTHERN ITS INTERNATIONAL, INC.",0001468978,0,-1018006.0,1390258.0,29796.0,3074706.0
BRCNF,Burcon NutraScience Corp,0001158399,0,,,,
GSTX,Graphene & Solar Technologies Ltd,0001497649,0,-3304596.0,0.0,313046.0,4869739.0
ZIVO,"Zivo Bioscience, Inc.",0001101026,0,-13384836.0,157220.0,1643122.0,2158019.0
MRZLF,Mirasol Resources Ltd,0001301854,0,,,,
BRCFF,BROOKFIELD Corp /ON/,0001001085,0,,,,
BXDIF,BROOKFIELD Corp /ON/,0001001085,0,,,,
FEOVF,OCEANIC IRON ORE CORP,0000936801,0,,,,
RMIX,"Suncrete, Inc.",0002094433,0,,,,
BDJ,BlackRock Enhanced Equity Dividend Trust,0001332283,0,,,,
TAKOF,Volatus Aerospace Inc.,0001547452,0,,,,
GLUC,"Glucose Health, Inc.",0001420108,0,-410443.0,,33145.0,528592.0
SWISF,Sekur Private Data Ltd.,0001771755,0,,,,
CTGL,SKYTECH ORION GLOBAL CORP.,0001498067,0,-1917000.0,0.0,1211000.0,5468000.0
CLNV,Clean Vision Corp,0001391426,0,-14003195.0,231040.0,13066884.0,24966443.0
VMNT,"Vemanti Group, Inc.",0001605057,0,-1498878.0,123056.0,144941.0,317311.0
CAN,Canaan Inc.,0001780652,0,,,,
EGLXF,Enthusiast Gaming Holdings Inc. / Canada,0001854233,0,,,,
SUIC,SUIC Worldwide Holdings Ltd.,0001394108,0,-119644.0,18482.0,9791.0,887755.0
LYNX,Lyntris Inc.,0002132582,0,,,,
IONR,ioneer Ltd,0001896084,0,,,,
BVENY,Brava Energia S.A.,0002095292,0,,,,
EVTK,EVENTIKO INC.,0001816554,0,-23867.0,0.0,0.0,
PAXH,PREAXIA HEALTH CARE PAYMENT SYSTEMS INC.,0001350156,0,-99449.0,0.0,14.0,2396193.0
VNME,Vendome Acquisition Corp I,0002055879,0,2049849.0,,204606763.0,
MGTI,"MGT CAPITAL INVESTMENTS, INC.",0001001601,0,-219000.0,2030000.0,106000.0,2387000.0
BKAMF,BROOKFIELD Corp /ON/,0001001085,0,,,,
IAE,Voya Asia Pacific High Dividend Equity Income Fund,0001385632,0,,,,
BAMKF,BROOKFIELD Corp /ON/,0001001085,0,,,,
XONI,"Xtreme One Entertainment, Inc.",0002040753,0,,,,
BRRN,Bryn Inc.,0001397795,0,-40025.0,40900.0,85645.0,96612.0
MNQFF,MANULIFE FINANCIAL CORP,0001086888,0,,,,
UCASU,UC Asset LP,0001723517,0,,,,
RDAR,"Telvantis, Inc.",0001384365,0,-9180227.0,82055.0,16983.0,3889751.0
KNOS,KRONOS ADVANCED TECHNOLOGIES INC,0001108248,0,,,,
ACRL,"Atacama Resources International, Inc.",0001584618,0,-1530378.0,0.0,21565.0,700839.0
GBCS,"SELECTIS HEALTH, INC.",0000727346,0,-1015752.0,3623391.0,32577993.0,38788531.0
VQSSF,VIQ Solutions Inc.,0001777765,0,,,,
NGHI,"Galenfeha, Inc.",0001574676,0,-162572.0,280063.0,54964.0,122378.0
NPHC,NUTRA PHARMA CORP,0001119643,0,-2047392.0,130596.0,584558.0,17409864.0
HMMR,HAMMER TECHNOLOGY HOLDINGS CORP.,0001539680,0,-2797393.0,0.0,235534.0,963609.0
BLMH,"BLUM HOLDINGS, INC.",0001996210,0,-14130000.0,12990000.0,24820000.0,29564000.0
NEXCF,Nextech3D.AI Corp.,0001737270,0,,,,
LCHD,Leader Capital Holdings Corp.,0001715433,0,-11920097.0,339442.0,718818.0,2918925.0
XESP,"Electronic Servitor Publication Network, Inc.",0001709542,0,-593833.0,0.0,118967.0,
BBBXF,Brixton Metals Corp,0001548958,0,,,,
BASA,"BASANITE, INC.",0001448705,0,-1729396.0,87836.0,265709.0,9091656.0
SILEF,Silver Elephant Mining Corp.,0001545224,0,,,,
SLTN,"SILVERTON ENERGY, INC.",0001508786,0,-235773.0,,,
TRVG,trivago N.V.,0001683825,0,,,,
FNKO,"Funko, Inc.",0001704711,0,-67360000.0,908209000.0,685234000.0,
GBAB,Guggenheim Taxable Municipal Bond & Investment Grade Debt Trust,0001495825,0,,,,
MYN,"BLACKROCK MUNIYIELD NEW YORK QUALITY FUND, INC.",0000882150,0,,,,
FDMM,Freedom Metals Acquisition Corp.,0002129659,0,,,,
HANNF,Hannan Metals Ltd.,0001123267,0,,,,
CANG,Cango Inc.,0001725123,0,,,,
CIGL,Concorde International Group Ltd.,0002001794,0,,,,
HLP,Hongli Group Inc.,0001855557,0,,,,
CMCM,Cheetah Mobile Inc.,0001597835,0,,,,
BGY,BlackRock Enhanced International Dividend Trust,0001393299,0,,,,
NLST,NETLIST INC,0001282631,0,-24824000.0,,49477000.0,54680000.0
NYAX,Nayax Ltd.,0001901279,0,,,,
SBEV,"SPLASH BEVERAGE GROUP, INC.",0001553788,0,-25234834.0,73066.0,965694.0,16266522.0
NUVI,Emo Capital Corp.,0001410708,0,-8869.0,,0.0,
MTTCF,Steakholder Foods Ltd.,0001828098,0,,,,
DTGI,"Digerati Technologies, Inc.",0001014052,0,-8291000.0,31623000.0,38372000.0,69276000.0
TGCB,"Tego Cyber, Inc.",0001815632,0,-10738393.0,0.0,236472.0,1020967.0
EGTYF,Eguana Technologies Inc.,0001629632,0,,,,
SYIN,"Synbio International, Inc.",0001292490,0,,,,
RNGC,Ranger Gold Corp.,0001434740,0,-27062.0,0.0,0.0,43293.0
NSFDF,NXT Energy Solutions Inc.,0001009922,0,,,,
BNRG,BRENX LTD.,0001901215,0,,,,
GOGR,Go Green Global Technologies Corp.,0001378866,0,,,,
SSHT,SSHT S&T Group Ltd.,0001975222,0,,,,
JFU,9F Inc.,0001619544,0,,,,
BKTH,MEGOLA INC,0001144392,0,,,,
SRMX,"SADDLE RANCH MEDIA, INC.",0000841533,0,,,,
JFTH,"Japan Food Tech Holdings, Inc.",0001857910,0,-761837.0,15902.0,21606.0,50019.0
SNBRQ,Sleep Number Corp,0000827187,0,-131958000.0,1411450000.0,680060000.0,1258535000.0
MDEX,Madison Technologies Inc.,0001318268,0,-2980623.0,144000.0,130568.0,23441236.0
MAJI,Nextel Medical Corp.,0001492448,0,-435950.0,0.0,58265.0,444776.0
KDKGF,KLONDIKE GOLD CORP /FI,0000872699,0,,,,
VCNX,"VACCINEX, INC.",0001205922,0,-18634000.0,601000.0,2596000.0,5084000.0
JRSS,JRSIS HEALTH CARE Corp,0001597892,0,-80912.0,3461933.0,2144525.0,2305177.0
IWAL,iWallet Corp,0001498372,0,-1102720.0,0.0,80269.0,895773.0
AAGH,America Great Health,0001098009,0,-719119.0,391743.0,301817.0,6045644.0
GPLL,"GPL Holdings, Inc.",0001883083,0,-62743.0,,10014.0,122778.0
CPWR,Ocean Thermal Energy Corp,0000827099,0,-69296723.0,3013875.0,1484775.0,114885902.0
NWPG,"Newport Gold, Inc.",0001289223,0,-223259.0,,62210.0,
MNZO,Exxsun Corp,0001119949,0,,,,
ETV,Eaton Vance Tax-Managed Buy-Write Opportunities Fund,0001322436,0,,,,
BRLL,Barrel Energy Inc.,0001631463,0,-2745564.0,,3796290.0,5515914.0
SPQS,"SportsQuest, Inc.",0000803097,0,-121640.0,0.0,259.0,460264.0
AXIM,"AXIM BIOTECHNOLOGIES, INC.",0001514946,0,-8059682.0,39518.0,4121548.0,11778195.0
SFWJ,"Software Effective Solutions, Corp.",0001919847,0,,,,
MMLP,MARTIN MIDSTREAM PARTNERS L.P.,0001176334,0,-14745000.0,1653009000.0,522418000.0,608213000.0
EMGDF,Eminent Gold Corp.,0001790607,0,,,,
TIGCF,Triumph Gold Corp.,0001387473,0,,,,
BENF,Beneficient,0001775734,0,-87426000.0,-39125000.0,238772000.0,337532000.0
SEOVF,SERNOVA CORP.,0001491434,0,,,,
JXG,JX Luxventure Group Inc.,0001546383,0,,,,
LSE,"Leishen Energy Holding Co., Ltd.",0001985139,0,,,,
KBLB,"Kraig Biocraft Laboratories, Inc.",0001413119,0,-3623353.0,401620.0,2565540.0,10564498.0
JLS,Nuveen Mortgage & Income Fund/MA/,0001472215,0,,,,
ANTA,Antalpha Platform Holding Co,0002044255,0,,,,
SIREF,Sirios Resources Inc.,0001577783,0,,,,
AHRO,"Authentic Holdings, Inc.",0001338929,0,-1320137.0,398600.0,4491703.0,5532182.0
PDO,PIMCO Dynamic Income Opportunities Fund,0001798618,0,,,,
VYRE,CABO VERDE CAPITAL INC.,0001127007,0,,,,
NTRR,NEUTRA CORP.,0001512886,0,-561417.0,67996.0,75175.0,813795.0
KITL,Kisses From Italy Inc.,0001608092,0,-4871545.0,225953.0,85473.0,934002.0
CDSG,"China Dongsheng International, Inc.",0000946112,0,,,,
HBUV,Hubilu Venture Corp,0001639068,0,-551442.0,2203976.0,23534370.0,25312016.0
GMZP,GEMZ Corp. NV,0001973160,0,,,,
PAIYY,Aesthetic Medical International Holdings Group Ltd,0001757143,0,,,,
PLSH,"PANACEA LIFE SCIENCES HOLDINGS, INC.",0001552189,0,-8015301.0,2059627.0,17983462.0,26274916.0
EDGM,"Edgemode, Inc.",0001652958,0,-24629291.0,0.0,1276036.0,20083835.0
SHMP,NaturalShrimp Inc,0001465470,0,-10727729.0,202817.0,24271764.0,44992518.0
LTESF,Leet INC.,0001946746,0,,,,
MMMW,MASS MEGAWATTS WIND POWER INC,0001117228,0,-347174.0,,2829.0,272709.0
WB,WEIBO Corp,0001595761,0,,,,
MOBBW,Mobilicom Ltd,0001898643,0,,,,
GSAC,GELSTAT CORP,0000890725,0,,,,
EMED,"Electromedical Technologies, Inc",0001715819,0,-2641246.0,1348808.0,748383.0,3621170.0
GWSO,"Global Warming Solutions, Inc.",0001430300,0,-516266.0,0.0,237563.0,352901.0
BPYPO,Brookfield Property Partners L.P.,0001545772,0,,,,
BPYPN,Brookfield Property Partners L.P.,0001545772,0,,,,
BPYPM,Brookfield Property Partners L.P.,0001545772,0,,,,
NGCG,"New Generation Consumer Group, Inc.",0001061040,0,,,,
CRDV,Community Redevelopment Inc.,0001084551,0,-10821237.0,93750.0,7584318.0,7950450.0
BIOF,"BLUE BIOFUELS, INC.",0001549145,0,-2874601.0,60000.0,1407379.0,5113462.0
ASII,"Accredited Solutions, Inc.",0001464865,0,-1488595.0,688875.0,229505.0,5302542.0
EHVVF,"Ehave, Inc.",0001653606,0,,,,
YGMZF,MingZhu Logistics Holdings Ltd,0001782037,0,,,,
SNPW,Sun Pacific Holding Corp.,0001343465,0,-278610.0,584650.0,177390.0,3273948.0
ACBM,"ACRO BIOMEDICAL CO., LTD.",0001622996,0,-101146.0,0.0,14098.0,326946.0
DWAY,"Driveitaway Holdings, Inc.",0001394638,0,-930137.0,987937.0,680292.0,9182416.0
FORTY,FORMULA SYSTEMS (1985) LTD,0001045986,0,,,,
ALVO,Alvotech,0001898416,0,,,,
RFAMR,RF Acquisition Corp III,0002091712,0,,,,
MAWAF,"Maruwa Co., Ltd./ADR",0002093667,0,,,,
ZJNGF,Zijin Gold International Co Limited/ADR,0002093654,0,,,,
MUZEU,Muzero Acquisition Corp,0002093484,0,-49541.0,,198950.0,223491.0
MUZEW,Muzero Acquisition Corp,0002093484,0,-49541.0,,198950.0,223491.0
CTTRF,"Controladora Vuela Compania de Aviacion, S.A.B. de C.V.",0001520504,0,,,,
BTDPF,Barratt Developments PLC/ADR,0001516324,0,,,,
MLSPF,Melrose Industries Plc/ADR,0001516535,0,,,,
USAS,Americas Gold & Silver Corp,0001286973,0,,,,
MF,MindForge Inc.,0001888525,0,,,,
CPTAF,Captivision Inc.,0001967478,0,,,,
SIGY,"Sigyn Therapeutics, Inc.",0001642159,0,-3340212.0,143322.0,213719.0,4671343.0
KOAN,"Resonate Blends, Inc.",0000897078,0,-2133208.0,943739.0,1854461.0,3127913.0
ENDV,"ENDONOVO THERAPEUTICS, INC.",0001528172,0,-18474835.0,45544.0,1281266.0,33461585.0
DPUI,"DISCOUNT PRINT USA, INC.",0001791929,0,,,,
NICH,NITCHES INC,0000772263,0,-2843377.0,4830.0,64159.0,2332118.0
LUD,Luda Technology Group Ltd,0001984124,0,,,,
AWLRF,Awale Resources Ltd,0001727254,0,,,,
AMBR,Amber International Holding Ltd,0001697818,0,,,,
ETG,Eaton Vance Tax-Advantaged Global Dividend Income Fund,0001270523,0,,,,
VNET,"VNET Group, Inc.",0001508475,0,,,,
PSNY,Polestar Automotive Holding UK PLC,0001884082,0,,,,
PAX,Patria Investments Ltd,0001825570,0,,,,
NUV,NUVEEN MUNICIPAL VALUE FUND INC,0000812801,0,,,,
ESLA,"Estrella Immunopharma, Inc.",0001844417,0,-13063512.0,,3176975.0,13543033.0
AHII,American Heritage International Inc.,0001545236,0,-168761.0,,76925.0,123271.0
BISA,BALTIC INTERNATIONAL USA INC,0000918545,0,,,,
SONG,Music Licensing Inc.,0001671132,0,,,,
DSGT,DSG Global Inc.,0001413909,0,-7547391.0,3833853.0,2244296.0,9164588.0
CNDHF,CONDUIT HOLDINGS LTD/ADR,0002091663,0,,,,
NGSCF,"Nagase & Co., Ltd./ADR",0002092248,0,,,,
RFAMU,RF Acquisition Corp III,0002091712,0,,,,
SOHGF,ALSOK Co Ltd./ADR,0001536787,0,,,,
QRED-RI,QuasarEdge Acquisition Corp,0002085177,0,,,,
QRED-UN,QuasarEdge Acquisition Corp,0002085177,0,,,,
BEBE-UN,TGE Value Creative Solutions Corp,0002079933,0,,,,
BEBE-WT,TGE Value Creative Solutions Corp,0002079933,0,,,,
MCI,BARINGS CORPORATE INVESTORS,0000275694,0,,,,
EAD,ALLSPRING INCOME OPPORTUNITIES FUND,0001210123,0,,,,
ALOV,"Aldabra 4 Liquidity Opportunity Vehicle, Inc.",0002083989,0,-78082.0,,285064.0,338146.0
HACQ,HCM IV Acquisition Corp.,0002089982,0,-59655.0,,160959.0,195614.0
WILC,G WILLI FOOD INTERNATIONAL LTD,0001030997,0,,,,
AEF,"abrdn Emerging Markets ex-China Fund, Inc.",0000846676,0,,,,
LGSXY,Light S.A./ADR,0001447221,0,,,,
GSRV,GSR V Acquisition Corp.,0002111762,0,,,,
KNOP,KNOT Offshore Partners LP,0001564180,0,,,,
CRCUF,Canagold Resources Ltd.,0000868822,0,,,,
PARK,"Park Dental Partners, Inc.",0002069604,0,,,,
STEW,"SRH Total Return Fund, Inc.",0000102426,0,,,,
THEOR,BOA Acquisition Corp. II,0002080216,0,,,,
THEOU,BOA Acquisition Corp. II,0002080216,0,,,,
STLJF,Stella-Jones Inc./ADR,0002077242,0,,,,
ETSS-WT,Energy Transition Special Opportunities,0002085932,0,,,,
ETSS-UN,Energy Transition Special Opportunities,0002085932,0,,,,
NHKGF,NHK Spring Co. Ltd/ADR,0002087500,0,,,,
PCCOF,Paltac Corporation/ADR,0002089174,0,,,,
CSHRW,CoinShares PLC,0002087587,0,,,,
TOETF,TOSEI CORP/ADR,0002089506,0,,,,
BRUNW,Boost Run Inc.,0002090646,0,,,,
CPXWF,Capital Power Corp/ADR,0002071911,0,,,,
CPRHF,Capital Power Corp/ADR,0002071911,0,,,,
CPWPF,Capital Power Corp/ADR,0002071911,0,,,,
CGDXF,XALI GOLD CORP.,0001479480,0,,,,
NHFOF,NH Foods Ltd./ADR,0001532175,0,,,,
FINCF,Fortis Inc.,0001666175,0,,,,
FRTJF,Fortis Inc.,0001666175,0,,,,
ATS,ATS Corp /ATS,0001394832,0,,,,
PAEXY,Parex Resources Inc./ADR,0002073620,0,,,,
LKFT,Lakefront Biotherapeutics NV,0001421876,0,,,,
PSBAF,PT Sumber Alfaria Trijaya Tbk/ADR,0002063685,0,,,,
ELEEF,Element Fleet Management Corp./ADR,0002073615,0,,,,
NNWWF,North West Co Inc./ADR,0002073913,0,,,,
ARCLU,ARC Group Acquisition I Corp.,0002073515,0,,,,
ARCLW,ARC Group Acquisition I Corp.,0002073515,0,,,,
ARCLR,ARC Group Acquisition I Corp.,0002073515,0,,,,
GRTUF,GRANITE REAL ESTATE INVESTMENT TRUST,0001564538,0,,,,
DLNG-PA,Dynagas LNG Partners LP,0001578453,0,,,,
SHLAF,Schindler Holding AG/ADR,0001655190,0,,,,
SHLRF,Schindler Holding AG/ADR,0001655190,0,,,,
JPHLF,"Japan Post Holdings Co., Ltd./ADR",0001665275,0,,,,
DEO,DIAGEO PLC,0000835403,0,,,,
UMC,UNITED MICROELECTRONICS CORP,0001033767,0,,,,
INFY,Infosys Ltd,0001067491,0,,,,
CCEP,COCA-COLA EUROPACIFIC PARTNERS plc,0001650107,0,,,,
KARD,"Kardigan, Inc.",0002123613,0,,,,
ISFFF,ISS A/S / ADR,0001608401,0,,,,
ISADY,ISS A/S / ADR,0001608401,0,,,,
CXIIU,Churchill Capital Corp XII,0002114227,0,,,,
RGAKF,Rigaku Holdings Corporation/ADR,0002141099,0,,,,
YICCU,Yorkville International Capital Corp.,0002130386,0,,,,
YICCW,Yorkville International Capital Corp.,0002130386,0,,,,
ZTOEF,ZTO Express (Cayman) Inc.,0001677250,0,,,,
EWAVU,East West Ave Acquisition Corp.,0002100704,0,,,,
EWAVR,East West Ave Acquisition Corp.,0002100704,0,,,,
FTPSF,Fortis Inc.,0001666175,0,,,,
FRTSF,Fortis Inc.,0001666175,0,,,,
HERE,Here Group Ltd,0001932770,0,,,,
GCGRW,General Catalyst Global Resilience Merger Corp.,0002108962,0,,,,
ODERF,"Odakyu Electric Railway Co., Ltd./ADR",0002108124,0,,,,
ELSSF,ELIS S.A./ADR,0002127861,0,,,,
MNLTF,Mininglamp Technology Group Limited/ADR,0002128448,0,,,,
CXIIW,Churchill Capital Corp XII,0002114227,0,,,,
BAFBF,Balfour Beatty plc/ADR,0001506721,0,,,,
LOMWF,Lion One Metals Ltd.,0001509397,0,,,,
LTCFX,Alternative Strategies Income Fund,0001496254,0,,,,
LTAFX,Alternative Strategies Income Fund,0001496254,0,,,,
FTRSF,Fortis Inc.,0001666175,0,,,,
FORFF,Fortis Inc.,0001666175,0,,,,
INKWD,"Greene Concepts, Inc",0001585380,0,,,,
SWCPF,SWCC Corp/ADR,0002107960,0,,,,
MTAL-WT,Metals Acquisition Corp. II,0002107724,0,,,,
MTAL-UN,Metals Acquisition Corp. II,0002107724,0,,,,
TMTSW,Spartacus Acquisition Corp. II,0002097364,0,-1038713.0,,188884.0,219347.0
TMTSU,Spartacus Acquisition Corp. II,0002097364,0,-1038713.0,,188884.0,219347.0
KATJF,Knowledge Atlas Technology Joint Stock Co Limited/ADR,0002109545,0,,,,
VUECF,Verdera Energy Corp.,0002111453,0,,,,
GCGRU,General Catalyst Global Resilience Merger Corp.,0002108962,0,,,,
GCL,GCL Global Holdings Ltd,0002002045,0,,,,
ZYBT,Zhengye Biotechnology Holding Ltd,0001975641,0,,,,
FBDT,"First Breach, Inc.",0001892704,0,,,,
IEGCF,Independence Gold Corp.,0001537317,0,,,,
NDLS,NOODLES & Co,0001275158,0,-42568000.0,495089000.0,261671000.0,306976000.0
IGI,Western Asset Investment Grade Opportunity Trust Inc.,0001462586,0,,,,
JUSH,Jushi Holdings Inc.,0001909747,0,-68591000.0,262909000.0,422342000.0,537686000.0
MOBI,"Mobia Medical, Inc.",0001489993,0,,,,
MIY,"BLACKROCK MUNIYIELD MICHIGAN QUALITY FUND, INC.",0000890393,0,,,,
NOA,North American Construction Group Ltd.,0001368519,0,,,,
BGM,BGM Group Ltd.,0001779578,0,,,,
MNYWW,MoneyHero Ltd,0001974044,0,,,,
THNBY,Technoprobe SpA/ADR,0001971172,0,,,,
HAWK,"HawkEye 360, Inc.",0001750704,0,,,,
BROXF,BROOKFIELD Corp /ON/,0001001085,0,,,,
WCPRF,WHITECAP RESOURCES INC.,0001472879,0,,,,
TWN,TAIWAN FUND INC,0000804123,0,,,,
SLOIF,Soitec SA,0001445214,0,,,,
MIMTF,Mitsubishi Materials Corp / ADR,0001460447,0,,,,
COPR-WT,Idaho Copper Corp,0001263364,0,-3074964.0,609174.0,192016.0,6646351.0
GIGGF,Giga Metals Corp,0001336364,0,,,,
STDN,"Standard Nuclear, Inc.",0002086716,0,,,,
CMRE,Costamare Inc.,0001503584,0,,,,
TY,TRI-CONTINENTAL Corp,0000099614,0,,,,
IMOS,CHIPMOS TECHNOLOGIES INC,0001123134,0,,,,
VET,VERMILION ENERGY INC.,0001293135,0,,,,
BRVE,"Braveheart Bio, Inc.",0002131524,0,,,,
BSAAU,BEST SPAC I Acquisition Corp.,0002051587,0,649853.0,,57621209.0,
BSAAR,BEST SPAC I Acquisition Corp.,0002051587,0,649853.0,,57621209.0,
PCF,HIGH INCOME SECURITIES FUND,0000810943,0,,,,
NIPG,NIP Group Inc.,0001966233,0,,,,
INVZ,Innoviz Technologies Ltd.,0001835654,0,,,,
RGT,"ROYCE GLOBAL TRUST, INC.",0001514490,0,,,,
TP,Ticketplus Ltd.,0002104296,0,,,,
RMI,"RiverNorth Opportunistic Municipal Income Fund, Inc.",0001746967,0,,,,
YDDL,One & one Green Technologies. INC,0002034723,0,,,,
ETJ,Eaton Vance Risk-Managed Diversified Equity Income Fund,0001395325,0,,,,
PYPD,PolyPid Ltd.,0001611842,0,,,,
LPA,Logistic Properties of the Americas,0001997711,0,,,,
AAWH,"Ascend Wellness Holdings, Inc.",0001756390,0,-80899000.0,500581000.0,907929000.0,954546000.0
SCAGW,Scage Future,0002000366,0,,,,
DVHGF,Devonian Health Group Inc.,0002000684,0,,,,
GAFC,Guru App Factory Corp,0001989788,0,-43690.0,94500.0,0.0,1303.0
XPRO,Expro Ltd,0002126198,0,,,,
GCLWW,GCL Global Holdings Ltd,0002002045,0,,,,
SCXBF,SCB X Public Co Ltd,0002066600,0,,,,
FUSEW,Fusemachines Inc.,0002033383,0,-928000.0,7714000.0,7536000.0,22112000.0
BXDC,Blackstone Digital Infrastructure Trust Inc.,0002100161,0,,,,
CLM,"Cornerstone Strategic Investment Fund, Inc.",0000814083,0,,,,
NBTX,Nanobiotix S.A.,0001760854,0,,,,
GHRS,GH Research PLC,0001855129,0,,,,
CMPS,COMPASS Pathways plc,0001816590,0,-287862000.0,,210349000.0,263197000.0
WRD,WeRide Inc.,0001867729,0,,,,
RMXID,"RMX INDUSTRIES, INC.",0001970743,0,,,,
BCHMF,Bachem Holding AG/ADR,0001968378,0,,,,
GDERF,Galderma Group AG/ADR,0002021390,0,,,,
YI,"111, Inc.",0001738906,0,,,,
HERZ,"Herzfeld Credit Income Fund, Inc",0000880406,0,,,,
EONGY,E.ON SE,0001136808,0,,,,
KNGRF,Kingsmen Resources Ltd.,0001191832,0,,,,
IRHOR,Iron Horse Acquisition II Corp.,0002051985,0,-204391.0,,364681.0,
GPTGF,GPT Group/ADR,0002075474,0,,,,
TNDEF,Top End Energy Ltd/ADR,0002075349,0,,,,
WSTNR,Westin Acquisition Corp,0002076192,0,,,,
WIPKF,Winpak Ltd./ADR,0002074059,0,,,,
PREKF,PrairieSky Royalty Ltd/ADR,0002071912,0,,,,
CRACU,Crown Reserve Acquisition Corp. I,0002070887,0,1129754.0,,173851920.0,
CRACW,Crown Reserve Acquisition Corp. I,0002070887,0,1129754.0,,173851920.0,
CRACR,Crown Reserve Acquisition Corp. I,0002070887,0,1129754.0,,173851920.0,
BSTZ,BlackRock Science & Technology Term Trust,0001768666,0,,,,
DAO,"Youdao, Inc.",0001781753,0,,,,
KARO,Karooooo Ltd.,0001828102,0,,,,
CEPU,CENTRAL PUERTO S.A.,0001717161,0,,,,
LFLRF,LaFleur Minerals Inc..,0001800890,0,,,,
NEXA,Nexa Resources S.A.,0001713930,0,,,,
ILLUW,Illumination Acquisition Corp. I,0002101135,0,,,,
PIII,P3 Health Partners Inc.,0001832511,0,-147948000.0,1459080000.0,656641000.0,796876000.0
PLGO,Pelagos Insurance Capital Ltd,0001636639,0,,,,
MRCL,Mercalot Inc.,0002029014,0,-36265.0,3900.0,76838.0,87482.0
VNMEU,Vendome Acquisition Corp I,0002055879,0,2049849.0,,204606763.0,
IRHOU,Iron Horse Acquisition II Corp.,0002051985,0,-204391.0,,364681.0,
XTRAF,Xtract One Technologies Inc.,0001684505,0,,,,
FVAV,Fortress Value Acquisition Corp. V,0001850733,0,,,,
ALLT,Allot Ltd.,0001365767,0,,,,
ZIP,"ZIPRECRUITER, INC.",0001617553,0,-32994000.0,448952000.0,569743000.0,646944000.0
OTGA,OTG Acquisition Corp. I,0002077010,0,2181186.0,,234671338.0,
ACAA,Averin Capital Acquisition Corp.,0002096900,0,,,,
ARCI,Archimedes Tech SPAC Partners III Co.,0002083910,0,,,,
TCX,TUCOWS INC /PA/,0000909494,0,-75819000.0,362275000.0,730909000.0,
PLCI,Pelican Acquisition II Corp,0002122392,0,,,,
TSQ,"Townsquare Media, Inc.",0001499832,0,-11516000.0,427380000.0,528618000.0,569610000.0
MLAAU,Mountain Lake Acquisition Corp. II,0002094265,0,-82211.0,,168035.0,225246.0
PARXF,Parex Resources Inc./ADR,0002073620,0,,,,
TMTNF,Toromont Industries Ltd./ADR,0002072098,0,,,,
VNMEW,Vendome Acquisition Corp I,0002055879,0,2049849.0,,204606763.0,
MDDNF,Meridian Energy Ltd/ADR,0002063417,0,,,,
FLNCF,Freelancer Ltd,0002065932,0,,,,
DGAC-RI,DISCIPLINED GROWTH ACQUISITION Corp,0002111038,0,,,,
DGAC-UN,DISCIPLINED GROWTH ACQUISITION Corp,0002111038,0,,,,
BLHWF,BELIMO Holding AG/ADR,0002109234,0,,,,
NOFCF,NOF Corporation/ADR,0002108180,0,,,,
SAMO-UN,Samos Energy Acquisition Corp,0002125567,0,,,,
ERBGF,Eastroc Beverage Group Co. Ltd/ADR,0002123531,0,,,,
IQMXW,IQM Quantum Computers Oyj,0002113060,0,,,,
CSBA,CSB Financial Inc.,0002114521,0,,,,
AACOW,Abony Acquisition Corp. I,0002099906,0,-99715.0,,391275.0,465990.0
AACOU,Abony Acquisition Corp. I,0002099906,0,-99715.0,,391275.0,465990.0
OTAI-UN,Starlink AI Acquisition Corp,0002094076,0,,,,
ILLUU,Illumination Acquisition Corp. I,0002101135,0,,,,
SHOTR,RMG ML Sports Holdings,0002104879,0,,,,
SHOTU,RMG ML Sports Holdings,0002104879,0,,,,
KEYYU,Keystone Acquisition Corp.,0002102771,0,,,,
KEYYW,Keystone Acquisition Corp.,0002102771,0,,,,
GHXIU,"Gores Holdings XI, Inc.",0002086438,0,,,,
ARTCW,Art Technology Acquisition Corp.,0002086545,0,-117419.0,,294899.0,
ARTCU,Art Technology Acquisition Corp.,0002086545,0,-117419.0,,294899.0,
AIKCF,Aica Kogyo Co Limited/ADR,0002087856,0,,,,
PTACW,Patriot Acquisition Corp./CI,0002099095,0,,,,
PTACU,Patriot Acquisition Corp./CI,0002099095,0,,,,
TVIVW,Texas Ventures Acquisition IV Corp,0002096755,0,,,,
TVIVU,Texas Ventures Acquisition IV Corp,0002096755,0,,,,
BIDWR,Tribeca Strategic Acquisition Corp.,0002094919,0,,,,
BIDWU,Tribeca Strategic Acquisition Corp.,0002094919,0,,,,
CBGGF,Chain Bridge I,0001845149,0,-1332721.0,,1183329.0,4282588.0
MLAAW,Mountain Lake Acquisition Corp. II,0002094265,0,-82211.0,,168035.0,225246.0
OPPPF,Open House Group Co. Ltd/ADR,0002131812,0,,,,
VII-WT,Viking Acquisition Corp. II,0002139246,0,,,,
VII-UN,Viking Acquisition Corp. II,0002139246,0,,,,
EXOSF,Exosens SAS/ADR,0002109666,0,,,,
FHFLF,Foshan Haitian Flavouring & Food Co Ltd./ADR,0002082876,0,,,,
AESPW,Aeon Acquisition I Corp.,0002082526,0,-43751.0,,299009.0,
AESPR,Aeon Acquisition I Corp.,0002082526,0,-43751.0,,299009.0,
AESPU,Aeon Acquisition I Corp.,0002082526,0,-43751.0,,299009.0,
SORNU,Soren Acquisition Corp.,0002086263,0,-83209.0,,516675.0,574884.0
SORNW,Soren Acquisition Corp.,0002086263,0,-83209.0,,516675.0,574884.0
AACIW,Armada Acquisition Corp. III,0002092897,0,-52950.0,,332011.0,359961.0
AACIU,Armada Acquisition Corp. III,0002092897,0,-52950.0,,332011.0,359961.0
OTAI-RI,Starlink AI Acquisition Corp,0002094076,0,,,,
DPCDF,DPC DASH LTD/ADR,0002094201,0,,,,
MLCO,Melco Resorts & Entertainment LTD,0001381640,0,,,,
CHA,Chagee Holdings Ltd.,0002013649,0,,,,
LIND,"LINDBLAD EXPEDITIONS HOLDINGS, INC.",0001512499,0,-29721000.0,,979958000.0,1133457000.0
AERO,"Grupo Aeromexico, S.A.B. de C.V.",0001561861,0,,,,
GHXIW,"Gores Holdings XI, Inc.",0002086438,0,,,,
EVBWF,Vertical Aerospace Ltd.,0001867102,0,,,,
EVTWF,Vertical Aerospace Ltd.,0001867102,0,,,,
NVACW,"Profusa, Inc.",0001859807,0,-35823000.0,100000.0,3775000.0,30433000.0
OTGAU,OTG Acquisition Corp. I,0002077010,0,2181186.0,,234671338.0,
OTGAW,OTG Acquisition Corp. I,0002077010,0,2181186.0,,234671338.0,
WSTNU,Westin Acquisition Corp,0002076192,0,,,,
VECA-RI,Vernal Capital Acquisition Corp.,0002081690,0,,,,
GUACW,Berto Acquisition Corp. II,0002081515,0,,,,
GUACU,Berto Acquisition Corp. II,0002081515,0,,,,
VECA-UN,Vernal Capital Acquisition Corp.,0002081690,0,,,,
OBIIF,"OBIC Co., Ltd./ADR",0002077146,0,,,,
ESLAW,"Estrella Immunopharma, Inc.",0001844417,0,-13063512.0,,3176975.0,13543033.0
IMAQW,International Media Acquisition Corp.,0001846235,0,-344794.0,,4002200.0,15831722.0
IMAQU,International Media Acquisition Corp.,0001846235,0,-344794.0,,4002200.0,15831722.0
IMAQR,International Media Acquisition Corp.,0001846235,0,-344794.0,,4002200.0,15831722.0
CBRGF,Chain Bridge I,0001845149,0,-1332721.0,,1183329.0,4282588.0
SHAZ,SharonAI Holdings Inc.,0002068385,0,-39623909.0,1566631.0,133140150.0,143288407.0
JATT,JATT II Acquisition Corp.,0002112446,0,,,,
COE,51Talk Online Education Group,0001659494,0,,,,
CSTAF,Constellation Acquisition Corp I,0001834032,0,-3239103.0,,901209.0,23303004.0
NZAUF,Rua Gold Inc.,0001925511,0,,,,
VIPRF,SILVER VIPER MINERALS CORP.,0001684662,0,,,,
SBI,WESTERN ASSET INTERMEDIATE MUNI FUND INC.,0000882300,0,,,,
ONCY,ONCOLYTICS BIOTECH INC,0001129928,0,-28759000.0,,7582000.0,11381000.0
BNR,Burning Rock Biotech Ltd,0001792267,0,,,,
GOF,GUGGENHEIM STRATEGIC OPPORTUNITIES FUND,0001380936,0,,,,
GENI,Genius Sports Ltd,0001834489,0,,,,
NMZ,NUVEEN MUNICIPAL HIGH INCOME OPPORTUNITY FUND,0001266585,0,,,,
QTZM,Quantum Genesis AI Corp.,0001663038,0,-199269.0,0.0,584.0,441301.0
EVT,Eaton Vance Tax-Advantaged Dividend Income Fund,0001253327,0,,,,
TSAT,Telesat Corp,0001845840,0,,,,
PLBL,Polibeli Group Ltd,0002035697,0,,,,
HMELF,Hold Me Ltd,0001853630,0,,,,
BRLSW,Borealis Foods Inc.,0001852973,0,-18978618.0,31475628.0,52573331.0,71803918.0
HNSDF,Hensoldt AG/ADR,0001856488,0,,,,
EVAWF,Vertical Aerospace Ltd.,0001867102,0,,,,
RVSNW,Rail Vision Ltd.,0001743905,0,,,,
NICHX,Variant Alternative Income Fund,0001736510,0,,,,
AFRIW,Forafric Global PLC,0001903870,0,,,,
MLECW,Moolec Science SA,0001937737,0,,,,
DRTSW,Alpha Tau Medical Ltd.,0001871321,0,,,,
DFSCW,DEFSEC Technologies Inc.,0001889823,0,,,,
PLSAY,Polestar Automotive Holding UK PLC,0001884082,0,,,,
ANGH,Anghami Inc,0001871983,0,,,,
TRGSR,TRG Latin America Acquisitions Corp.,0002098780,0,,,,
GIXXR,GigCapital9 Corp.,0002098712,0,-44764.0,0.0,155828.0,175592.0
GIXXU,GigCapital9 Corp.,0002098712,0,-44764.0,0.0,155828.0,175592.0
TRGSU,TRG Latin America Acquisitions Corp.,0002098780,0,,,,
MCAHR,Mountain Crest Acquisition 6 Corp.,0002109876,0,,,,
MCAHU,Mountain Crest Acquisition 6 Corp.,0002109876,0,,,,
DPLMF,Diploma plc/ADR,0001529906,0,,,,
EBOSF,EBOS Group Limited/ADR,0001533082,0,,,,
SLND-WT,"Southland Holdings, Inc.",0001883814,0,-306540000.0,772168000.0,989280000.0,1121786000.0
LOCLW,Local Bounti Corporation/DE,0001840780,0,-94379000.0,48365000.0,410493000.0,576729000.0
LSRCF,Lasertec Corporation/ADR,0001822989,0,,,,
BURUW,"Nuburu, Inc.",0001814215,0,-79071276.0,0.0,49819239.0,65001412.0
CLPS,CLPS Inc,0001724542,0,,,,
SDMHF,Sartorius Stedim Biotech S.A./ADR,0001794363,0,,,,
PSPX,Pacific Sports Exchange Inc.,0001765651,0,-36745.0,4600.0,10245.0,
EYUUF,Electricity Generating Public Co Limited/ADR,0001562294,0,,,,
EYGPF,Electricity Generating Public Co Limited/ADR,0001562294,0,,,,
IPSOF,IPSOS/ADR,0001582820,0,,,,
OZKAP,Bank OZK,0001569650,0,,,,
SNROF,"Sanrio Company, Ltd./ADR",0001584273,0,,,,
OCLTU,OceanLight Acquisition Corp,0002137679,0,,,,
CCCTU,Columbus Circle Capital Corp III,0002123471,0,,,,
CCCTW,Columbus Circle Capital Corp III,0002123471,0,,,,
DTREF,DATELINE RESOURCES LTD/ADR,0002127860,0,,,,
SVIVW,Spring Valley Acquisition Corp. IV,0002098242,0,,,,
HCM,HUTCHMED (China) Ltd,0001648257,0,,,,
DRRKF,dormakaba Holding AG,0001705969,0,,,,
SCAFF,Schaeffler AG/ADR,0001713675,0,,,,
OCCIM,"OFS Credit Company, Inc.",0001716951,0,,,,
OCCIN,"OFS Credit Company, Inc.",0001716951,0,,,,
BGFR,BestGofer Inc.,0001722556,0,-25748.0,5260.0,116477.0,140772.0
ZLME,Zhanling International Ltd,0001489300,0,-38486.0,,183.0,53222.0
BRSL,Brightstar Lottery PLC,0001619762,0,,,,
BYSI,BeyondSpring Inc.,0001677940,0,-1006000.0,,25933000.0,49923000.0
COAG,"Hemab Therapeutics Holdings, Inc.",0002114044,0,,,,
MFP,"Midera Food Processing, Inc.",0002088281,0,,,,
RLX,RLX Technology Inc.,0001828365,0,,,,
STNE,StoneCo Ltd.,0001745431,0,,,,
AEGXF,Aecon Group Inc.,0001309167,0,,,,
KLRA,"Kailera Therapeutics, Inc.",0002096997,0,,,,
MESO,MESOBLAST LTD,0001345099,0,,,,
CPNNF,Central Pattana Public Co Limited/ADR,0001551468,0,,,,
CTPUF,Central Pattana Public Co Limited/ADR,0001551468,0,,,,
PRIF-PK,"Priority Income Fund, Inc.",0001554625,0,,,,
PRIF-PD,"Priority Income Fund, Inc.",0001554625,0,,,,
TUFUF,Thai Union Group Public Co Limited/ADR,0001562296,0,,,,
THFRF,Thai Union Group Public Co Limited/ADR,0001562296,0,,,,
WENC-UN,West Enclave Merger Corp.,0002104260,0,,,,
KCA-UN,Kensington Capital Acquisition Corp. VI,0002102713,0,,,,
KCAC-WT,Kensington Capital Acquisition Corp. VI,0002102713,0,,,,
LKYRF,Locksley Resources Limited/ADR,0002091585,0,,,,
AMAN,Amanat Acquisition Corp.,0002112457,0,,,,
VATE,INNOVATE Corp.,0001006837,0,-60600000.0,1246000000.0,950100000.0,1165400000.0
GIX,GigCapital9 Corp.,0002098712,0,-44764.0,0.0,155828.0,175592.0
OIM,OneIM Acquisition Corp.,0002088325,0,-59134.0,,479596.0,513730.0
SVMB,"Jingbo Technology, Inc.",0001647822,0,-6670335.0,1542867.0,7776342.0,39057898.0
WDH,Waterdrop Inc.,0001823986,0,,,,
FTZFF,Fitzroy Minerals Inc.,0001819258,0,,,,
ITHUF,"iANTHUS CAPITAL HOLDINGS, INC.",0001643154,0,-40203000.0,143986000.0,255986000.0,359026000.0
RACD,Research Alliance Corp IV,0002137777,0,,,,
TTIPF,"Thiogenesis Therapeutics, Corp.",0001877778,0,,,,
PAI,Western Asset Investment Grade Income Fund Inc.,0000075398,0,,,,
NVX,NOVONIX Ltd,0001859795,0,,,,
FER,Ferrovial N.V.,0001468522,0,,,,
OBCKF,Ottobock SE & Co. KGaA/ADR,0002094691,0,,,,
MZYX-UN,MOZAYYX Acquisition Corp.,0002097376,0,,,,
MZYX-WT,MOZAYYX Acquisition Corp.,0002097376,0,,,,
DBCAW,D. Boral Acquisition I Corp.,0002095161,0,-66845.0,,185954.0,227799.0
DBCAU,D. Boral Acquisition I Corp.,0002095161,0,-66845.0,,185954.0,227799.0
PRIF-PL,"Priority Income Fund, Inc.",0001554625,0,,,,
PAACW,Proem Acquisition Corp. I,0002087446,0,-55482.0,,134302.0,164784.0
PAACU,Proem Acquisition Corp. I,0002087446,0,-55482.0,,134302.0,164784.0
ETOR,eToro Group Ltd.,0001493318,0,,,,
SMSGY,Samsonite International SA/ADR,0001560968,0,,,,
MLYS,"Mineralys Therapeutics, Inc.",0001933414,0,-154651000.0,,661806000.0,
HAFG,"Holistic Asset Finance Group Co., Ltd.",0001367993,0,-137167.0,1784075.0,37731.0,400013.0
SVIVU,Spring Valley Acquisition Corp. IV,0002098242,0,,,,
UAC-UN,United Acquisition Corp. I,0002098669,0,-395502.0,,360668.0,385170.0
WENC-RI,West Enclave Merger Corp.,0002104260,0,,,,
LSHGF,Louis Hachette Group/ADR,0002063675,0,,,,
GENB,"Generate Biomedicines, Inc.",0002100782,0,,,,
NTB,Bank of N.T. Butterfield & Son Ltd,0001653242,0,,,,
RVT,"ROYCE SMALL-CAP TRUST, INC.",0000804116,0,,,,
URGN,UroGen Pharma Ltd.,0001668243,0,-153494000.0,1128000.0,200455000.0,305929000.0
SXGCF,Southern Cross Gold Consolidated Ltd.,0001622629,0,,,,
DUTBF,Duality Biotherapeutics Inc/ADR,0002085208,0,,,,
CLBR-WT,Colombier Acquisition Corp. III,0002091024,0,,,,
CLBR-UN,Colombier Acquisition Corp. III,0002091024,0,,,,
SVNHF,SUNEVISION HOLDINGS/ADR,0002089488,0,,,,
UAC-WT,United Acquisition Corp. I,0002098669,0,-395502.0,,360668.0,385170.0
SRBEF,VusionGroup,0002075141,0,,,,
REECF,Reece Limited/ADR,0002070570,0,,,,
CTATF,"Contemporary Amperex Technology Co., Limited/ADR",0002070829,0,,,,
ABEV,AMBEV S.A.,0001565025,0,,,,
RBGLY,RECKITT BENCKISER GROUP PLC,0001420798,0,,,,
TNEYF,Tamarack Valley Energy Ltd./ADR,0002073901,0,,,,
HNSPF,Hansoh Pharmaceutical Group Co Limited/ADR,0002073669,0,,,,
MYXXU,Maywood Acquisition Corp. 2,0002080087,0,,,,
MYXXR,Maywood Acquisition Corp. 2,0002080087,0,,,,
AIBZ,Bitzero Holdings Inc.,0002100457,0,,,,
GASS,StealthGas Inc.,0001328919,0,,,,
API,"Agora, Inc.",0001802883,0,,,,
PRE,Prenetics Global Ltd,0001876431,0,,,,
AWP,abrdn Global Premier Properties Fund,0001390195,0,,,,
DCX,Digital Currency X Technology Inc.,0001957413,0,,,,
MSC,STUDIO CITY INTERNATIONAL HOLDINGS Ltd,0001713334,0,,,,
DMAC,DiaMedica Therapeutics Inc.,0001401040,0,-32766000.0,,61371000.0,
ORRCF,OROCO RESOURCE CORP,0001390352,0,,,,
KWM,K Wave Media Ltd.,0002000756,0,,,,
MYXXW,Maywood Acquisition Corp. 2,0002080087,0,,,,
MGHTF,Mercury NZ Ltd./ADR,0002062807,0,,,,
EFXT,Enerflex Ltd.,0001904856,0,,,,
SPGNY,Springer Nature AG & Co. KGaA/ADR,0002042556,0,,,,
NZF,Nuveen Municipal Credit Income Fund,0001137887,0,,,,
PAGS,PagSeguro Digital Ltd.,0001712807,0,,,,
BGSI,Boyd Group Services Inc.,0002091467,0,,,,
ALMR,"Alamar Biosciences, Inc.",0002104204,0,,,,
BOBS,"Bob's Discount Furniture, Inc.",0002085187,0,,,,
HIMX,"Himax Technologies, Inc.",0001342338,0,,,,
CSCCF,Capstone Copper Corp./ADR,0002075918,0,,,,
BANL,CBL International Ltd,0001914805,0,,,,
RENXF,Renalytix plc,0001811115,0,-33456000.0,2289000.0,7972000.0,15826000.0
HTCO,High-Trend International Group,0001928948,0,,,,
PCPPF,PC Partner Group Ltd/ADR,0002053411,0,,,,
SPGDF,Springer Nature AG & Co. KGaA/ADR,0002042556,0,,,,
TDTH,Trident Digital Tech Holdings Ltd,0001983550,0,,,,
CDLR,Cadeler A/S,0001978867,0,,,,
DDC,DDC Enterprise Ltd,0001808110,0,,,,
ATCMF,ATICO MINING Corp,0001567663,0,,,,
FLYX-WT,FLYEXCLUSIVE INC.,0001843973,0,-17592000.0,375877000.0,439996000.0,524266000.0
INPOF,InPost S.A./ADR,0001848826,0,,,,
ATHM,Autohome Inc.,0001527636,0,,,,
TGE-WT,Generation Essentials Group,0002053456,0,,,,
SOARW,"Volato Group, Inc.",0001853070,0,5173000.0,0.0,11954000.0,13803000.0
ANGHW,Anghami Inc,0001871983,0,,,,
NRSNW,NeuroSense Therapeutics Ltd.,0001875091,0,,,,
WBXWF,Wallbox N.V.,0001866501,0,,,,
NXNVW,NEXTNAV INC.,0001865631,0,-189253000.0,4573000.0,247019000.0,333254000.0
ARQQW,Arqit Quantum Inc.,0001859690,0,,,,
GRABW,Grab Holdings Ltd,0001855612,0,,,,
CRSF,Crisp Momentum Inc.,0000924396,0,-8085574.0,262.0,305120.0,503705.0
KYN,"Kayne Anderson Energy Infrastructure Fund, Inc.",0001293613,0,,,,
BVC,BitVentures Ltd,0001785680,0,,,,
LZM-WT,Lifezone Metals Ltd,0001958217,0,,,,
ZHIHF,Zhihu Inc.,0001835724,0,,,,
AKPPS,Ark7 Properties Plus LLC,0001923734,0,,,,
NIM,NUVEEN SELECT MATURITIES MUNICIPAL FUND,0000890119,0,,,,
GRAN,Grande Group Ltd/HK,0002027722,0,,,,
GHG,GreenTree Hospitality Group Ltd.,0001724755,0,,,,
LNSR,"LENSAR, Inc.",0001320350,0,-34280000.0,58435000.0,71430000.0,83665000.0
ATGL,Alpha Technology Group Ltd,0001967621,0,,,,
LOOP,"Loop Industries, Inc.",0001504678,0,-12299000.0,10889000.0,8559000.0,18139000.0
WHGOF,White Gold Corp.,0001423867,0,,,,
JGH,Nuveen Global High Income Fund,0001615905,0,,,,
AGEN,AGENUS INC,0001098972,0,-37730000.0,8354000.0,226798000.0,
SICOF,Silverco Mining Ltd.,0002117702,0,,,,
ARQQ,Arqit Quantum Inc.,0001859690,0,,,,
FUFUW,Bitfufu Inc.,0001921158,0,,,,
BCCG,Blue Chip Capital Group Inc.,0001932213,0,-5693136.0,,88983.0,609756.0
LIMNW,"Liminatus Pharma, Inc.",0001971387,0,-10206517.0,,512795.0,10327485.0
SHMDW,SCHMID Group N.V.,0001987240,0,,,,
NAMMW,Namib Minerals,0002026514,0,,,,
ALOIS,"Arrived Homes 5, LLC",0002032732,0,,,,
AEHGS,"Arrived Homes 5, LLC",0002032732,0,,,,
TSCFY,Tisco Financial Group Public Co Limited/ADR,0001555815,0,,,,
LCLN,"Lincoln International, Inc.",0001925283,0,,,,
LLPS,Limitless Projects Inc.,0001842167,0,-68765.0,0.0,139601.0,542930.0
GCTS-WT,"GCT Semiconductor Holding, Inc.",0001851961,0,-43372000.0,2866000.0,15644000.0,98937000.0
CNDAW,Concord Acquisition Corp II,0001851959,0,556003.0,,353840.0,8973598.0
CNDAU,Concord Acquisition Corp II,0001851959,0,556003.0,,353840.0,8973598.0
KDKRW,"Kodiak AI, Inc.",0001853138,0,-585525000.0,3797000.0,159407000.0,219274000.0
VWAVW,"VisionWave Holdings, Inc.",0002038439,0,-6548095.0,,2693013.0,14488460.0
DGMDF,Digital Domain Holdings Limited/ADR,0002034300,0,,,,
MACT,"MachTen, Inc.",0001957783,0,,,,
CCGWW,Cheche Group Inc.,0001965473,0,,,,
NVG,Nuveen AMT-Free Municipal Credit Income Fund,0001090116,0,,,,
PTXKY,PT XLSMART Telecom Sejahtera Tbk/ADR,0001545057,0,,,,
EMAT,Evolution Metals & Technologies Corp.,0001866226,0,-1789441.0,,6610223.0,12216774.0
INTR,"Inter & Co, Inc.",0001864163,0,,,,
RNW,ReNew Energy Global plc,0001848763,0,,,,
GGOXF,Galleon Gold Corp.,0000877019,0,,,,
DMO,Western Asset Mortgage Opportunity Fund Inc.,0001478102,0,,,,
DAIO,DATA I/O CORP,0000351998,0,-5236000.0,21500000.0,20176000.0,
HCHL,Happy City Holdings Ltd,0002046656,0,,,,
MCN,XAI Madison Equity Premium Income Fund,0001289868,0,,,,
UNIB,UNIVERSITY BANCORP INC /DE/,0000811211,0,,,,
BCTX,BriaCell Therapeutics Corp.,0001610820,0,-26311867.0,,21649706.0,
CSTE,Caesarstone Ltd.,0001504379,0,,,,
PTY,PIMCO CORPORATE & INCOME OPPORTUNITY FUND,0001190935,0,,,,
AADX,"Applied Aerospace & Defense, Inc.",0002118195,0,,,,
SVUWF,SRIVARU Holding Ltd,0001973368,0,,,,
ENB,ENBRIDGE INC,0000895728,0,,,,
SPOT,Spotify Technology S.A.,0001639920,0,,,,
BP,BP PLC,0000313807,0,,,,
YDESW,YD Bio Ltd,0002011674,0,,,,
AGMWF,"Silver Mountain Resources, Inc.",0002022059,0,,,,
EBOSY,EBOS Group Limited/ADR,0001533082,0,,,,
NN,NEXTNAV INC.,0001865631,0,-189253000.0,4573000.0,247019000.0,333254000.0
CURLF,"Curaleaf Holdings, Inc.",0001756770,0,,,,
AVPKS,"Arrived Homes 5, LLC",0002032732,0,,,,
AVSBS,"Arrived Homes 5, LLC",0002032732,0,,,,
MGCOF,"Midea Group Co., Ltd./ADR",0002039784,0,,,,
RAPH,Raphael Pharmaceutical Inc.,0001415397,0,-1279000.0,,53000.0,
DSYWW,Big Tree Cloud Holdings Ltd,0001999297,0,,,,
ROMJF,Rubicon Organics Inc.,0001742195,0,,,,
MRNOW,Murano Global Investments Plc,0001988776,0,,,,
LIME,"Neutron Holdings, Inc.",0001699963,0,,,,
TNYZF,Tiny Ltd.,0001836775,0,,,,
AURFF,Tincorp Metals Inc.,0001864597,0,,,,
VLTLF,Volt Lithium Corp.,0001872061,0,,,,
MPNGF,Meituan Dianping/ADR,0001754088,0,,,,
AIBRF,AIB Group plc/ADR,0001728918,0,,,,
COCHW,"Envoy Medical, Inc.",0001840877,0,-23756000.0,241000.0,8558000.0,20325000.0
EOSEW,"Eos Energy Enterprises, Inc.",0001805077,0,-969647000.0,114203000.0,885197000.0,1762517000.0
NAD,Nuveen Quality Municipal Income Fund,0001083839,0,,,,
FXCNY,FIH Mobile Ltd,0001164009,0,,,,
TMC,TMC the metals Co Inc.,0001798562,0,-319844000.0,,181631000.0,215074000.0
NMM,Navios Maritime Partners L.P.,0001415921,0,,,,
ECO,Okeanis Eco Tankers Corp.,0001964954,0,,,,
NEXN,Nexxen International Ltd.,0001849396,0,,,,
VGM,Invesco Trust for Investment Grade Municipals,0000880892,0,,,,
AEM,AGNICO EAGLE MINES LTD,0000002809,0,,,,
SNY,Sanofi,0001121404,0,,,,
IHS,IHS Holding Ltd,0001876183,0,,,,
QGAI,Quantum Genesis AI Corp.,0001663038,0,-199269.0,0.0,584.0,441301.0
SATLF,"Start Today Co., Ltd./ADR",0001679920,0,,,,
WRLRF,West Red Lake Gold Mines Ltd.,0001733968,0,,,,
WRLWF,West Red Lake Gold Mines Ltd.,0001733968,0,,,,
HUHU,HUHUTECH International Group Inc.,0001945415,0,,,,
NTHI,"NEONC TECHNOLOGIES HOLDINGS, INC.",0001979414,0,-62146210.0,39990.0,2823634.0,20331363.0
NICM,NICOLA MINING INC.,0001526475,0,,,,
ELRE,Yinfu Gold Corp.,0001438461,0,-131062.0,0.0,17683.0,652856.0
BRKH,Burtech Acquisition Corp II,0002098707,0,,,,
EHLD,Euroholdings Ltd.,0002032779,0,,,,
SCD,LMP CAPITAL & INCOME FUND INC.,0001270131,0,,,,
HCIC,Hennessy Capital Investment Corp. VIII,0002099093,0,-44505.0,,343865.0,
RMMZ,"RiverNorth Managed Duration Municipal Income Fund II, Inc.",0001870833,0,,,,
LGCXF,Lahontan Gold Corp.,0001921582,0,,,,
ADCT,ADC Therapeutics SA,0001771910,0,-142623000.0,81357000.0,323150000.0,508984000.0
EUDAW,EUDA Health Holdings Ltd,0001847846,0,-24884122.0,9840709.0,25629040.0,29136071.0
FILG,Grayscale Filecoin Trust (FIL),0001852039,0,,,,
NKTP,"Nok Therapeutics, Inc.",0002038166,0,,,,
IPGLF,INTERPUMP GROUP SPA /FI,0001029974,0,,,,
CLBT,Cellebrite DI Ltd.,0001854587,0,,,,
GDV,GABELLI DIVIDEND & INCOME TRUST,0001260729,0,,,,
PHVS,Pharvaris N.V.,0001830487,0,,,,
CSAN,Cosan S.A.,0001430162,0,,,,
DAIUF,"Daifuku Co., Ltd./ADR",0001762831,0,,,,
WEBJF,Webjet Limited/ADR,0001778788,0,,,,
LENDX,Stone Ridge Trust V,0001658645,0,,,,
GGT-PG,GABELLI MULTIMEDIA TRUST INC.,0000921671,0,,,,
SVM,SILVERCORP METALS INC,0001340677,0,,,,
TTAM,Titan America SA,0002035304,0,,,,
SIND,Sinda Ltd.,0002096861,0,,,,
JPC,Nuveen Preferred & Income Opportunities Fund,0001216583,0,,,,
LDXC,Londax Corp.,0001985554,0,-1198.0,66410.0,93308.0,
SSMR,Sunshine Silver Mining & Refining Co,0002091017,0,,,,
EVAX,Evaxion A/S,0001828253,0,,,,
PSIG,PS International Group Ltd.,0001997201,0,,,,
BRVMF,Bravo Mining Corp.,0001913288,0,,,,
HIX,WESTERN ASSET HIGH INCOME FUND II INC.,0001058239,0,,,,
PSFE,Paysafe Ltd,0001833835,0,,,,
SPXX,Nuveen S&P 500 Dynamic Overwrite Fund,0001338561,0,,,,
KTF,DWS MUNICIPAL INCOME TRUST,0000839533,0,,,,
ATAC,Albatross Acquisition Corp,0002135163,0,,,,
ADUR,ADURO CLEAN TECHNOLOGIES INC.,0001863934,0,,,,
SNDL,SNDL Inc.,0001766600,0,,,,
FURY,FURY GOLD MINES LTD,0001514597,0,,,,
FGOVF,FREEGOLD VENTURES LTD,0001064052,0,,,,
IAF,"ABRDN AUSTRALIA EQUITY FUND, INC.",0000779336,0,,,,
RNWWW,ReNew Energy Global plc,0001848763,0,,,,
LAES,SEALSQ Corp,0001951222,0,,,,
VCV,Invesco California Value Municipal Income Trust,0000895531,0,,,,
FXAC,FortuneX Acquisition Corp,0002121703,0,,,,
FWAC,Futurewave Acquisition Corp,0002116105,0,,,,
JHS,JOHN HANCOCK INCOME SECURITIES TRUST,0000759866,0,,,,
CGO,CALAMOS GLOBAL TOTAL RETURN FUND,0001285650,0,,,,
PHD,"Pioneer Floating Rate Fund, Inc.",0001305767,0,,,,
JFIN,Jiayin Group Inc.,0001743102,0,,,,
VGES,Vanguard Green Investment Ltd,0001746119,0,-76778.0,120938.0,15258.0,739836.0
HPF,JOHN HANCOCK PREFERRED INCOME FUND II,0001189740,0,,,,
DOYU,DouYu International Holdings Ltd,0001762417,0,,,,
VIVO,VivoPower PLC,0001681348,0,,,,
EWAV,East West Ave Acquisition Corp.,0002100704,0,,,,
LPSN,LIVEPERSON INC,0001102993,0,-67233000.0,249838000.0,454667000.0,499162000.0
DGNOF,Diagnos Inc.,0001790693,0,,,,
SDOT,Sadot Group Inc.,0001701756,0,-93388000.0,7929137.0,2897000.0,57642000.0
GFR-RI,Greenfire Resources Ltd.,0001966287,0,,,,
GFR-RW,Greenfire Resources Ltd.,0001966287,0,,,,
GFRWF,Greenfire Resources Ltd.,0001966287,0,,,,
RKWAF,Rockwool A/S/ADR,0001969729,0,,,,
BBAR,Banco BBVA Argentina S.A.,0000913059,0,,,,
HSPOF,Horizon Space Acquisition I Corp.,0001946021,0,203618.0,,1230570.0,6095957.0
BTDR,Bitdeer Technologies Group,0001899123,0,,,,
HYPMY,Hypermarcas S.A.,0001486749,0,,,,
UMGNF,Universal Music Group N.V./ADR,0001890126,0,,,,
WLDSW,Wearable Devices Ltd.,0001887673,0,,,,
CDTTW,CDT Equity Inc.,0001896212,0,-39224000.0,,5650000.0,12820000.0
ALSWF,Alpha Star Acquisition Corp,0001865111,0,-847048.0,,724387.0,2972100.0
ALSTF,Alpha Star Acquisition Corp,0001865111,0,-847048.0,,724387.0,2972100.0
ALSUF,Alpha Star Acquisition Corp,0001865111,0,-847048.0,,724387.0,2972100.0
BULLW,Webull Corp,0001866364,0,,,,
USGDF,AMERICAN PACIFIC MINING CORP,0001726159,0,,,,
ADDTF,Addtech AB/ADR,0001766868,0,,,,
NNBXF,Nanobiotix S.A.,0001760854,0,,,,
TCMEF,Tencent Music Entertainment Group,0001744676,0,,,,
HFRO-PB,HIGHLAND OPPORTUNITIES & INCOME FUND,0001710680,0,,,,
HFRO-PA,HIGHLAND OPPORTUNITIES & INCOME FUND,0001710680,0,,,,
KMFG,KEEMO Fashion Group Ltd,0001935033,0,-33121.0,15081.0,3088.0,85154.0
LANWF,Lanvin Group Holdings Ltd,0001922097,0,,,,
PMMBF,PEMBINA PIPELINE CORP,0001546066,0,,,,
KYIV,Kyivstar Group Ltd.,0002062440,0,,,,
JAYGF,Blue Jay Gold Corp.,0002092243,0,,,,
FMSTW,Foremost Clean Energy Ltd.,0001935418,0,,,,
GRRRW,Gorilla Technology Group Inc.,0001903145,0,,,,
ALVOW,Alvotech,0001898416,0,,,,
SMNRW,"Semnur Pharmaceuticals, Inc.",0001913577,0,-160416000.0,50000000.0,1346000.0,22096000.0
AAVXF,Abivax S.A.,0001956827,0,,,,
TOYWF,"TOYO Co., Ltd",0001985273,0,,,,
JBHIF,JB Hi-Fi Limited/ADR,0001643198,0,,,,
SHMZF,Shimadzu Corporation/ADR,0001648512,0,,,,
CHKGF,Cheung Kong Property Holdings Limited/ADR,0001653192,0,,,,
EICA,Eagle Point Income Co Inc.,0001754836,0,,,,
MRCIF,"Mercari, Inc./ADR",0001752564,0,,,,
AUSI,AURA SYSTEMS INC,0000826253,0,-21138000.0,50000.0,1477000.0,39070000.0
BFNH,"BIOFORCE NANOSCIENCES HOLDINGS, INC.",0001310488,0,-1291951.0,17775.0,786.0,619329.0
FPRGF,Falco Resources Ltd.,0001555980,0,,,,
VECA,Vernal Capital Acquisition Corp.,0002081690,0,,,,
PMN,ProMIS Neurosciences Inc.,0001374339,0,-39719147.0,,9182421.0,10441013.0
GDHG,GOLDEN HEAVEN GROUP HOLDINGS LTD.,0001928340,0,,,,
HYI,Western Asset High Yield Opportunity Fund Inc.,0001497186,0,,,,
EVTL,Vertical Aerospace Ltd.,0001867102,0,,,,
RDZN,Roadzen Inc.,0001868640,0,-22516222.0,55021792.0,52658561.0,79177145.0
EP,EMPIRE PETROLEUM CORP,0000887396,0,-72074000.0,34203000.0,65873000.0,70479000.0
ACRG,"American Clean Resources Group, Inc.",0000773717,0,-1920362.0,0.0,3948492.0,4468388.0
LFTO,"Liftoff Mobile, Inc.",0001850351,0,,,,
IOND,Ionic Digital Inc.,0002007691,0,,,,
PMBPF,PEMBINA PIPELINE CORP,0001546066,0,,,,
PBNAF,PEMBINA PIPELINE CORP,0001546066,0,,,,
PBPRF,PEMBINA PIPELINE CORP,0001546066,0,,,,
PPLOF,PEMBINA PIPELINE CORP,0001546066,0,,,,
BUHPF,Bumrungrad Hospital Public Co Limited/ADR,0001547870,0,,,,
BUGDF,Bumrungrad Hospital Public Co Limited/ADR,0001547870,0,,,,
RDGMF,Ridgeline Minerals Corp,0001820025,0,,,,
NSKFF,Kongsberg Gruppen ASA/ADR,0001535759,0,,,,
RIV-PA,"RIVERNORTH OPPORTUNITIES FUND, INC.",0001501072,0,,,,
FRSPF,First Phosphate Corp.,0001490078,0,,,,
NASC,Can B Corp,0001509957,0,-9737464.0,122746.0,10126164.0,11128132.0
BSBR,Banco Santander (Brasil) S.A.,0001471055,0,,,,
RKWBF,Rockwool A/S/ADR,0001969729,0,,,,
AWRE,AWARE INC /MA/,0001015739,0,-5873000.0,,37195000.0,
NU,Nu Holdings Ltd.,0001691493,0,,,,
AIFU,AIFU Inc.,0001413855,0,,,,
PDD,PDD Holdings Inc.,0001737806,0,,,,
MFG,MIZUHO FINANCIAL GROUP INC,0001335730,0,,,,
HCTPF,Hutchison Port Holdings Trust/ADR,0001580226,0,,,,
BBAAY,Alibaba Group Holding Ltd,0001577552,0,,,,
PPLAF,PEMBINA PIPELINE CORP,0001546066,0,,,,
KC,Kingsoft Cloud Holdings Ltd,0001795589,0,,,,
JPSTF,"Japan Post Bank Co., Ltd.",0001659576,0,,,,
CEHCF,"Cosmo Energy Holdings Co., Ltd./ADR",0001668393,0,,,,
OPTH,Optimi Health Corp.,0002027329,0,,,,
HWLDF,H World Group Ltd,0001483994,0,,,,
CMCLF,"China Molybdenum Co., Ltd.",0001447960,0,,,,
RPGRF,REA Group Limited/ADR,0001614943,0,,,,
BUD,Anheuser-Busch InBev SA/NV,0001668717,0,,,,
EXK,ENDEAVOUR SILVER CORP,0001277866,0,,,,
SMFG,"SUMITOMO MITSUI FINANCIAL GROUP, INC.",0001022837,0,,,,
PBR,PETROBRAS - PETROLEO BRASILEIRO SA,0001119639,0,,,,
BMO,BANK OF MONTREAL /CAN/,0000927971,0,,,,
HDB,HDFC BANK LTD,0001144967,0,,,,
BTI,British American Tobacco p.l.c.,0001303523,0,,,,
LPSIF,LEGEND POWER SYSTEMS INC.,0001472466,0,,,,
BGX,Blackstone Long-Short Credit Income Fund,0001504234,0,,,,
SORN,Soren Acquisition Corp.,0002086263,0,-83209.0,,516675.0,574884.0
AGCC,Agencia Comercial Spirits Ltd.,0002060016,0,,,,
ZTR,Virtus Total Return Fund Inc.,0000836412,0,,,,
YDES,YD Bio Ltd,0002011674,0,,,,
CAII,Collective Acquisition Corp. II,0002115404,0,,,,
JRI,Nuveen Real Asset Income & Growth Fund,0001539337,0,,,,
NNNN,Anbio Biotechnology,0001982708,0,,,,
SITKF,Sitka Gold Corp.,0001747657,0,,,,
DSX,DIANA SHIPPING INC.,0001318885,0,,,,
TGOPF,3i GROUP PLC,0001078716,0,,,,
EMICF,EMERA INC,0001127248,0,,,,
EMRJF,EMERA INC,0001127248,0,,,,
CITAF,CHINA SHIPPING CONTAINER LINES CO LTD,0001317295,0,,,,
XAKJ,"SIPP International Industries, Inc.",0001128252,0,,,,
LLOBF,Lloyds Banking Group plc,0001160106,0,,,,
AQNB,ALGONQUIN POWER & UTILITIES CORP.,0001174169,0,,,,
APAAF,Appia Rare Earths & Uranium Corp.,0001419336,0,,,,
OSDVF,Osisko Gold Group Inc.,0001431852,0,,,,
OGGWZ,Osisko Gold Group Inc.,0001431852,0,,,,
CUENW,Cuentas Inc.,0001424657,0,-1571000.0,676000.0,962000.0,4910000.0
CEFD,UBS AG,0001114446,0,,,,
DNN,DENISON MINES CORP.,0001063259,0,,,,
TRMD,TORM plc,0001655891,0,,,,
TRI,THOMSON REUTERS CORP /CAN/,0001075124,0,,,,
ATEYY,ADVANTEST CORP,0001158838,0,,,,
MVRL,UBS AG,0001114446,0,,,,
MLPR,UBS AG,0001114446,0,,,,
UCIB,UBS AG,0001114446,0,,,,
HDLB,UBS AG,0001114446,0,,,,
BTE,BAYTEX ENERGY CORP.,0001279495,0,,,,
CSQR,"Csquare, Inc.",0002105398,0,,,,
CSQ,CALAMOS STRATEGIC TOTAL RETURN FUND,0001275214,0,,,,
MNSO,MINISO Group Holding Ltd,0001815846,0,,,,
LPL,"LG Display Co., Ltd.",0001290109,0,,,,
XNDU,Xanadu Quantum Technologies Ltd,0002097163,0,,,,
AMBP,Ardagh Metal Packaging S.A.,0001845097,0,,,,
TNK,TEEKAY TANKERS LTD.,0001419945,0,,,,
DHT,"DHT Holdings, Inc.",0001331284,0,,,,
BDCZ,UBS AG,0001114446,0,,,,
BDCX,UBS AG,0001114446,0,,,,
AMUB,UBS AG,0001114446,0,,,,
PLUN,Plutonian Acquisition Corp. II,0002065661,0,,,,
IMDX,Insight Molecular Diagnostics Inc.,0001642380,0,-50222000.0,4055000.0,25756000.0,57220000.0
SPE,"SPECIAL OPPORTUNITIES FUND, INC.",0000897802,0,,,,
SPWRW,SunPower Inc.,0001838987,0,-45354000.0,300000000.0,241187000.0,331331000.0
SNAL,"Snail, Inc.",0001886894,0,-27235125.0,81225622.0,59307138.0,81186191.0
BYNOW,byNordic Acquisition Corp,0001801417,0,-731544.0,,5904232.0,14736557.0
BYNOU,byNordic Acquisition Corp,0001801417,0,-731544.0,,5904232.0,14736557.0
SBIGW,"SpringBig Holdings, Inc.",0001801602,0,-3247000.0,22834000.0,4629000.0,17117000.0
ASBPW,"Aspire Biopharma Holdings, Inc.",0001847345,0,-24480848.0,6202.0,1312166.0,7688495.0
NEA,Nuveen AMT-Free Quality Municipal Income Fund,0001195737,0,,,,
AGQPF,ALGONQUIN POWER & UTILITIES CORP.,0001174169,0,,,,
ELCPF,EDP ENERGIAS DE PORTUGAL SA,0001039610,0,,,,
MLPB,UBS AG,0001114446,0,,,,
IFED,UBS AG,0001114446,0,,,,
SMHB,UBS AG,0001114446,0,,,,
PFFL,UBS AG,0001114446,0,,,,
ADX,"ADAMS DIVERSIFIED EQUITY FUND, INC.",0000002230,0,,,,
AAUC,Allied Gold Corp,0001993344,0,,,,
KOZAY,Turk Altin Isletmeleri A.S./ADR,0001532173,0,,,,
NUR,Nuran Wireless Inc.,0001680637,0,,,,
UAC,United Acquisition Corp. I,0002098669,0,-395502.0,,360668.0,385170.0
RFAM,RF Acquisition Corp III,0002091712,0,,,,
JLHL,Julong Holding Ltd,0002007846,0,,,,
DLNG,Dynagas LNG Partners LP,0001578453,0,,,,
FLX,BingEx Ltd,0001858724,0,,,,
AMTX,"AEMETIS, INC",0000738214,0,-77001000.0,77194000.0,259841000.0,
GLAI,"Global AI, Inc.",0001473490,0,-2371546.0,24896.0,4048700.0,5873471.0
SANG,Sangoma Technologies Corp,0001753368,0,,,,
BHAV,BHAV Acquisition Corp,0002097288,0,,,,
LMRXF,LARAMIDE RESOURCES LTD,0001001500,0,,,,
THW,abrdn World Healthcare Fund,0001635977,0,,,,
WTF,Waton Financial Ltd,0001987363,0,,,,
EROK,"EagleRock Land, LLC",0002104882,0,,,,
WRN,Western Copper & Gold Corp,0001364125,0,,,,
BMRRY,B&M European Value Retail S.A./ADR,0001671235,0,,,,
VGNT,Versigent PLC,0002078008,0,,,,
VTMX,"Vesta Real Estate Corporation, S.A.B. de C.V.",0001969373,0,,,,
PONY,Pony AI Inc.,0001969302,0,,,,
MOBXW,"MOBIX LABS, INC",0001855467,0,-46131000.0,6442000.0,37113000.0,37449000.0
BWAY,Brainsway Ltd.,0001505065,0,,,,
MINR,Minerva Gold Inc.,0001854816,0,-9389.0,33500.0,10116.0,60280.0
WINVR,WinVest Acquisition Corp.,0001854463,0,-1414690.0,,3184756.0,11815963.0
TMCWW,TMC the metals Co Inc.,0001798562,0,-319844000.0,,181631000.0,215074000.0
ANKM,"Ankam, Inc.",0001781629,0,-67152.0,325000.0,183552.0,574813.0
PRTCY,PureTech Health plc,0001782999,0,,,,
CHWRF,China Tower Corp Limited/ADR,0001751162,0,,,,
TRSO,TRANSUITE.ORG INC.,0001758699,0,-37157151.0,117765.0,337461.0,809897.0
GROY-WT,Gold Royalty Corp.,0001834026,0,,,,
NIVFW,NewGenIvf Group Ltd,0001981662,0,,,,
NPEHF,"Nippon Express Holdings, Inc./ADR",0001985406,0,,,,
FTW-WT,PRESIDIO PRODUCTION Co,0002083125,0,,,,
XCBEW,X3 Acquisition Corp. Ltd.,0002083493,0,-69205.0,,247558.0,291763.0
XCBEU,X3 Acquisition Corp. Ltd.,0002083493,0,-69205.0,,247558.0,291763.0
RZLVW,REZOLVE AI PLC,0001920294,0,,,,
SDAWW,SunCar Technology Group Inc.,0001936804,0,,,,
VFSWW,VinFast Auto Ltd.,0001913510,0,,,,
DAZSF,ZKGC New Energy Ltd,0001896511,0,,,,
BAKR,Baker Global Asset Management Inc.,0001904616,0,,,,
MTEKW,Maris Tech Ltd.,0001872964,0,,,,
ADSEW,Ads-Tec Energy Public Ltd Co,0001879248,0,,,,
CDROW,"Codere Online Luxembourg, S.A.",0001866782,0,,,,
RREVU,RRE Ventures Acquisition Corp.,0002123969,0,,,,
SBLK,Star Bulk Carriers Corp.,0001386716,0,,,,
ZIM,ZIM Integrated Shipping Services Ltd.,0001654126,0,,,,
LEGO-UN,Legato Merger Corp. IV,0002087450,0,,,,
TBCVU,"Thunder Bridge Capital Partners V, Ltd.",0002140030,0,,,,
AAC-UN,Ares Acquisition Corp III,0002128115,0,,,,
BCCQU,Bleichroeder Acquisition Corp. III,0002128045,0,,,,
BCCQW,Bleichroeder Acquisition Corp. III,0002128045,0,,,,
CGPCF,Carabao Group Public Co Limited/ADR,0002138373,0,,,,
RREVW,RRE Ventures Acquisition Corp.,0002123969,0,,,,
NHIVU,NewHold Investment Corp IV,0002099767,0,,,,
NHIVW,NewHold Investment Corp IV,0002099767,0,,,,
MTPLF,Metaplanet Inc.,0002100603,0,,,,
CGCFU,Cartesian Growth Corp IV,0002126043,0,,,,
CGCFW,Cartesian Growth Corp IV,0002126043,0,,,,
THQQF,Embracer Group AB/ADR,0001969796,0,,,,
EXYNW,"Exyn Technologies, Inc.",0001960355,0,,,,
RDPTF,Radiopharm Theranostics Ltd,0001949257,0,,,,
HLEOD,Helio Corp /FL/,0001953988,0,-4030471.0,3875793.0,1306616.0,5366754.0
SBKLF,Sumitomo Bakelite Co Limited/ADR,0002087852,0,,,,
XFLH-RI,XFLH Capital Corp,0002088103,0,,,,
XFLH-UN,XFLH Capital Corp,0002088103,0,,,,
JELLF,JEOL LTD/ADR,0002089509,0,,,,
XSLLW,Xsolla SPAC 1,0002088807,0,-76662.0,,223020.0,274682.0
XSLLU,Xsolla SPAC 1,0002088807,0,-76662.0,,223020.0,274682.0
OBIBF,"OBIC Business Consultants Co., Ltd./ADR",0002088339,0,,,,
HQWWW,Horizon Quantum Holdings Ltd.,0002088256,0,,,,
SSACR,SPACSphere Acquisition Corp.,0002081300,0,-110178.0,,594065.0,679243.0
SII,SPROTT INC.,0001512920,0,,,,
KRAQU,KRAKacquisition Corp,0002082119,0,-102375.0,,480162.0,557537.0
KRAQW,KRAKacquisition Corp,0002082119,0,-102375.0,,480162.0,557537.0
ARCIU,Archimedes Tech SPAC Partners III Co.,0002083910,0,,,,
ARCIW,Archimedes Tech SPAC Partners III Co.,0002083910,0,,,,
URSB,"URSB Bancorp, Inc.",0002084261,0,,,,
LEGO-WT,Legato Merger Corp. IV,0002087450,0,,,,
STRO,"SUTRO BIOPHARMA, INC.",0001382101,0,-191086000.0,11305000.0,173830000.0,306282000.0
USDE,StableCoinX Inc.,0002080215,0,,,,
USDEW,StableCoinX Inc.,0002080215,0,,,,
IPFXU,Inflection Point Acquisition Corp. VI,0002102041,0,,,,
IPFXW,Inflection Point Acquisition Corp. VI,0002102041,0,,,,
NCOOR,Southern Cross Acquisition I Corp.,0002116230,0,,,,
NCOOU,Southern Cross Acquisition I Corp.,0002116230,0,,,,
NCOOW,Southern Cross Acquisition I Corp.,0002116230,0,,,,
MRCOW,Mercator Acquisition Corp.,0002106436,0,,,,
MRCOU,Mercator Acquisition Corp.,0002106436,0,,,,
WIX,Wix.com Ltd.,0001576789,0,,,,
MTMCF,Metallium Limited/ADR,0002091028,0,,,,
CMIIW,Columbus Circle Capital Corp II,0002088805,0,-46064.0,,153984.0,175048.0
CMIIU,Columbus Circle Capital Corp II,0002088805,0,-46064.0,,153984.0,175048.0
CRYAF,"Chery Automobile Co., Ltd./ADR",0002094687,0,,,,
RLMLF,RESOLUTION MINERALS LTD/ADR,0002086869,0,,,,
EROC,"ERock, Inc.",0002110029,0,,,,
MMU,WESTERN ASSET MANAGED MUNICIPALS FUND INC.,0000886043,0,,,,
UTG,REAVES UTILITY INCOME FUND,0001263994,0,,,,
TGB,Trekor Metals Ltd,0000878518,0,,,,
WPAC-UN,White Pearl Acquisition Corp.,0002081536,0,,,,
WPAC-RI,White Pearl Acquisition Corp.,0002081536,0,,,,
RYDE,Ryde Group Ltd,0001971115,0,,,,
MPA,BLACKROCK MUNIYIELD PENNSYLVANIA QUALITY FUND,0000891038,0,,,,
DMRC,Digimarc Corp,0002119322,0,,,,
PRQR,ProQR Therapeutics N.V.,0001612940,0,,,,
IPFX,Inflection Point Acquisition Corp. VI,0002102041,0,,,,
CGCF,Cartesian Growth Corp IV,0002126043,0,,,,
AACI,Armada Acquisition Corp. III,0002092897,0,-52950.0,,332011.0,359961.0
PHOS,First Phosphate Corp.,0001490078,0,,,,
RELX,RELX PLC,0000929869,0,,,,
BKT,"BLACKROCK INCOME TRUST, INC.",0000832327,0,,,,
CBRS,Cerebras Systems Inc.,0002021728,0,,,,
HLN,Haleon plc,0001900304,0,,,,
SCMWY,SWISSCOM AG,0001069336,0,,,,
VIK,Viking Holdings Ltd,0001745201,0,,,,
FMX,MEXICAN ECONOMIC DEVELOPMENT INC,0001061736,0,,,,
KB,KB Financial Group Inc.,0001445930,0,,,,
SMTOY,SUMITOMO ELECTRIC INDUSTRIES LTD/ADR/,0000095227,0,,,,
SA,SEABRIDGE GOLD INC,0001231346,0,,,,
FSM,FORTUNA MINING CORP.,0001341335,0,,,,
YSHLF,Yangzijiang Shipbuilding Holdings Ltd/ADR,0002053843,0,,,,
SCIIU,SC II Acquisition Corp.,0002076739,0,104840.0,,174187169.0,
SCIIR,SC II Acquisition Corp.,0002076739,0,104840.0,,174187169.0,
SHAZW,SharonAI Holdings Inc.,0002068385,0,-39623909.0,1566631.0,133140150.0,143288407.0
SSACU,SPACSphere Acquisition Corp.,0002081300,0,-110178.0,,594065.0,679243.0
SSACW,SPACSphere Acquisition Corp.,0002081300,0,-110178.0,,594065.0,679243.0
ZGN,Ermenegildo Zegna N.V.,0001877787,0,,,,
KGFMF,Kingfisher Metals Corp.,0001853889,0,,,,
APUR,Aperture AC,0002093524,0,,,,
MTNE-WT,CH4 Natural Solutions Corp,0002044817,0,,,,
RDCT,"VNUE, Inc.",0001376804,0,-1136776.0,529439.0,25430.0,6607435.0
NEXHY,"Nippon Express Holdings, Inc./ADR",0001985406,0,,,,
AYA,Aya Gold & Silver Inc.,0001826836,0,,,,
GHXI,"Gores Holdings XI, Inc.",0002086438,0,,,,
TAC,TRANSALTA CORP,0001144800,0,,,,
AWATY,Air Water Inc./ADR,0002092258,0,,,,
ELMT,Elmet Group Co.,0002101698,0,,,,
NGHLF,Nightingale Health Plc,0002060863,0,,,,
DNACF,"DeNA Co., Ltd./ADR",0002065660,0,,,,
IDPUF,IDP Education Ltd./ADR,0002062803,0,,,,
SLF,SUN LIFE FINANCIAL INC,0001097362,0,,,,
STM,STMicroelectronics N.V.,0000932787,0,,,,
CCJ,CAMECO CORP,0001009001,0,,,,
HPAIW,Helport AI Ltd,0002001699,0,,,,
MTNE-UN,CH4 Natural Solutions Corp,0002044817,0,,,,
PFD,FLAHERTY & CRUMRINE PREFERRED & INCOME FUND INC,0000868578,0,,,,
SPAUF,SPANISH MOUNTAIN GOLD LTD.,0001337090,0,,,,
XFLH,XFLH Capital Corp,0002088103,0,,,,
EDRY,EuroDry Ltd.,0001731388,0,,,,
CAAS,"China Automotive Systems, Inc.",0002037400,0,,,,
MYX,Maywood Acquisition Corp. 2,0002080087,0,,,,
APGOF,Apollo Silver Corp,0001811931,0,,,,
NCO,Southern Cross Acquisition I Corp.,0002116230,0,,,,
BCV,BANCROFT FUND LTD,0000009521,0,,,,
MSD,MORGAN STANLEY EMERGING MARKETS DEBT FUND INC,0000904112,0,,,,
LANV,Lanvin Group Holdings Ltd,0001922097,0,,,,
HURC,HURCO COMPANIES INC,0000315374,0,-15117000.0,178554000.0,264298000.0,
ALPX,Alpex Acquisition Corp,0002125551,0,,,,
TRAD,APEX Tech Acquisition Inc.,0002085485,0,,,,
IPVVU,"InterPrivate Investment Partners V, Inc.",0002105274,0,,,,
IPVVW,"InterPrivate Investment Partners V, Inc.",0002105274,0,,,,
CATLU,Catalyst Acquisition Corp.,0002104391,0,,,,
HCICR,Hennessy Capital Investment Corp. VIII,0002099093,0,-44505.0,,343865.0,
HCICU,Hennessy Capital Investment Corp. VIII,0002099093,0,-44505.0,,343865.0,
JOYY,JOYY Inc.,0001530238,0,,,,
GNT-PA,"GAMCO Natural Resources, Gold & Income Trust",0001438893,0,,,,
LNXSF,LANXESS AG,0001311307,0,,,,
IACQW,Irenic Acquisition Corp.,0002122505,0,,,,
ATALF,American Tungsten & Antimony Ltd,0002127653,0,,,,
BELGF,Bellevue Gold Ltd./ADR,0002127839,0,,,,
JABRU,JAB Acquisition Corp I,0002128739,0,,,,
JABRR,JAB Acquisition Corp I,0002128739,0,,,,
BWLP,BW LPG Ltd,0001649313,0,,,,
SNNRF,Sunrise Communications AG,0002021938,0,,,,
STWI,StageWise Strategies Corp.,0001999261,0,-74758.0,95409.0,164867.0,241901.0
ISNRW,Snow Rothschild Acquisition Corp.,0002123475,0,,,,
ISNRU,Snow Rothschild Acquisition Corp.,0002123475,0,,,,
JONEU,Jones Ventures INTL Acquisition1 Corp,0002129056,0,,,,
FDMMU,Freedom Metals Acquisition Corp.,0002129659,0,,,,
CAAP,CORPORACION AMERICA AIRPORTS S.A.,0001717393,0,,,,
JABRW,JAB Acquisition Corp I,0002128739,0,,,,
NSAIU,NorthStrive Acquisition Corp I.,0002133719,0,,,,
XTERU,Karman Line Acquisition Corp.,0002134856,0,,,,
MNMXF,Minimax Group Inc./ADR,0002109556,0,,,,
OLOXF,DEUTSCHE BANK AKTIENGESELLSCHAFT,0001159508,0,,,,
DEENF,DEUTSCHE BANK AKTIENGESELLSCHAFT,0001159508,0,,,,
ADZCF,DEUTSCHE BANK AKTIENGESELLSCHAFT,0001159508,0,,,,
DZZ,DEUTSCHE BANK AKTIENGESELLSCHAFT,0001159508,0,,,,
DGZ,DEUTSCHE BANK AKTIENGESELLSCHAFT,0001159508,0,,,,
DGP,DEUTSCHE BANK AKTIENGESELLSCHAFT,0001159508,0,,,,
YMATF,Azbil Corporation/ADR,0002108185,0,,,,
FXACU,FortuneX Acquisition Corp,0002121703,0,,,,
GSRVR,GSR V Acquisition Corp.,0002111762,0,,,,
GSRVU,GSR V Acquisition Corp.,0002111762,0,,,,
FWACW,Futurewave Acquisition Corp,0002116105,0,,,,
FWACU,Futurewave Acquisition Corp,0002116105,0,,,,
FWACR,Futurewave Acquisition Corp,0002116105,0,,,,
CPTKF,Capital Tankers Corp./ADR,0002144751,0,,,,
ORGJF,Organo Corporation/ADR,0002142762,0,,,,
ACGCW,ACP Holdings Acquisition Corp.,0002111542,0,,,,
ACGCU,ACP Holdings Acquisition Corp.,0002111542,0,,,,
EURBF,Eurobank SA/ADR,0002106126,0,,,,
CAIIW,Collective Acquisition Corp. II,0002115404,0,,,,
CAIIU,Collective Acquisition Corp. II,0002115404,0,,,,
OSPRW,Osprey Acquisition Corp. III,0002113481,0,,,,
OSPRU,Osprey Acquisition Corp. III,0002113481,0,,,,
IACQU,Irenic Acquisition Corp.,0002122505,0,,,,
LTGRW,Long Table Growth Corp.,0002104177,0,,,,
SUMAU,SUMA Acquisition Corp,0002105838,0,,,,
FDMMW,Freedom Metals Acquisition Corp.,0002129659,0,,,,
MTAKU,Market Technology Acquisition Corp,0002133136,0,,,,
ITHLF,Ithaca Energy PLC/ADR,0002134539,0,,,,
OTLK,"Outlook Therapeutics, Inc.",0001649989,0,-62424863.0,8146123.0,18584183.0,50771844.0
WPGCF,West Point Gold Corp.,0001404353,0,,,,
DB,DEUTSCHE BANK AKTIENGESELLSCHAFT,0001159508,0,,,,
WPM,Wheaton Precious Metals Corp.,0001323404,0,,,,
ARGX,ARGENX SE,0001697862,0,,,,
RREV,RRE Ventures Acquisition Corp.,0002123969,0,,,,
EMF,TEMPLETON EMERGING MARKETS FUND,0000809708,0,,,,
ASG,LIBERTY ALL STAR GROWTH FUND INC.,0000786035,0,,,,
MIACW,Meridian3 Industrials Acquisition Corp,0002136530,0,,,,
MIACU,Meridian3 Industrials Acquisition Corp,0002136530,0,,,,
FXACW,FortuneX Acquisition Corp,0002121703,0,,,,
EULIF,EUROPEAN LITHIUM LTD/ADR,0002127859,0,,,,
CSGNF,CSG N.V./ADR,0002127852,0,,,,
CMRE-PD,Costamare Inc.,0001503584,0,,,,
CMRE-PB,Costamare Inc.,0001503584,0,,,,
FIGIF,"Fuyao Glass Industry Group Co., Ltd./ADR",0001700173,0,,,,
ZNKUF,"ZENKOKU HOSHO Co., Ltd./ADR",0001705455,0,,,,
HYNLY,Hydro One Ltd,0001712356,0,,,,
OPP-PB,"RiverNorth/DoubleLine Strategic Opportunity Fund, Inc.",0001678130,0,,,,
OPP-PA,"RiverNorth/DoubleLine Strategic Opportunity Fund, Inc.",0001678130,0,,,,
OPP-PC,"RiverNorth/DoubleLine Strategic Opportunity Fund, Inc.",0001678130,0,,,,
ASCIX,Angel Oak Strategic Credit Fund,0001716885,0,,,,
LAAI,Loan Artificial Intelligence Corp.,0001594968,0,-79336.0,0.0,0.0,189706.0
PFAI,Pinnacle Food Group Ltd,0002032755,0,,,,
PITAF,Poste Italiane S.p.A./ADR,0002149111,0,,,,
SUMAR,SUMA Acquisition Corp,0002105838,0,,,,
LTGRU,Long Table Growth Corp.,0002104177,0,,,,
NPIFF,Northland Power Inc./ADR,0002072389,0,,,,
STNG,Scorpio Tankers Inc.,0001483934,0,,,,
TLX,Telix Pharmaceuticals Ltd,0002007191,0,,,,
HCHDF,Hochschild Mining PLC,0001446962,0,,,,
SBBTF,Vend Marketplaces ASA/ADR,0001451561,0,,,,
BEPJ,Brookfield Renewable Partners L.P.,0001533232,0,,,,
BEP-PA,Brookfield Renewable Partners L.P.,0001533232,0,,,,
BEPI,Brookfield Renewable Partners L.P.,0001533232,0,,,,
BEPH,Brookfield Renewable Partners L.P.,0001533232,0,,,,
IHICF,IHI Corporation/ADR,0001567526,0,,,,
PTFRF,PT Tower Bersama Infrastructure Tbk/ADR,0001523872,0,,,,
PTWRY,PT Tower Bersama Infrastructure Tbk/ADR,0001523872,0,,,,
SFDMF,Shanghai Fudan Microelectronics Co Limited/ADR/,0001493507,0,,,,
OSOPF,Osotspa Public Co Limited/ADR,0002137358,0,,,,
FTRA-UN,FutureCorp Space Acquisition 1,0002131853,0,,,,
FTRA-WT,FutureCorp Space Acquisition 1,0002131853,0,,,,
HACQW,HCM IV Acquisition Corp.,0002089982,0,-59655.0,,160959.0,195614.0
GLVHF,GLENVEAGH PROPERTIES PLC/ADR,0002089499,0,,,,
FJDIU,ARC Group Securities Acquisition I,0002094712,0,,,,
PTORU,Praetorian Acquisition Corp.,0002093912,0,-49204.0,,264716.0,288920.0
ALPXW,Alpex Acquisition Corp,0002125551,0,,,,
ALPXR,Alpex Acquisition Corp,0002125551,0,,,,
ALPXU,Alpex Acquisition Corp,0002125551,0,,,,
HXSCL,SK hynix Inc.,0002120882,0,,,,
TKMSF,TKMS AG & CO. KGAA/ADR,0002124215,0,,,,
PONOU,"Pono Capital Four, Inc.",0002108164,0,,,,
CVCCF,CVC Capital Partners plc/ADR,0002120046,0,,,,
PONOR,"Pono Capital Four, Inc.",0002108164,0,,,,
KELRF,Keisei Electric Railway Co. Ltd/ADR,0002107989,0,,,,
YMTKF,Yamato Kogyo Co. Ltd/ADR,0002107946,0,,,,
BIREF,Birchcliff Energy Ltd./ADR,0002073268,0,,,,
NPICF,Northland Power Inc./ADR,0002072389,0,,,,
AKO-A,ANDINA BOTTLING CO INC,0000925261,0,,,,
FTCI,"FTC Solar, Inc.",0001828161,0,-79577000.0,99687000.0,111812000.0,154770000.0
TLSA,Tiziana Life Sciences Ltd,0001723069,0,,,,
SMNR,"Semnur Pharmaceuticals, Inc.",0001913577,0,-160416000.0,50000000.0,1346000.0,22096000.0
NMCO,Nuveen Municipal Credit Opportunities Fund,0001774342,0,,,,
KZIA,KAZIA THERAPEUTICS LTD,0001075880,0,,,,
IIM,Invesco Value Municipal Income Trust,0000885601,0,,,,
HYDTF,Hydreight Technologies Inc.,0001958389,0,,,,
NINE,"Nine Energy Service, Inc.",0001532286,0,-51322000.0,561911000.0,339464000.0,454420000.0
MHF,WESTERN ASSET MUNICIPAL HIGH INCOME FUND INC.,0000830487,0,,,,
NRXP,"NRX Pharmaceuticals, Inc.",0001719406,0,-28622000.0,1225000.0,12956000.0,28893000.0
NIU,Niu Technologies,0001744781,0,,,,
NML,Neuberger Energy Infrastructure & Income Fund Inc.,0001562051,0,,,,
TRNTF,TRANSALTA CORP,0001144800,0,,,,
TACPF,TRANSALTA CORP,0001144800,0,,,,
TSLTF,TRANSALTA CORP,0001144800,0,,,,
APXCF,APEX CRITICAL METALS CORP.,0002093856,0,,,,
APURR,Aperture AC,0002093524,0,,,,
IDACU,Iron Dome Acquisition I Corp.,0002090441,0,,,,
PTORW,Praetorian Acquisition Corp.,0002093912,0,-49204.0,,264716.0,288920.0
AWTRF,Air Water Inc./ADR,0002092258,0,,,,
DSU,"BLACKROCK DEBT STRATEGIES FUND, INC.",0001051003,0,,,,
BMM,Blue Moon Metals Inc.,0001732379,0,,,,
DLMAF,Dollarama Inc./ADR,0002073893,0,,,,
TCLHF,TCL Electronics Holdings Limited/ADR,0002073804,0,,,,
VSRPF,Verisure plc/ADR,0002094692,0,,,,
DNKC,Dankon Corp,0002065287,0,-41615.0,56363.0,126097.0,126407.0
GMWKF,GAMES WORKSHOP GROUP PLC/ADR,0002062522,0,,,,
MXUGF,Mixue Bingcheng Co Ltd/ADR,0002061911,0,,,,
MNDY,monday.com Ltd.,0001845338,0,,,,
HAFN,Hafnia Ltd,0001815779,0,,,,
LEGN,Legend Biotech Corp,0001801198,0,,,,
PECEU,Peace Acquisition Corp.,0002088626,0,,,,
PECEW,Peace Acquisition Corp.,0002088626,0,,,,
AMVOY,AUMOVIO SE,0002085236,0,,,,
SRAD,Sportradar Group AG,0001836470,0,,,,
MXUBY,Mixue Bingcheng Co Ltd/ADR,0002061911,0,,,,
RADC,Readvantage Corp.,0002057381,0,-48407.0,12966.0,111161.0,187866.0
KPET-WT,KPET Ultra Paceline Corp,0002095297,0,,,,
KPET-UN,KPET Ultra Paceline Corp,0002095297,0,,,,
BHAVR,BHAV Acquisition Corp,0002097288,0,,,,
BHAVU,BHAV Acquisition Corp,0002097288,0,,,,
SWBGF,Shawbrook Group plc/ADR,0002098324,0,,,,
SAAQW,Space Asset Acquisition Corp.,0002091222,0,-64829.0,,410731.0,
SAAQU,Space Asset Acquisition Corp.,0002091222,0,-64829.0,,410731.0,
HACQU,HCM IV Acquisition Corp.,0002089982,0,-59655.0,,160959.0,195614.0
GLED-UN,GalaxyEdge Acquisition Corp,0002091484,0,,,,
GLED-RI,GalaxyEdge Acquisition Corp,0002091484,0,,,,
RNGOF,"Rengo Co., Ltd./ADR",0002092252,0,,,,
ALMP,Almco Plumbing Inc,0001956237,0,,,,
LOTWW,Lotus Technology Inc.,0001962746,0,,,,
IDACW,Iron Dome Acquisition I Corp.,0002090441,0,,,,
AACPR,Apogee Acquisition Corp,0002102123,0,,,,
AACPU,Apogee Acquisition Corp,0002102123,0,,,,
AACPW,Apogee Acquisition Corp,0002102123,0,,,,
QLEP-WT,Quantum Leap Acquisition Corp,0002102155,0,,,,
PALOU,PALOMA ACQUISITION CORP I,0002101562,0,,,,
PALOW,PALOMA ACQUISITION CORP I,0002101562,0,,,,
FTHAW,Forefront Tech Holdings Acquisition Corp,0002097986,0,,,,
FTHAU,Forefront Tech Holdings Acquisition Corp,0002097986,0,,,,
ACAAW,Averin Capital Acquisition Corp.,0002096900,0,,,,
ACAAU,Averin Capital Acquisition Corp.,0002096900,0,,,,
ZKPU,Lafayette Digital Acquisition Corp. I,0002087447,0,-58073.0,,188624.0,221697.0
ZSHOF,"Zensho Holdings Co., Ltd./ADR",0002088776,0,,,,
WLIIW,Willow Lane Acquisition Corp. II,0002083946,0,,,,
WLIIU,Willow Lane Acquisition Corp. II,0002083946,0,,,,
ZJLMF,"Zhejiang Leapmotor Technology Co., Ltd./ADR",0002087840,0,,,,
ZKPW,Lafayette Digital Acquisition Corp. I,0002087447,0,-58073.0,,188624.0,221697.0
JACS-UN,Jackson Acquisition Co II,0002039058,0,9115597.0,,243176248.0,
MANDF,Mandatum Oyj/ADR,0002038958,0,,,,
TNMWF,TNL Mediagene,0002013186,0,,,,
FSTWF,FST Corp.,0002014254,0,,,,
VEON,VEON Ltd.,0001468091,0,,,,
DBCA,D. Boral Acquisition I Corp.,0002095161,0,-66845.0,,185954.0,227799.0
IFHLY,Inficon Holding AG/ADR,0002035057,0,,,,
DNP,DNP SELECT INCOME FUND INC,0000806628,0,,,,
ERO,Ero Copper Corp.,0001853860,0,,,,
PECER,Peace Acquisition Corp.,0002088626,0,,,,
SPIWF,SPIE SA/ADR,0002083221,0,,,,
VRXAW,Veraxa Biotech AG - Post de-SPAC,0002079109,0,,,,
SHIM,Shimmick Corp,0001887944,0,-25584000.0,492844000.0,218763000.0,275403000.0
USEA,United Maritime Corp,0001912847,0,,,,
CRMLW,Critical Metals Corp.,0001951089,0,,,,
CRTMF,Critical Metals Corp.,0001951089,0,,,,
LWSCF,Sienna Senior Living Inc./ADR,0002073972,0,,,,
STHRF,Strathcona Resources Ltd.,0002068441,0,,,,
TOKCF,"Tokyo Ohka Kogyo Co., Ltd./ADR",0002066601,0,,,,
KGC,KINROSS GOLD CORP,0000701818,0,,,,
TGS,GAS TRANSPORTER OF THE SOUTH INC,0000931427,0,,,,
ALURW,"ALLURION TECHNOLOGIES, INC.",0001964979,0,-28755000.0,15230000.0,15772000.0,92961000.0
ALURD,"ALLURION TECHNOLOGIES, INC.",0001964979,0,-28755000.0,15230000.0,15772000.0,92961000.0
SEPSF,Asep Medical Holdings Inc.,0001969766,0,,,,
IEAGU,Infinite Eagle Acquisition Corp.,0002084396,0,-60111.0,,361445.0,396556.0
IEAGR,Infinite Eagle Acquisition Corp.,0002084396,0,-60111.0,,361445.0,396556.0
ALOVW,"Aldabra 4 Liquidity Opportunity Vehicle, Inc.",0002083989,0,-78082.0,,285064.0,338146.0
ALOVU,"Aldabra 4 Liquidity Opportunity Vehicle, Inc.",0002083989,0,-78082.0,,285064.0,338146.0
NUCLW,Eagle Nuclear Energy Corp.,0002089283,0,,,,
ADOOY,Adaro Energy PT/ADR/,0001489079,0,,,,
MTLMY,Metallium Limited/ADR,0002091028,0,,,,
BRKCF,BARKSDALE RESOURCES CORP.,0001019742,0,,,,
ESMR,E-Smart Corp.,0001995920,0,-68034.0,29289.0,141281.0,200988.0
NNPEF,Ninepoint Energy Fund,0001951593,0,,,,
TCGX,TCGX Acquisition Corp.,0002137965,0,,,,
BMHL,Bluemount Holdings Ltd,0002027815,0,,,,
PIM,FRANKLIN MASTER INTERMEDIATE INCOME TRUST,0000830622,0,,,,
GNT,"GAMCO Natural Resources, Gold & Income Trust",0001438893,0,,,,
FVRR,Fiverr International Ltd.,0001762301,0,,,,
BRW,Saba Capital Income & Opportunities Fund,0000826020,0,,,,
MTC,"MMTEC, INC.",0001742518,0,,,,
BIOX,Bioceres Crop Solutions Corp.,0001769484,0,,,,
WRIV,WHITE RIVER BANCSHARES CO,0001328409,0,,,,
GRO,Brazil Potash Corp.,0001472326,0,,,,
JNGHF,"Jiangsu Hengrui Pharmaceuticals Co., Ltd./ADR",0002071868,0,,,,
SVAUF,StorageVault Canada Inc./ADR,0002074157,0,,,,
ZSINF,"Zhejiang Sanhua Intelligent Controls Co., Ltd./ADR",0002076398,0,,,,
QADRU,QDRO Acquisition Corp.,0002083217,0,,,,
QADRW,QDRO Acquisition Corp.,0002083217,0,,,,
NGXXF,NGEx Minerals Ltd.,0002044153,0,,,,
KYIVW,Kyivstar Group Ltd.,0002062440,0,,,,
HRZRF,"Horizon Robotics, Inc./ADR",0002060217,0,,,,
ONWRF,Onward Medical N.V./ADR,0002059986,0,,,,
BRTMU,B&R Technology Merger Corp.,0002131350,0,,,,
KXHCF,Kioxia Holdings Corporation/ADR,0002053383,0,,,,
TKMEF,"Tokyo Metro Co., Ltd./ADR",0002044863,0,,,,
JACS-RI,Jackson Acquisition Co II,0002039058,0,9115597.0,,243176248.0,
BRKHU,Burtech Acquisition Corp II,0002098707,0,,,,
SMFRF,"Sumitomo Forestry Co., Ltd./ADR",0002048270,0,,,,
BGTCF,"Beijing Geekplus Technology Co., Ltd./ADR",0002098425,0,,,,
SSEAR,STARRY SEA ACQUISITION CORP,0002059165,0,320643.0,,58742879.0,
SSEAU,STARRY SEA ACQUISITION CORP,0002059165,0,320643.0,,58742879.0,
BRKHW,Burtech Acquisition Corp II,0002098707,0,,,,
KTWOU,K2 Capital Acquisition Corp,0002086524,0,-97057.0,,754679.0,826736.0
KTWOR,K2 Capital Acquisition Corp,0002086524,0,-97057.0,,754679.0,826736.0
BULL,Webull Corp,0001866364,0,,,,
FRVO,Fervo Energy Co,0001853868,0,,,,
ARIS,Aris Mining Corp,0001964504,0,,,,
HMC,HONDA MOTOR CO LTD,0000715153,0,,,,
IX,ORIX CORP,0001070304,0,,,,
MSOKF,Mitsui-Soko Holdings Co Limited/ADR,0002087844,0,,,,
FGIIW,FG Imperii Acquisition Corp.,0002090452,0,-21056.0,,163944.0,175000.0
FGIIU,FG Imperii Acquisition Corp.,0002090452,0,-21056.0,,163944.0,175000.0
OHACR,Oceanhawk Acquisition Corp.,0002090787,0,,,,
OHACU,Oceanhawk Acquisition Corp.,0002090787,0,,,,
ENRDW,Einride AB,0002095096,0,,,,
HKIT,HiTek Global Inc.,0001742341,0,,,,
BKPKF,Bank Pekao S.A./ADR,0002075877,0,,,,
JXADF,JX Advanced Metals Corporation/ADR,0002065485,0,,,,
SPHXF,SM Prime Holdings Inc./ADR,0002063413,0,,,,
NWSGY,CTF Services Ltd,0001449664,0,,,,
PRT,PermRock Royalty Trust,0001724009,0,,,,
SIM,"GRUPO SIMEC, S.A.B. de C.V.",0000887153,0,,,,
MEOH,METHANEX CORP,0000886977,0,,,,
PAM,Pampa Energy Inc.,0001469395,0,,,,
AQN,ALGONQUIN POWER & UTILITIES CORP.,0001174169,0,,,,
SKE,Skeena Resources Ltd,0001713748,0,,,,
OCTLF,Octave Intelligence plc,0002083632,0,,,,
GGPSF,Greatland Resources Limited/ADR,0002087843,0,,,,
MEVOU,M Evo Global Acquisition Corp II,0002087361,0,,,,
MEVOW,M Evo Global Acquisition Corp II,0002087361,0,,,,
AMVIF,AUMOVIO SE,0002085236,0,,,,
XAGEW,"Longevity Health Holdings, Inc.",0001842939,0,-6905282.0,1912811.0,2367027.0,8233900.0
DLO,dLocal Ltd,0001846832,0,,,,
BBCQW,Bleichroeder Acquisition Corp. II,0002088295,0,-62576.0,,221528.0,
BBCQU,Bleichroeder Acquisition Corp. II,0002088295,0,-62576.0,,221528.0,
MBGCF,"Mitsubishi Gas Chemical Company, Inc./ADR",0002079706,0,,,,
OCAC,Ocean Capital Acquisition Corp,0001926314,0,,,,
SCTSF,Scottie Resources Corp.,0001790538,0,,,,
BMN,BlackRock 2037 Municipal Target Term Trust,0001832871,0,,,,
WPAC,White Pearl Acquisition Corp.,0002081536,0,,,,
VTN,Invesco Trust for Investment Grade New York Municipals,0000883265,0,,,,
CEPS,"Cantor Equity Partners VI, Inc.",0002089536,0,-63560.0,,138857.0,201419.0
CAES,"Cantor Equity Partners VII, Inc.",0002087965,0,,,,
FUND,SPROTT FOCUS TRUST INC.,0000825202,0,,,,
MIMI,Mint Inc Ltd,0001998560,0,,,,
ZJK,"ZJK Industrial Co., Ltd.",0001941506,0,,,,
FMAC,Future Money Acquisition Corp,0002099232,0,,,,
PUIGF,Puig Brands S.A./ADR,0002029472,0,,,,
GIBOW,GIBO HOLDINGS Ltd,0002034520,0,,,,
PIIIW,P3 Health Partners Inc.,0001832511,0,-147948000.0,1459080000.0,656641000.0,796876000.0
ATAT,Atour Lifestyle Holdings Ltd,0001853717,0,,,,
FLIDY,FLSMIDTH & CO. A/S,0001433087,0,,,,
OBOCY,Ottobock SE & Co. KGaA/ADR,0002094691,0,,,,
WIMI,WiMi Hologram Cloud Inc.,0001770088,0,,,,
BMA,Macro Bank Inc.,0001347426,0,,,,
CGAU,Centerra Gold Inc.,0001854640,0,,,,
PBLS,"Parabilis Medicines, Inc.",0001657677,0,,,,
SKT,TANGER INC.,0000899715,0,,,,
BLSH,Bullish,0001872195,0,,,,
DOO,BRP Inc.,0001748797,0,,,,
BWIV-WT,Blue Water Acquisition Corp. IV,0002082847,0,,,,
BWIV-UN,Blue Water Acquisition Corp. IV,0002082847,0,,,,
FIGP,"Forge Group, Inc.",0001846702,0,,,,
FINGF,Finning International Inc./ADR,0002073638,0,,,,
LPUGF,Laopu Gold Co. Ltd./ADR,0002068440,0,,,,
IRAB-UN,Iris Acquisition Corp II,0002077785,0,-68023.0,,139598.0,182621.0
IRAB-WT,Iris Acquisition Corp II,0002077785,0,-68023.0,,139598.0,182621.0
NUAIW,"New ERA Energy & Digital, Inc.",0002028336,0,-29585804.0,885400.0,14136873.0,16746170.0
GLED,GalaxyEdge Acquisition Corp,0002091484,0,,,,
WENC,West Enclave Merger Corp.,0002104260,0,,,,
BHLL,Bunker Hill Mining Corp.,0001407583,0,-93132015.0,0.0,150958994.0,207030036.0
DPRO,Draganfly Inc.,0001786286,0,,,,
QRED,QuasarEdge Acquisition Corp,0002085177,0,,,,
BGT,BLACKROCK FLOATING RATE INCOME TRUST,0001287480,0,,,,
MOLN,MOLECULAR PARTNERS AG,0001745114,0,,,,
SAGU,Shreya Acquisition Group,0002083452,0,,,,
VNJA,VANJIA CORP,0001532383,0,-10300.0,82720.0,67309.0,
NYXH,Nyxoah SA,0001857190,0,,,,
HTLM,HomesToLife Ltd,0002023153,0,,,,
RAINW,"Rain Enhancement Technologies Holdco, Inc.",0002028293,0,-9091354.0,,1793174.0,14539172.0
ATEKW,Athena Technology Acquisition Corp. II,0001882198,0,-1271227.0,,1354237.0,18017768.0
ATEKU,Athena Technology Acquisition Corp. II,0001882198,0,-1271227.0,,1354237.0,18017768.0
HPHTY,Hamamatsu Photonics K.K./ADR,0001600928,0,,,,
TKC,TURKCELL ILETISIM HIZMETLERI A S,0001071321,0,,,,
ASAIY,Sendas Distributor S.A.,0001834048,0,,,,
MDAIW,"Spectral AI, Inc.",0001833498,0,-7571000.0,19650000.0,21405000.0,27132000.0
NMPAR,NMP Acquisition Corp.,0002054876,0,940179.0,,117797809.0,
NMPAU,NMP Acquisition Corp.,0002054876,0,940179.0,,117797809.0,
ADTI,"Adapti, Inc.",0001420924,0,,,,
BGLWW,Blue Gold Ltd,0002019435,0,,,,
MBRFY,MARFRIG GLOBAL FOODS S.A.,0001496919,0,,,,
OCTV,Octave Intelligence plc,0002083632,0,,,,
OMAB,Central North Airport Group,0001378239,0,,,,
VEEAW,VEEA INC.,0001840317,0,-6660038.0,222018.0,28220625.0,37972505.0
TPZEF,Topaz Energy Corp./ADR,0002073655,0,,,,
MDA,MDA Space Ltd.,0001857047,0,,,,
IQMX,IQM Quantum Computers Oyj,0002113060,0,,,,
ZENA,"ZenaTech, Inc.",0001997403,0,,,,
EDF,Virtus Stone Harbor Emerging Markets Income Fund,0001501103,0,,,,
BZUN,Baozun Inc.,0001625414,0,,,,
CDPMF,Cerro de Pasco Resources Inc.,0002046223,0,,,,
GSVRF,GUANAJUATO SILVER CO LTD,0000865400,0,,,,
IACQ,Irenic Acquisition Corp.,0002122505,0,,,,
RFMZ,"RiverNorth Flexible Municipal Income Fund II, Inc.",0001817159,0,,,,
VCRE,Vicore Pharma Holding AB,0002124403,0,,,,
JACS,Jackson Acquisition Co II,0002039058,0,9115597.0,,243176248.0,
XNET,Xunlei Ltd,0001510593,0,,,,
TEI,TEMPLETON EMERGING MARKETS INCOME FUND,0000909112,0,,,,
CAF,"Morgan Stanley China A Share Fund, Inc.",0001368493,0,,,,
CLLS,Cellectis S.A.,0001627281,0,,,,
SUNXF,Stardust Solar Energy Inc.,0002048958,0,,,,
PMFAX,PIMCO Flexible Municipal Income Fund,0001723701,0,,,,
ECXWW,ECARX Holdings Inc.,0001861974,0,,,,
ASTLW,Algoma Steel Group Inc.,0001860805,0,,,,
ARBEW,Arbe Robotics Ltd.,0001861841,0,,,,
PRENW,Prenetics Global Ltd,0001876431,0,,,,
IMPPP,Imperial Petroleum Inc./Marshall Islands,0001876581,0,,,,
PDPA,Pearl Diver Credit Co Inc.,0001998043,0,,,,
NVA-WT,Nova Minerals Corp,0001852551,0,,,,
GDEVW,GDEV Inc.,0001848739,0,,,,
AEAEW,AltEnergy Acquisition Corp,0001852016,0,-2339611.0,,6394723.0,18834540.0
AEAEU,AltEnergy Acquisition Corp,0001852016,0,-2339611.0,,6394723.0,18834540.0
WFG,"WEST FRASER TIMBER CO., LTD",0001402388,0,,,,
RMVEY,Rightmove PLC/ADR,0001516536,0,,,,
BUHPY,Bumrungrad Hospital Public Co Limited/ADR,0001547870,0,,,,
TKMTY,"Tokyo Metro Co., Ltd./ADR",0002044863,0,,,,
BIPC,Brookfield Infrastructure Corp,0001788348,0,,,,
CSTUF,Constellation Acquisition Corp I,0001834032,0,-3239103.0,,901209.0,23303004.0
CSTWF,Constellation Acquisition Corp I,0001834032,0,-3239103.0,,901209.0,23303004.0
SMEGF,Siemens Energy AG/ADR,0001830056,0,,,,
TOMYF,Tomy Co Ltd/ADR,0001826779,0,,,,
PVCT,"PROVECTUS BIOPHARMACEUTICALS, INC.",0000315545,0,-5430851.0,0.0,697502.0,7000220.0
MCAGU,Mountain Crest Acquisition Corp. V,0001859035,0,-431161.0,,873566.0,3722462.0
MCAGR,Mountain Crest Acquisition Corp. V,0001859035,0,-431161.0,,873566.0,3722462.0
AAUAF,ALMADEN MINERALS LTD,0001015647,0,,,,
GDLG,Glidelogic Corp.,0001848672,0,-93398.0,77.0,5196.0,131108.0
NCI,Neo-Concept International Group Holdings Ltd,0001916331,0,,,,
SPMA,"Sound Point Meridian Capital, Inc.",0001930147,0,,,,
SPME,"Sound Point Meridian Capital, Inc.",0001930147,0,,,,
AIIOW,ROBO.AI INC.,0001932737,0,,,,
RLNDF,RoyaLand Co Ltd.,0001924064,0,,,,
MSOGF,MINISO Group Holding Ltd,0001815846,0,,,,
FVGPY,FinVolution Group,0001691445,0,,,,
SYAXF,Elevra Lithium Ltd,0001739016,0,,,,
KLXER,"KLX Energy Services Holdings, Inc.",0001738827,0,-77100000.0,636600000.0,340300000.0,
JWSWF,Jaws Mustang Acquisition Corp,0001831359,0,-1553158.0,,1137801.0,7210388.0
JWSUF,Jaws Mustang Acquisition Corp,0001831359,0,-1553158.0,,1137801.0,7210388.0
ALBC,Alternative Ballistics Corp,0001834868,0,,,,
MFC,MANULIFE FINANCIAL CORP,0001086888,0,,,,
AMX,AMERICA MOVIL SAB DE CV/,0001129137,0,,,,
MRUWY,"Maruwa Co., Ltd./ADR",0002093667,0,,,,
KTGDF,K2 Gold Corp,0001583962,0,,,,
INSE,"Inspired Entertainment, Inc.",0001615063,0,-17000000.0,199800000.0,439900000.0,456100000.0
LAWR,"Robot Consulting Co., Ltd.",0002007599,0,,,,
GGT,GABELLI MULTIMEDIA TRUST INC.,0000921671,0,,,,
NMP,NMP Acquisition Corp.,0002054876,0,940179.0,,117797809.0,
QNCX,"Quince Therapeutics, Inc.",0001662774,0,-83979000.0,,93523000.0,129237000.0
DAVA,Endava plc,0001656081,0,,,,
NNFSF,Nongfu Spring Co. Ltd./ADR,0001834267,0,,,,
NTCS,Natics Corp.,0001933359,0,-27159.0,27600.0,8866.0,93508.0
KLAR,Klarna Group plc,0002003292,0,,,,
BMWKY,Bayerische Motoren Werke AG/ADR,0001446250,0,,,,
SHG,SHINHAN FINANCIAL GROUP CO LTD,0001263043,0,,,,
EC,ECOPETROL S.A.,0001444406,0,,,,
ALC,ALCON INC,0001167379,0,,,,
BENFW,Beneficient,0001775734,0,-87426000.0,-39125000.0,238772000.0,337532000.0
STLNW,"Starling Oncology, Inc.",0001799191,0,-60606000.0,502729000.0,164656000.0,180376000.0
DNOPF,Dino Polska S.A./ADR,0001796026,0,,,,
SCLXW,Scilex Holding Co,0001820190,0,-374053000.0,30253000.0,364981000.0,576733000.0
PSKRF,Protector Forsikring/ADR,0001789444,0,,,,
ADYYF,Adyen N.V./ADR,0001788707,0,,,,
LARAX,Lord Abbett Credit Opportunities Fund,0001753712,0,,,,
ILLRW,Triller Group Inc.,0001769624,0,-174542000.0,21622000.0,35505000.0,363621000.0
QFNHF,"Qfin Holdings, Inc.",0001741530,0,,,,
HSCT,HOOPS SCOUTING USA,0001721056,0,-20118.0,0.0,76889.0,253676.0
VLNWF,Valens Semiconductor Ltd.,0001863006,0,,,,
WRDIF,WeRide Inc.,0001867729,0,,,,
RDZNW,Roadzen Inc.,0001868640,0,-22516222.0,55021792.0,52658561.0,79177145.0
MIBE,MIAMI BREEZE CAR CARE INC,0001872066,0,-428064.0,7580.0,12874.0,148900.0
TRMLF,Tourmaline Oil Corp/ADR,0002071881,0,,,,
GBNXF,Gibson Energy Inc/ADR,0002071913,0,,,,
CIGI,Colliers International Group Inc.,0000913353,0,,,,
NCLTF,"Nitori Holdings Co., Ltd.",0001801729,0,,,,
GFAIW,"Guardforce AI Co., Ltd.",0001804469,0,,,,
PVOZ,Park View OZ REIT Inc,0001824204,0,,,,
PLUN-RI,Plutonian Acquisition Corp. II,0002065661,0,,,,
PLUN-UN,Plutonian Acquisition Corp. II,0002065661,0,,,,
APTN,"ADAPTIN BIO, INC.",0001938571,0,-5167569.0,,619159.0,2108555.0
OCAC-UN,Ocean Capital Acquisition Corp,0001926314,0,,,,
OCAC-RI,Ocean Capital Acquisition Corp,0001926314,0,,,,
OCAC-WT,Ocean Capital Acquisition Corp,0001926314,0,,,,
SAGU-RI,Shreya Acquisition Group,0002083452,0,,,,
AVVOF,Avio S.p.A./ADR,0002082141,0,,,,
BIII-WT,Black Spade Acquisition III Co,0002087087,0,-86377.0,,3662952.0,3724329.0
GLNDW,Greenland Energy Co,0002093507,0,,,,
MTLPF,Metlen Energy & Metals PLC/ADR,0002090231,0,,,,
APMCU,AmperCap Acquisition Co,0002101393,0,,,,
APMCR,AmperCap Acquisition Co,0002101393,0,,,,
FMACU,Future Money Acquisition Corp,0002099232,0,,,,
FMACR,Future Money Acquisition Corp,0002099232,0,,,,
RNKGF,RENK Group AG/ADR,0002093907,0,,,,
OZK,Bank OZK,0001569650,0,,,,
JMKE,Jersey Mike's Subs Inc.,0002127043,0,,,,
GRFS,Grifols SA,0001438569,0,,,,
ALM,Almonty Industries Inc.,0001670061,0,,,,
CMBT,CMB.TECH NV,0001604481,0,,,,
GLNG,GOLAR LNG LTD,0001207179,0,,,,
PLTS,Platinum Analytics Cayman Ltd,0002053033,0,,,,
BWIV,Blue Water Acquisition Corp. IV,0002082847,0,,,,
PAAC,Proem Acquisition Corp. I,0002087446,0,-55482.0,,134302.0,164784.0
ASCWF,ASPAC II Acquisition Corp.,0001876716,0,-224482.0,,586132.0,7684155.0
ASUUF,ASPAC II Acquisition Corp.,0001876716,0,-224482.0,,586132.0,7684155.0
GGROW,Gogoro Inc.,0001886190,0,,,,
NEXRW,Nexera Technologies Ltd,0001885408,0,,,,
RPDL,Rapid Line Inc.,0001910975,0,-145097.0,0.0,43388.0,111886.0
FRFHF,FAIRFAX FINANCIAL HOLDINGS LTD/ CAN,0000915191,0,,,,
ESLT,ELBIT SYSTEMS LTD,0001027664,0,,,,
BBD,BANK BRADESCO,0001160330,0,,,,
TECK,TECK RESOURCES LTD,0000886986,0,,,,
TRAD-UN,APEX Tech Acquisition Inc.,0002085485,0,,,,
TRAD-RI,APEX Tech Acquisition Inc.,0002085485,0,,,,
SAGU-UN,Shreya Acquisition Group,0002083452,0,,,,
SAGU-WT,Shreya Acquisition Group,0002083452,0,,,,
CTAAU,Clearthink 1 Acquisition Corp.,0002094073,0,-46492.0,,312542.0,
CTAAR,Clearthink 1 Acquisition Corp.,0002094073,0,-46492.0,,312542.0,
BREZR,Breeze Acquisition Corp. II,0002095443,0,,,,
BIOTW,INSTINCT BIO TECHNICAL CO HOLDINGS INC.,0002072188,0,,,,
ASCRF,ASPAC II Acquisition Corp.,0001876716,0,-224482.0,,586132.0,7684155.0
VBF,Invesco Bond Fund,0000005094,0,,,,
BEOB,BEO BANCORP,0001480170,0,,,,
MDWD,MediWound Ltd.,0001593984,0,,,,
MENS,Jyong Biotech Ltd.,0001954488,0,,,,
CNI,CANADIAN NATIONAL RAILWAY CO,0000016868,0,,,,
TLSI,"TriSalus Life Sciences, Inc.",0001826667,0,-39227000.0,45151000.0,35331000.0,69192000.0
SVRSF,Silver Storm Mining Ltd.,0001682056,0,,,,
ELVA,Electrovaya Inc.,0001844450,0,,,,
GNS,Genius Group Ltd,0001847806,0,,,,
MXF,MEXICO FUND INC,0000065433,0,,,,
SHMD,SCHMID Group N.V.,0001987240,0,,,,
BBUC,Brookfield Business Corp,0001654795,0,,,,
RKGRY,RENK Group AG/ADR,0002093907,0,,,,
HUBCZ,Hub Cyber Security Ltd.,0001905660,0,,,,
HUBCW,Hub Cyber Security Ltd.,0001905660,0,,,,
PERFF,Perfect Corp.,0001899830,0,,,,
HRIBF,"Horiba, Ltd./ADR",0002088827,0,,,,
OIMAU,OneIM Acquisition Corp.,0002088325,0,-59134.0,,479596.0,513730.0
OIMAW,OneIM Acquisition Corp.,0002088325,0,-59134.0,,479596.0,513730.0
YSAU,Texas Precious Metals Trust,0002087989,0,,,,
YSAG,Texas Precious Metals Trust,0002087989,0,,,,
BIII-UN,Black Spade Acquisition III Co,0002087087,0,-86377.0,,3662952.0,3724329.0
NBRGU,Newbridge Acquisition Ltd,0001918414,0,-221014.0,,4819641.0,5414763.0
NBRGR,Newbridge Acquisition Ltd,0001918414,0,-221014.0,,4819641.0,5414763.0
OKMN,"OKMIN RESOURCES, INC.",0001848334,0,-597167.0,22180.0,133322.0,533159.0
IACOW,Idea Acquisition Corp.,0002091176,0,-48912.0,,341043.0,364955.0
IACOU,Idea Acquisition Corp.,0002091176,0,-48912.0,,341043.0,364955.0
PYRGF,PyroGenesis Canada Inc.,0001743344,0,,,,
TLSIW,"TriSalus Life Sciences, Inc.",0001826667,0,-39227000.0,45151000.0,35331000.0,69192000.0
SDSTW,Stardust Power Inc.,0001831979,0,-15723636.0,,11775292.0,17588975.0
BOSC,BOS BETTER ONLINE SOLUTIONS LTD,0001005516,0,,,,
ZCARW,"Zoomcar Holdings, Inc.",0001854275,0,-14621113.0,9156025.0,3204107.0,38508174.0
AMODW,"ALPHA MODUS HOLDINGS, INC.",0001862463,0,-8021235.0,7138.0,815827.0,8595481.0
TVGNW,Tevogen Inc.,0001860871,0,-26275432.0,,4382994.0,12617720.0
MSSUF,Metal Sky Star Acquisition Corp,0001882464,0,-553581.0,,1025667.0,8213507.0
MSSWF,Metal Sky Star Acquisition Corp,0001882464,0,-553581.0,,1025667.0,8213507.0
LCFYW,Locafy Ltd,0001875547,0,,,,
WLCOW,Wilco 63 Corp,0002101470,0,,,,
AMACU,AMR Resources Acquisition Corp.,0002110119,0,,,,
RMSGW,Real Messenger Corp,0001983324,0,,,,
NPLY,Naploy Corp.,0001978111,0,-20714.0,7950.0,59342.0,
PYAIF,Pony AI Inc.,0001969302,0,,,,
HNIT,Huineng Technology Corp,0001994373,0,-34968.0,14200.0,12617.0,18459.0
CAQUW,Cambridge Acquisition Corp.,0002100125,0,-63178.0,,69606.0,107784.0
CAQUU,Cambridge Acquisition Corp.,0002100125,0,-63178.0,,69606.0,107784.0
WLCOU,Wilco 63 Corp,0002101470,0,,,,
VWAV,"VisionWave Holdings, Inc.",0002038439,0,-6548095.0,,2693013.0,14488460.0
BTDPY,Barratt Developments PLC/ADR,0001516324,0,,,,
BIRK,Birkenstock Holding plc,0001977102,0,,,,
WPRT,WESTPORT FUEL SYSTEMS INC.,0001370416,0,,,,
VOD,VODAFONE GROUP PUBLIC LTD CO,0000839923,0,,,,
VTBAS,"Vestible Assets, LLC",0001984345,0,,,,
SPHIF,SUPER HI INTERNATIONAL HOLDING LTD.,0001995306,0,,,,
RIO,RIO TINTO PLC,0000863064,0,,,,
KXIAY,Kioxia Holdings Corporation/ADR,0002053383,0,,,,
UL,UNILEVER PLC,0000217410,0,,,,
SONY,Sony Group Corp,0000313838,0,,,,
SMERY,Siemens Energy AG/ADR,0001830056,0,,,,
HTHIY,HITACHI LTD,0000047710,0,,,,
MMYT,MakeMyTrip Ltd,0001495153,0,,,,
MAUTF,Montage Gold Corp.,0001830918,0,,,,
ERELY,Eregli Demir ve Celik Fabrikalari TAS/ADR,0001454144,0,,,,
ARSTY,Ariston Holding N.V./ADR,0002044984,0,,,,
WPP,WPP plc,0000806968,0,,,,
SGIPF,"Sugi Holdings Co., Ltd./ADR",0002027330,0,,,,
BRIA,BrilliA Inc,0002000230,0,,,,
KYFGF,Kyoto Financial Group Inc/ADR,0002042187,0,,,,
FKURF,Fujikura Ltd/ADR,0002043424,0,,,,
NVNIW,Nvni Group Ltd,0001965143,0,,,,
OIOWW,OIO Group,0001957538,0,,,,
PFSEF,Pfisterer Holdings SE/ADR,0002120422,0,,,,
PLCIR,Pelican Acquisition II Corp,0002122392,0,,,,
PLCIU,Pelican Acquisition II Corp,0002122392,0,,,,
PNAQ-UN,Pinnacle Acquisition Corp,0002123955,0,,,,
XIIIU,Churchill Capital Corp XIII,0002114229,0,,,,
FLC,FLAHERTY & CRUMRINE TOTAL RETURN FUND INC,0001245648,0,,,,
KLXE,"KLX Energy Services Holdings, Inc.",0001738827,0,-77100000.0,636600000.0,340300000.0,
PONO,"Pono Capital Four, Inc.",0002108164,0,,,,
SNNGF,PPX Mining Corp.,0001384831,0,,,,
FTHA,Forefront Tech Holdings Acquisition Corp,0002097986,0,,,,
NMHIW,Nature's Miracle Holding Inc.,0001947861,0,-11986754.0,1742360.0,20410686.0,31693169.0
HSPUF,Horizon Space Acquisition I Corp.,0001946021,0,203618.0,,1230570.0,6095957.0
HSPWF,Horizon Space Acquisition I Corp.,0001946021,0,203618.0,,1230570.0,6095957.0
ABLVW,Able View Global Inc.,0001957489,0,,,,
SMXWW,SMX (Security Matters) Public Ltd Co,0001940674,0,,,,
NELR,Neolara Corp.,0001941360,0,-23688.0,29150.0,67469.0,90812.0
PVIT,Palisades Venture Inc.,0002010982,0,-83241.0,198141.0,6760.0,400313.0
TLPPF,Telix Pharmaceuticals Ltd,0002007191,0,,,,
FOXXW,Foxx Development Holdings Inc.,0002013807,0,-9020136.0,65919166.0,25999814.0,31364497.0
ANDG,Andersen Group Inc.,0002065708,0,-2324000.0,838692000.0,565140000.0,593517000.0
MWH,"SOLV Energy, Inc.",0002065636,0,,,,
MKDWW,MKDWELL Tech Inc.,0001991332,0,,,,
PBMWW,PSYENCE BIOMEDICAL LTD.,0001985062,0,,,,
MBGL,Mobility Global Inc.,0002090312,0,,,,
BEPC,Brookfield Renewable Corp,0001791863,0,,,,
NICE,NICE Ltd.,0001003935,0,,,,
CPA,"Copa Holdings, S.A.",0001345105,0,,,,
RDCM,RADCOM LTD,0001016838,0,,,,
TGMPF,Tantalus Systems Holding Inc.,0002025947,0,,,,
GCUMF,Gunnison Copper Corp.,0001514860,0,,,,
DHF,BNY MELLON HIGH YIELD STRATEGIES FUND,0001057861,0,,,,
NALG,North America Lithium & Gold Corp,0001059689,0,,,,
ECF,ELLSWORTH GROWTH & INCOME FUND LTD,0000793040,0,,,,
GCTS,"GCT Semiconductor Holding, Inc.",0001851961,0,-43372000.0,2866000.0,15644000.0,98937000.0
NXPGY,Mobico Group PLC/ADR,0001455632,0,,,,
CTW,CTW,0002047148,0,,,,
EHI,WESTERN ASSET GLOBAL HIGH INCOME FUND INC.,0001228509,0,,,,
KWMWW,K Wave Media Ltd.,0002000756,0,,,,
ALPWF,Alps Group Inc,0002025774,0,,,,
LTMGF,Lottomatica Group S.p.A./ADR,0002041918,0,,,,
ALEGF,ALLEGRO.EU SA/ADR,0002046098,0,,,,
BLTE,"BELITE BIO, INC",0001889109,0,,,,
STVN,Stevanato Group S.p.A.,0001849853,0,,,,
ENIC,Enel Chile S.A.,0001659939,0,,,,
STSBF,South Star Battery Metals Corp.,0001307926,0,,,,
TBBB,BBB FOODS INC,0001978954,0,,,,
IFS,Intercorp Financial Services Inc.,0001615903,0,,,,
BLNH,"Blue Line Holdings, Inc.",0002029586,0,-23407.0,,20316.0,32622.0
UYSCR,UY Scuti Acquisition Corp.,0002036973,0,783344.0,,60156450.0,
UYSCU,UY Scuti Acquisition Corp.,0002036973,0,783344.0,,60156450.0,
BWAGF,BAWAG Group AG/ADR,0001968385,0,,,,
COOTW,Australian Oilseeds Holdings Ltd,0001959994,0,,,,
ZOOZW,ZOOZ Strategy Ltd.,0001992818,0,,,,
FSV,FirstService Corp,0001637810,0,,,,
SLFPY,STANDARD LIFE PLC,0001370418,0,,,,
CGDCF,Carlin Gold Corp,0001342325,0,,,,
TBXXF,King Copper Discovery Corp.,0001785476,0,,,,
EOLS,"Evolus, Inc.",0001570562,0,-51641000.0,297176000.0,225868000.0,248974000.0
ILLU,Illumination Acquisition Corp. I,0002101135,0,,,,
LEGO,Legato Merger Corp. IV,0002087450,0,,,,
SVIV,Spring Valley Acquisition Corp. IV,0002098242,0,,,,
AACO,Abony Acquisition Corp. I,0002099906,0,-99715.0,,391275.0,465990.0
EFR,Eaton Vance Senior Floating-Rate Trust,0001258623,0,,,,
SMJF,SMJ International Holdings Inc.,0002070954,0,,,,
CMII,Columbus Circle Capital Corp II,0002088805,0,-46064.0,,153984.0,175048.0
CAQ,Cambridge Acquisition Corp.,0002100125,0,-63178.0,,69606.0,107784.0
AZ,A2Z CUST2MATE SOLUTIONS CORP.,0001866030,0,,,,
HGLB,HIGHLAND GLOBAL ALLOCATION FUND,0001622148,0,,,,
OGI,ORGANIGRAM GLOBAL INC.,0001620737,0,,,,
IQEPF,IQE PLC/ADR,0001550405,0,,,,
NCHEF,Nichirei Corporation/ADR,0001570299,0,,,,
WTI,W&T OFFSHORE INC,0001288403,0,-150062000.0,143422000.0,955807000.0,
VIPS,Vipshop Holdings Ltd,0001529192,0,,,,
AVAL,Grupo Aval Acciones Y Valores S.A.,0001504764,0,,,,
DPC,DPC Holdings PLC,0002107018,0,,,,
DOX,AMDOCS LTD,0001062579,0,,,,
PNDZF,Pandora A/S / ADR,0001505880,0,,,,
GDHLF,GDS Holdings Ltd,0001526125,0,,,,
MBUMF,"Mabuchi Motor Co., Ltd./ADR",0001534281,0,,,,
CIRCW,CIRCLE8 GROUP INC,0001605888,0,-59430919.0,78659.0,113229836.0,145320106.0
EVKIF,Evonik Industries AG/ADR,0001634157,0,,,,
NRSAX,NEXPOINT REAL ESTATE STRATEGIES FUND,0001663712,0,,,,
IBIDF,"Ibiden Co., Ltd./ADR",0001654508,0,,,,
MBSHY,"Mitsubishi Gas Chemical Company, Inc./ADR",0002079706,0,,,,
KMRK,K-TECH SOLUTIONS CO LTD,0002049187,0,,,,
UP,Wheels Up Experience Inc.,0001819516,0,-294217000.0,736495000.0,968814000.0,1360915000.0
GSTK,Growth Stalk Holdings Corp,0001917993,0,,,,
HEMNF,Hemnet Group AB/ADR,0001915760,0,,,,
VIPZ,"VIP Play, Inc.",0001832161,0,-18881931.0,-86473.0,3745856.0,34778656.0
STAK,STAK Inc.,0002002453,0,,,,
SVREW,SaverOne 2014 Ltd.,0001894693,0,,,,
BDMDW,Baird Medical Investment Holdings Ltd,0001982444,0,,,,
IMAA,IMA Tech,0001980295,0,-55071.0,55374.0,221656.0,267297.0
OCSAW,Oculis Holding AG,0001953530,0,,,,
WEIBF,WEIBO Corp,0001595761,0,,,,
HPHTF,Hamamatsu Photonics K.K./ADR,0001600928,0,,,,
GLOP-PC,GasLog Partners LP,0001598655,0,,,,
GLOP-PB,GasLog Partners LP,0001598655,0,,,,
BCTXZ,BriaCell Therapeutics Corp.,0001610820,0,-26311867.0,,21649706.0,
BCTXL,BriaCell Therapeutics Corp.,0001610820,0,-26311867.0,,21649706.0,
GGBY,Alpha Investment Inc.,0001616736,0,-512978.0,33830.0,14.0,4901894.0
GDS,GDS Holdings Ltd,0001526125,0,,,,
CDLX,"Cardlytics, Inc.",0001666071,0,-103488000.0,233273000.0,285641000.0,292149000.0
TANAF,Tian'an Technology Group Ltd,0001941189,0,,,,
CRGOW,Freightos Ltd,0001927719,0,,,,
CNCKW,Coincheck Group N.V.,0001913847,0,,,,
DOMO,"DOMO, INC.",0001505952,0,-59342000.0,318857000.0,235533000.0,421597000.0
ARCL,ARC Group Acquisition I Corp.,0002073515,0,,,,
SRGXF,Surge Copper Corp,0001644540,0,,,,
AXREF,AMARC RESOURCES LTD,0001175596,0,,,,
ZHJD,Intelligent Hotel Group Ltd.,0001794276,0,-59275.0,246466.0,136279.0,418050.0
CPKF,CHESAPEAKE FINANCIAL SHARES INC,0000847538,0,,,,
MPV,BARINGS PARTICIPATION INVESTORS,0000831655,0,,,,
HWAIF,Healwell AI Inc.,0001999124,0,,,,
AGMRF,"Silver Mountain Resources, Inc.",0002022059,0,,,,
CRNT,CERAGON NETWORKS LTD,0001119769,0,,,,
SPMC,"Sound Point Meridian Capital, Inc.",0001930147,0,,,,
GCGJ,GUOCHUN INTERNATIONAL INC.,0001765048,0,-37396.0,0.0,5500.0,97508.0
CPLX,Certiplex Corp,0001755347,0,-47261.0,143847.0,128735.0,220766.0
MEIUF,Meitu Inc./ADR,0001699967,0,,,,
TETWF,Technology & Telecommunication Acquisition Corp,0001900679,0,-731371.0,,170335.0,10518530.0
TETUF,Technology & Telecommunication Acquisition Corp,0001900679,0,-731371.0,,170335.0,10518530.0
SWVLW,Swvl Holdings Corp,0001875609,0,,,,
CEROW,"CERO THERAPEUTICS HOLDINGS, INC.",0001870404,0,-19920262.0,,3641134.0,9087596.0
HSIGF,Hesai Group,0001861737,0,,,,
DMXCF,District Metals Corp.,0001839586,0,,,,
GTHP,GUIDED THERAPEUTICS INC,0000924515,0,-3196000.0,767000.0,1324000.0,7330000.0
NTR,Nutrien Ltd.,0001725964,0,,,,
PUK,PRUDENTIAL PLC,0001116578,0,,,,
DLMAY,Dollarama Inc./ADR,0002073893,0,,,,
CKHGF,Capitec Limited/ADR,0001469059,0,,,,
ERIC,ERICSSON LM TELEPHONE CO,0000717826,0,,,,
CAMT,CAMTEK LTD,0001109138,0,,,,
OWSCX,1WS Credit Income Fund,0001748680,0,,,,
PDSKX,Principal Real Asset Fund,0001756404,0,,,,
ASRRF,ASR Nederland N.V./ADR,0001719117,0,,,,
RVII,Robinhood Ventures Fund II,0002131040,0,,,,
LEE,"LEE ENTERPRISES, Inc",0000058361,0,-37593000.0,139746000.0,601729000.0,642688000.0
FGFH,FORESIGHT FINANCIAL GROUP INC,0000786298,0,,,,
CTRM,Castor Maritime Inc.,0001720161,0,,,,
TMTS,Spartacus Acquisition Corp. II,0002097364,0,-1038713.0,,188884.0,219347.0
RNAC,"Cartesian Therapeutics, Inc.",0001453687,0,-130302000.0,2797000.0,296411000.0,422651000.0
IFRX,InflaRx N.V.,0001708688,0,,,,
RCEL,"AVITA Medical, Inc.",0001762303,0,-48587000.0,71610000.0,56392000.0,73042000.0
TOYO,"TOYO Co., Ltd",0001985273,0,,,,
PERF,Perfect Corp.,0001899830,0,,,,
PBK,POWERBANK Corp,0002011053,0,,,,
AMLIF,American Lithium Corp.,0001699880,0,,,,
CAHPF,Evolution Mining Limited/ADR,0001686009,0,,,,
CYVNY,Opthea Ltd,0001815620,0,,,,
KCLHF,Kingsoft Cloud Holdings Ltd,0001795589,0,,,,
OTGLF,CD Projekt S.A./ADR,0001788235,0,,,,
IVBXF,Innovent Biologics Inc/ADR,0001774163,0,,,,
MONRF,Moncler S.p.A./ADR,0001605755,0,,,,
CCID,Carlyle Credit Income Fund,0001517767,0,,,,
SMSOF,Samsonite International SA/ADR,0001560968,0,,,,
BCHMY,Bachem Holding AG/ADR,0001968378,0,,,,
LPGCY,Laopu Gold Co. Ltd./ADR,0002068440,0,,,,
OR,OR Royalties Inc.,0001627272,0,,,,
PDI,PIMCO Dynamic Income Fund,0001510599,0,,,,
SFGYY,Sony Financial Group Inc./ADR,0002084022,0,,,,
LOTMY,Lottomatica Group S.p.A./ADR,0002041918,0,,,,
RSHGY,RESONA HOLDINGS INC,0001447391,0,,,,
OGC,OceanaGold Corp,0001487326,0,,,,
VTTGF,VAT Group AG/ADR,0001729514,0,,,,
BZ,Kanzhun Ltd,0001842827,0,,,,
DSGX,DESCARTES SYSTEMS GROUP INC,0001050140,0,,,,
ESYJY,easyJet plc,0001470419,0,,,,
PRBZF,PREMIUM BRANDS HOLDINGS Corp,0001503812,0,,,,
NEN,NEW ENGLAND REALTY ASSOCIATES LIMITED PARTNERSHIP,0000746514,0,-1392516.0,23580871.0,505331191.0,579546772.0
WIA,WESTERN ASSET INFLATION-LINKED INCOME FUND,0001254370,0,,,,
ENLV,Enlivex Ltd.,0001596812,0,,,,
CXII,Churchill Capital Corp XII,0002114227,0,,,,
QMLS,"QumulusAI, Inc.",0002084026,0,,,,
OPP,"RiverNorth/DoubleLine Strategic Opportunity Fund, Inc.",0001678130,0,,,,
NRO,NEUBERGER REAL ESTATE SECURITIES INCOME FUND INC,0001261166,0,,,,
RIV,"RIVERNORTH OPPORTUNITIES FUND, INC.",0001501072,0,,,,
AACP,Apogee Acquisition Corp,0002102123,0,,,,
OMSE,OMS Energy Technologies Inc.,0002012219,0,,,,
BID,Tribeca Strategic Acquisition Corp.,0002094919,0,,,,
NOAH,NOAH HOLDINGS LTD,0001499543,0,,,,
VFS,VinFast Auto Ltd.,0001913510,0,,,,
BILI,Bilibili Inc.,0001723690,0,,,,
FAX,"ABRDN ASIA-PACIFIC INCOME FUND, INC.",0000790500,0,,,,
VLN,Valens Semiconductor Ltd.,0001863006,0,,,,
LBCMF,Copper Giant Resources Corp.,0001580110,0,,,,
BMBN,BENCHMARK BANKSHARES INC,0000804563,0,,,,
EFTY,"ETOILES CAPITAL GROUP CO., LTD",0002058349,0,,,,
BORAY,"Bora Pharmaceuticals Co., Ltd./ADR",0002097461,0,,,,
KRYXF,KORYX COPPER INC.,0001318596,0,,,,
SSVFF,SOUTHERN SILVER EXPLORATION CORP,0001397616,0,,,,
EJTTF,easyJet plc,0001470419,0,,,,
TTE,TotalEnergies SE,0000879764,0,,,,
NXE,NexGen Energy Ltd.,0001698535,0,,,,
AUGO,Aura Minerals Inc.,0001468642,0,,,,
GGAL,GRUPO FINANCIERO GALICIA SA,0001114700,0,,,,
GLBE,Global-E Online Ltd.,0001835963,0,,,,
XE,"X-Energy, Inc.",0002088896,0,,,,
TFPM,Triple Flag Precious Metals Corp.,0001829726,0,,,,
UGP,ULTRAPAR HOLDINGS INC,0001094972,0,,,,
BBVA,"BANCO BILBAO VIZCAYA ARGENTARIA, S.A.",0000842180,0,,,,
DTEGY,DEUTSCHE TELEKOM AG,0000946770,0,,,,
UBS,UBS Group AG,0001610520,0,,,,
NWSZF,CTF Services Ltd,0001449664,0,,,,
BYDIF,BYD Electronic (International) Co Ltd,0001447956,0,,,,
RSNHF,RESONA HOLDINGS INC,0001447391,0,,,,
GBCMF,Global Bio-chem Technology Group Co. Ltd / ADR,0001454475,0,,,,
GBCMY,Global Bio-chem Technology Group Co. Ltd / ADR,0001454475,0,,,,
NMPRY,Navios Maritime Holdings Inc.,0001333172,0,,,,
BKZHF,Santander Bank Polska SA/ADR,0001459334,0,,,,
BTG,B2GOLD CORP,0001429937,0,,,,
SGHC,Super Group (SGHC) Ltd,0001878057,0,,,,
MAAS,Maase Inc.,0001750264,0,,,,
SHMXY,Shimadzu Corporation/ADR,0001648512,0,,,,
SLI,STANDARD LITHIUM LTD.,0001537137,0,,,,
BJGPY,"Beijing Geekplus Technology Co., Ltd./ADR",0002098425,0,,,,
XFLT,XAI Floating Rate & Alternative Income Trust,0001703079,0,,,,
QLEP,Quantum Leap Acquisition Corp,0002102155,0,,,,
AFRI,Forafric Global PLC,0001903870,0,,,,
CLCHF,Clinch Resources Ltd.,0002125750,0,,,,
TDRRF,Tudor Gold Corp.,0001921050,0,,,,
AGXPF,SILVER X MINING CORP.,0001482436,0,,,,
SRI,STONERIDGE INC,0001043337,0,-102835000.0,824444000.0,551188000.0,
GSIW,Garden Stage Ltd,0001954269,0,,,,
FLYX,FLYEXCLUSIVE INC.,0001843973,0,-17592000.0,375877000.0,439996000.0,524266000.0
XYF,X Financial,0001725033,0,,,,
LOIMF,Loomis AB / ADR,0001454147,0,,,,
ACP-PA,abrdn Income Credit Strategies Fund,0001503290,0,,,,
DSX-WT,DIANA SHIPPING INC.,0001318885,0,,,,
SB-PD,"SAFE BULKERS, INC.",0001434754,0,,,,
GGB,GERDAU S.A.,0001073404,0,,,,
CHT,CHUNGHWA TELECOM CO LTD,0001132924,0,,,,
FSNUY,Fresenius SE & Co. KGaA,0000904868,0,,,,
BIDU,"Baidu, Inc.",0001329099,0,,,,
SOBO,South Bow Corp,0002019061,0,,,,
VIST,"Vista Energy, S.A.B. de C.V.",0001762506,0,,,,
VBREY,Vibra Energia S.A./ADR,0001000377,0,,,,
CAE,CAE INC,0001173382,0,,,,
IBRX,"ImmunityBio, Inc.",0001326110,0,-351398000.0,113288000.0,501898000.0,1001472000.0
NXPGF,Mobico Group PLC/ADR,0001455632,0,,,,
CYJBF,Cargotec Corp OYJ,0001436741,0,,,,
SKPJF,SKY Perfect JSAT Holdings Inc,0001447108,0,,,,
FITY,"Fifty 1 Labs, Inc.",0001285828,0,,,,
SEAL-PB,Seapeak LLC,0001308106,0,,,,
SEAL-PA,Seapeak LLC,0001308106,0,,,,
TOGIW,"TurnOnGreen, Inc.",0001349706,0,-2113000.0,7228000.0,3227000.0,11069000.0
OXLCZ,Oxford Lane Capital Corp.,0001495222,0,,,,
OXLCI,Oxford Lane Capital Corp.,0001495222,0,,,,
PBATF,PT Bukit Asam Tbk/ADR,0001489088,0,,,,
OXLCN,Oxford Lane Capital Corp.,0001495222,0,,,,
TIMB,TIM S.A.,0001826168,0,,,,
FOIL,Londian Wason New Energy Tech Inc.,0002006960,0,,,,
CEF,Sprott Physical Gold & Silver Trust,0001726122,0,,,,
ELPC,ENERGY CO OF PARANA,0001041792,0,,,,
SIMO,Silicon Motion Technology CORP,0001329394,0,,,,
STN,STANTEC INC,0001131383,0,,,,
GRKZF,Greek Organisation of Football Prognostics S.A.,0001437462,0,,,,
TM,TOYOTA MOTOR CORP/,0001094517,0,,,,
TD,TORONTO DOMINION BANK,0000947263,0,,,,
THRC,"Havana Roasters Coffee Companies, Inc.",0001409253,0,-242602.0,2000.0,0.0,825444.0
AZUXY,AZUL SA,0001432364,0,,,,
KPET,KPET Ultra Paceline Corp,0002095297,0,,,,
NVA,Nova Minerals Corp,0001852551,0,,,,
XHG,XChange TEC.INC,0001769256,0,,,,
STLRF,STLLR Gold Inc.,0001979408,0,,,,
SPIIY,SPIE SA/ADR,0002083221,0,,,,
KERCY,Keisei Electric Railway Co. Ltd/ADR,0002107989,0,,,,
OXLCL,Oxford Lane Capital Corp.,0001495222,0,,,,
DUNNF,Duni AB/ADR,0001533546,0,,,,
BCKIF,Babcock International Group PLC/ADR,0001516323,0,,,,
EDRVF,EDP Renewables S.A./ADR,0001516534,0,,,,
GFSAY,Gafisa S.A.,0001389207,0,,,,
ECCV,Eagle Point Credit Co,0001604174,0,,,,
SNIRF,SENIOR PLC,0001329213,0,,,,
GDV-PK,GABELLI DIVIDEND & INCOME TRUST,0001260729,0,,,,
GLU-PA,GABELLI GLOBAL UTILITY & INCOME TRUST,0001282957,0,,,,
YQ,17 Education & Technology Group Inc.,0001821468,0,,,,
SGBAF,SES S.A.,0001347408,0,,,,
KT,KT CORP,0000892450,0,,,,
MINBY,MINEBEA MITSUMI Inc.,0001034983,0,,,,
XP,XP Inc.,0001787425,0,,,,
QGEN,QIAGEN N.V.,0001015820,0,,,,
YMM,Full Truck Alliance Co. Ltd.,0001838413,0,,,,
ETX,Eaton Vance Municipal Income 2028 Term Trust,0001563696,0,,,,
APMC,AmperCap Acquisition Co,0002101393,0,,,,
ETSS,Energy Transition Special Opportunities,0002085932,0,,,,
MIAC,Meridian3 Industrials Acquisition Corp,0002136530,0,,,,
BANX,ArrowMark Financial Corp.,0001578987,0,,,,
GDEV,GDEV Inc.,0001848739,0,,,,
RRGB,RED ROBIN GOURMET BURGERS INC,0001171759,0,-23284000.0,302945000.0,563527000.0,669875000.0
ARMP,"Armata Pharmaceuticals, Inc.",0000921114,0,-173799000.0,,76882000.0,295478000.0
DMB,"BNY Mellon Municipal Bond Infrastructure Fund, Inc.",0001565381,0,,,,
BSAI,BLUSKY AI INC.,0001416090,0,-4515516.0,4725778.0,2668200.0,3598693.0
ECCC,Eagle Point Credit Co,0001604174,0,,,,
BW-PA,"Babcock & Wilcox Enterprises, Inc.",0001630805,0,-36159000.0,222912000.0,662938000.0,794479000.0
IDE,"Voya Infrastructure, Industrials & Materials Fund",0001417802,0,,,,
BEBE,TGE Value Creative Solutions Corp,0002079933,0,,,,
KTWO,K2 Capital Acquisition Corp,0002086524,0,-97057.0,,754679.0,826736.0
GLATF,Global Atomic Corp,0001716410,0,,,,
MSLE,Satellos Bioscience Inc.,0001421642,0,,,,
LX,LexinFintech Holdings Ltd.,0001708259,0,,,,
IDAC,Iron Dome Acquisition I Corp.,0002090441,0,,,,
PSRHF,Pulsar Helium Inc.,0001991413,0,,,,
OSG,OCTAVE SPECIALTY GROUP INC,0000874501,0,,,,
NPV,NUVEEN VIRGINIA QUALITY MUNICIPAL INCOME FUND,0000897421,0,,,,
TVIV,Texas Ventures Acquisition IV Corp,0002096755,0,,,,
VCGMF,Visionary Copper & Gold Mines Inc.,0001650196,0,,,,
OXLCG,Oxford Lane Capital Corp.,0001495222,0,,,,
AVAT,Avalanche Treasury Corp,0002092446,0,,,,
AXICY,AXIA Energia S.A.,0001439124,0,,,,
SNROY,"Sanrio Company, Ltd./ADR",0001584273,0,,,,
PNDRY,Pandora A/S / ADR,0001505880,0,,,,
UNVGY,Universal Music Group N.V./ADR,0001890126,0,,,,
NMR,NOMURA HOLDINGS INC,0001163653,0,,,,
TCOM,Trip.com Group Ltd,0001269238,0,,,,
KBGGY,Kongsberg Gruppen ASA/ADR,0001535759,0,,,,
RYAAY,RYANAIR HOLDINGS PLC,0001038683,0,,,,
BIPJ,Brookfield Infrastructure Partners L.P.,0001406234,0,,,,
BRIPF,Brookfield Infrastructure Partners L.P.,0001406234,0,,,,
BIP-PB,Brookfield Infrastructure Partners L.P.,0001406234,0,,,,
BIP-PA,Brookfield Infrastructure Partners L.P.,0001406234,0,,,,
BIPI,Brookfield Infrastructure Partners L.P.,0001406234,0,,,,
AEBMF,ANADOLU EFES BIRACILIK VE MALT SANAYI A S/ADR,0001174511,0,,,,
ECCU,Eagle Point Credit Co,0001604174,0,,,,
ECC-PD,Eagle Point Credit Co,0001604174,0,,,,
ICTSF,ICTS INTERNATIONAL N V,0001010134,0,,,,
ABCP,AmBase Corp,0000020639,0,-4560000.0,,87000.0,8772000.0
OAKC,"Oakworth Capital, Inc.",0001588871,0,,,,
RDIB,READING INTERNATIONAL INC,0000716634,0,-14140000.0,202988000.0,434929000.0,453027000.0
NCZ,Virtus Convertible & Income Fund II,0001227857,0,,,,
IRHO,Iron Horse Acquisition II Corp.,0002051985,0,-204391.0,,364681.0,
ARDC,"Ares Dynamic Credit Allocation Fund, Inc.",0001515324,0,,,,
ANVI,"ANVI GLOBAL HOLDINGS, INC.",0001570132,0,-196933.0,137910.0,14230.0,2375129.0
REA,"Rare Earths Americas, Inc.",0002095743,0,,,,
MTNE,CH4 Natural Solutions Corp,0002044817,0,,,,
MINE,MAYFAIR GOLD CORP.,0001823255,0,,,,
WEWA,"WEWARDS, INC.",0001616156,0,-596140.0,0.0,693777.0,14546231.0
CRDL,Cardiol Therapeutics Inc.,0001702123,0,,,,
PPIH,"Perma-Pipe International Holdings, Inc.",0000914122,0,17035000.0,,217486000.0,
CILFY,CHINA LIFE INSURANCE CO LTD,0001268896,0,,,,
AXIAY,AXIA Energia S.A.,0001439124,0,,,,
FNGU,BANK OF MONTREAL /CAN/,0000927971,0,,,,
FNGS,BANK OF MONTREAL /CAN/,0000927971,0,,,,
FNGO,BANK OF MONTREAL /CAN/,0000927971,0,,,,
SBSW,Sibanye Stillwater Ltd,0001786909,0,,,,
GWKSY,GAMES WORKSHOP GROUP PLC/ADR,0002062522,0,,,,
JAN,"Janus Living, Inc.",0002100805,0,,,,
FRO,Frontline plc,0000913290,0,,,,
AZBLY,Azbil Corporation/ADR,0002108185,0,,,,
SKLTF,Seek Ltd,0001487139,0,,,,
KRNGF,Karoon Gas Australia Ltd /ADR/,0001494191,0,,,,
GGN-PB,"GAMCO Global Gold, Natural Resources & Income Trust",0001313510,0,,,,
GDGIF,"Gemdale Gold, Inc",0002027037,0,,,,
DUO,Fangdd Network Group Ltd.,0001750593,0,,,,
TRSG,Tungray Technologies Inc,0001943444,0,,,,
BTAI,"BioXcel Therapeutics, Inc.",0001720893,0,-69897000.0,642000.0,44916000.0,140379000.0
CAHO,Caro Holdings Inc.,0001678105,0,-407797.0,11254.0,437831.0,1986308.0
FLYU,BANK OF MONTREAL /CAN/,0000927971,0,,,,
FLYD,BANK OF MONTREAL /CAN/,0000927971,0,,,,
DULL,BANK OF MONTREAL /CAN/,0000927971,0,,,,
LCUT,"LIFETIME BRANDS, INC",0000874396,0,-26937000.0,647933000.0,572555000.0,
NUCL,Eagle Nuclear Energy Corp.,0002089283,0,,,,
TORO,TORO CORP.,0001941131,0,,,,
CTAA,Clearthink 1 Acquisition Corp.,0002094073,0,-46492.0,,312542.0,
PALO,PALOMA ACQUISITION CORP I,0002101562,0,,,,
NGEN,NERVGEN PHARMA CORP.,0001751912,0,,,,
CNXU,Conexeu Sciences Inc.,0002066836,0,,,,
CURV,Torrid Holdings Inc.,0001792781,0,-7034000.0,1000092000.0,400340000.0,613747000.0
NBP,NovaBridge Biosciences,0001778016,0,,,,
HITI,High Tide Inc.,0001847409,0,,,,
MFM,ABERDEEN MUNICIPAL INCOME FUND,0000801961,0,,,,
AESP,Aeon Acquisition I Corp.,0002082526,0,-43751.0,,299009.0,
GDXD,BANK OF MONTREAL /CAN/,0000927971,0,,,,
KGEI,Kolibri Global Energy Inc.,0001477081,0,,,,
NWBO,NORTHWEST BIOTHERAPEUTICS INC,0001072379,0,-60162000.0,1932000.0,81290000.0,128860000.0
JWSMF,Jaws Mustang Acquisition Corp,0001831359,0,-1553158.0,,1137801.0,7210388.0
ACGC,ACP Holdings Acquisition Corp.,0002111542,0,,,,
CYDY,CytoDyn Inc.,0001175680,0,3745000.0,0.0,18047000.0,114089000.0
OIA,Invesco Municipal Income Opportunities Trust,0000835333,0,,,,
FATE,FATE THERAPEUTICS INC,0001434316,0,-136315000.0,6646000.0,318937000.0,
FGII,FG Imperii Acquisition Corp.,0002090452,0,-21056.0,,163944.0,175000.0
LQDD,BANK OF MONTREAL /CAN/,0000927971,0,,,,
WTIU,BANK OF MONTREAL /CAN/,0000927971,0,,,,
CARD,BANK OF MONTREAL /CAN/,0000927971,0,,,,
ONON,On Holding AG,0001858985,0,,,,
FPS,"Forgent Power Solutions, Inc.",0002080126,0,,,,
ABVX,Abivax S.A.,0001956827,0,,,,
PSO,PEARSON PLC,0000938323,0,,,,
JTGLF,"Citibank,N.A./ADR",0001472033,0,,,,
CELU,Celularity Inc,0001752828,0,-91716000.0,26550000.0,107329000.0,145391000.0
HYGU,BANK OF MONTREAL /CAN/,0000927971,0,,,,
JETD,BANK OF MONTREAL /CAN/,0000927971,0,,,,
LQDU,BANK OF MONTREAL /CAN/,0000927971,0,,,,
JETU,BANK OF MONTREAL /CAN/,0000927971,0,,,,
AIQD,BANK OF MONTREAL /CAN/,0000927971,0,,,,
CARU,BANK OF MONTREAL /CAN/,0000927971,0,,,,
HYGD,BANK OF MONTREAL /CAN/,0000927971,0,,,,
BULZ,BANK OF MONTREAL /CAN/,0000927971,0,,,,
BNKU,BANK OF MONTREAL /CAN/,0000927971,0,,,,
BNKD,BANK OF MONTREAL /CAN/,0000927971,0,,,,
BIOM,"SB Technology Holdings, Inc.",0001091326,0,-6189504.0,0.0,1323102.0,
BERZ,BANK OF MONTREAL /CAN/,0000927971,0,,,,
SHNY,BANK OF MONTREAL /CAN/,0000927971,0,,,,
AIQU,BANK OF MONTREAL /CAN/,0000927971,0,,,,
SMHU,BANK OF MONTREAL /CAN/,0000927971,0,,,,
RTNTF,RIO TINTO LTD,0000887028,0,,,,
SAN,"Banco Santander, S.A.",0000891478,0,,,,
XPEV,XPENG INC.,0001810997,0,,,,
LOCL,Local Bounti Corporation/DE,0001840780,0,-94379000.0,48365000.0,410493000.0,576729000.0
GIL,Gildan Activewear Inc.,0001061894,0,,,,
BAP,CREDICORP LTD,0001001290,0,,,,
FTS,Fortis Inc.,0001666175,0,,,,
RDY,DR REDDYS LABORATORIES LTD,0001135951,0,,,,
OILU,BANK OF MONTREAL /CAN/,0000927971,0,,,,
OILD,BANK OF MONTREAL /CAN/,0000927971,0,,,,
NRGU,BANK OF MONTREAL /CAN/,0000927971,0,,,,
NRGD,BANK OF MONTREAL /CAN/,0000927971,0,,,,
GDXU,BANK OF MONTREAL /CAN/,0000927971,0,,,,
WTID,BANK OF MONTREAL /CAN/,0000927971,0,,,,
TXEMF,TEMPLETON EMERGING MARKETS INCOME FUND,0000909112,0,,,,
PAYP,PayPay Corp,0002080845,0,,,,
NVS,NOVARTIS AG,0001114448,0,,,,
NVO,NOVO NORDISK A S,0000353278,0,,,,
DGAC,DISCIPLINED GROWTH ACQUISITION Corp,0002111038,0,,,,
MAGH,Magnitude International Ltd,0002046117,0,,,,
MAMK,MaxsMaking Inc.,0002008007,0,,,,
RVLGF,Revival Gold Inc.,0001616885,0,,,,
GARLF,Roxmore Resources Inc.,0001725569,0,,,,
PTAC,Patriot Acquisition Corp./CI,0002099095,0,,,,
SUJA,"SUJA LIFE, INC.",0001934114,0,,,,
RACC,Research Alliance Corp III,0002118032,0,,,,
IMUX,"IMMUNIC, INC.",0001280776,0,-97172000.0,,24052000.0,30725000.0
SUGRF,Sucro Ltd,0001996493,0,,,,
LTGR,Long Table Growth Corp.,0002104177,0,,,,
IRAB,Iris Acquisition Corp II,0002077785,0,-68023.0,,139598.0,182621.0
CRAC,Crown Reserve Acquisition Corp. I,0002070887,0,1129754.0,,173851920.0,
SABA,Saba Capital Income & Opportunities Fund II,0000828803,0,,,,
WETO,Wetour Robotics Ltd,0001941158,0,,,,
MAPPF,PROSTAR HOLDINGS INC. /BC,0001493130,0,,,,
BNT,Brookfield Wealth Solutions Ltd.,0001837429,0,,,,
NVMI,NOVA LTD.,0001109345,0,,,,
AG,FIRST MAJESTIC SILVER CORP,0001308648,0,,,,
AEFC,AEGON LTD.,0000769218,0,,,,
TYOYF,TAIYO YUDEN CO LTD /ADR/,0000354516,0,,,,
PAASF,PAN AMERICAN SILVER CORP,0000771992,0,,,,
CNDIF,CANADIAN IMPERIAL BANK OF COMMERCE /CAN/,0001045520,0,,,,
CMLSQ,CUMULUS MEDIA INC,0001058623,0,-200702000.0,741695000.0,940960000.0,1132481000.0
GUT-PC,GABELLI UTILITY TRUST,0001080720,0,,,,
NCLTY,"Nitori Holdings Co., Ltd.",0001801729,0,,,,
ENLT,Enlight Renewable Energy Ltd.,0001922641,0,,,,
LKNCY,Luckin Coffee Inc.,0001767582,0,,,,
RY,ROYAL BANK OF CANADA,0001000275,0,,,,
BABA,Alibaba Group Holding Ltd,0001577552,0,,,,
GAM-PB,GENERAL AMERICAN INVESTORS CO INC,0000040417,0,,,,
RTO,RENTOKIL INITIAL PLC /FI,0000930157,0,,,,
TFII,TFI International Inc.,0001588823,0,,,,
BLIV,BeLive Holdings,0001982448,0,,,,
KISB,KISH BANCORP INC,0000803742,0,,,,
INIKF,PopReach Corp,0001928722,0,,,,
RBTK,ZHEN DING RESOURCES INC.,0001594204,0,286663.0,,6812.0,
CRLBF,Cresco Labs Inc.,0001832928,0,,,,
EOD,ALLSPRING GLOBAL DIVIDEND OPPORTUNITY FUND,0001386067,0,,,,
DSM,"BNY MELLON STRATEGIC MUNICIPAL BOND FUND, INC.",0000855887,0,,,,
SHOT,RMG ML Sports Holdings,0002104879,0,,,,
RMM,"RiverNorth Managed Duration Municipal Income Fund, Inc.",0001771226,0,,,,
BGIN,BGIN BLOCKCHAIN Ltd,0001945565,0,,,,
PNPNF,POWER METALLIC MINES INC.,0000855950,0,,,,
RNA,"Atrium Therapeutics, Inc.",0002093101,0,,,,
ROMA,Roma Green Finance Ltd,0001945240,0,,,,
BSP,Bending Spoons S.p.A.,0002004711,0,,,,
HKD,AMTD Digital Inc.,0001809691,0,,,,
DLAKY,DEUTSCHE LUFTHANSA A G /FI,0001049724,0,,,,
CONE,"Compass Sub North, Inc.",0002103884,0,,,,
TMTNY,Toromont Industries Ltd./ADR,0002072098,0,,,,
SUZ,Suzano S.A.,0000909327,0,,,,
PSF,"Cohen & Steers Select Preferred & Income Fund, Inc.",0001498612,0,,,,
ESEA,EUROSEAS LTD.,0001341170,0,,,,
MRCO,Mercator Acquisition Corp.,0002106436,0,,,,
ZJYL,Jin Medical International Ltd.,0001837821,0,,,,
SMDRF,SIERRA MADRE GOLD & SILVER LTD.,0001939801,0,,,,
RAIL,"FreightCar America, Inc.",0001320854,0,-41447000.0,500991000.0,290049000.0,397462000.0
EIC,Eagle Point Income Co Inc.,0001754836,0,,,,
TROO,"Troops, Inc. /Cayman Islands/",0001412095,0,,,,
RDNW,"RideNow Group, Inc.",0001596961,0,-52400000.0,1793369000.0,673600000.0,686100000.0
DHTI,"Dalrada Technology Group, Inc.",0000725394,0,-24646581.0,20302803.0,18358895.0,25047312.0
OBICY,"OBIC Co., Ltd./ADR",0002077146,0,,,,
MICC,Magnum Ice Cream Co N.V.,0002071668,0,,,,
SNN,SMITH & NEPHEW PLC,0000845982,0,,,,
IAG,IAMGOLD CORP,0001203464,0,,,,
YARIY,YARA INTERNATIONAL ASA,0001279956,0,,,,
EGO,ELDORADO GOLD CORP /FI,0000918608,0,,,,
PAC,Pacific Airport Group,0001347557,0,,,,
AKZOY,AKZO NOBEL NV,0000003124,0,,,,
IGD,Voya GLOBAL EQUITY DIVIDEND & PREMIUM OPPORTUNITY FUND,0001285890,0,,,,
LI,Li Auto Inc.,0001791706,0,,,,
BZLFY,BUNZL PLC,0001072397,0,,,,
KGCRF,KINROSS GOLD CORP,0000701818,0,,,,
PNMXO,PUBLIC SERVICE CO OF NEW MEXICO,0000081023,0,,,,
BNTX,BioNTech SE,0001776985,0,,,,
PBA,PEMBINA PIPELINE CORP,0001546066,0,,,,
CHLSY,Chocoladefabriken Lindt & Spruengli AG/ADR,0001885110,0,,,,
VARRY,Var Energi ASA/ADR,0001919275,0,,,,
PHG,KONINKLIJKE PHILIPS NV,0000313216,0,,,,
MAIR,Madison Air Solutions Corp,0002098430,0,,,,
WBKCY,WESTPAC BANKING CORP,0000719245,0,,,,
BIII,Black Spade Acquisition III Co,0002087087,0,-86377.0,,3662952.0,3724329.0
JAB,JAB Acquisition Corp I,0002128739,0,,,,
TII,Titan Mining Corp,0001791703,0,,,,
SRV,NXG Cushing Midstream Energy Fund,0001400897,0,,,,
HLXC,Helix Acquisition Corp. III,0002099656,0,-51482.0,,307337.0,
ANIK,"Anika Therapeutics, Inc.",0000898437,0,-10880000.0,112819000.0,190270000.0,
ISNR,Snow Rothschild Acquisition Corp.,0002123475,0,,,,
XCBE,X3 Acquisition Corp. Ltd.,0002083493,0,-69205.0,,247558.0,291763.0
YSG,Yatsen Holding Ltd,0001819580,0,,,,
AMFN,"American Fusion, Inc.",0000096664,0,,,,
AEMRF,AGNICO EAGLE MINES LTD,0000002809,0,,,,
TELFY,TELEFONICA S A,0000814052,0,,,,
MOVE,"Corvex, Inc.",0001734750,0,-18285000.0,433000.0,5600000.0,9074000.0
GELHY,Geely Automobile Holdings Limited/ADR,0001474968,0,,,,
TME,Tencent Music Entertainment Group,0001744676,0,,,,
TCPA,TRANSCANADA PIPELINES LTD,0000099070,0,,,,
BPPFF,BP PLC,0000313807,0,,,,
KAZR,Skyline Builders Group Holding Ltd,0002031009,0,,,,
PSLV,Sprott Physical Silver Trust,0001494728,0,,,,
BLMOY,BELIMO Holding AG/ADR,0002109234,0,,,,
LNTCY,"Lens Technology Co., Ltd./ADR",0002098381,0,,,,
FMS,Fresenius Medical Care AG,0001333141,0,,,,
ICLR,ICON PLC,0001060955,0,,,,
CHKP,CHECK POINT SOFTWARE TECHNOLOGIES LTD,0001015922,0,,,,
WSE,Wise Group plc,0002099039,0,,,,
GAB-PK,GABELLI EQUITY TRUST INC,0000794685,0,,,,
GAB-PH,GABELLI EQUITY TRUST INC,0000794685,0,,,,
GAB-PG,GABELLI EQUITY TRUST INC,0000794685,0,,,,
AEG,AEGON LTD.,0000769218,0,,,,
DFKUY,"Daifuku Co., Ltd./ADR",0001762831,0,,,,
HBM,Hudbay Minerals Inc.,0001322422,0,,,,
GFS,GLOBALFOUNDRIES Inc.,0001709048,0,,,,
AVAC,American Ventures Acquisition Corp. I,0002111009,0,,,,
IMPP,Imperial Petroleum Inc./Marshall Islands,0001876581,0,,,,
SY,So-Young International Inc.,0001758530,0,,,,
PMMCF,Pampa Metals Corp,0001930459,0,,,,
SUMA,SUMA Acquisition Corp,0002105838,0,,,,
AUDC,AUDIOCODES LTD,0001086434,0,,,,
NERV,"Minerva Neurosciences, Inc.",0001598646,0,-293423177.0,41175600.0,97968888.0,233755048.0
ZH,Zhihu Inc.,0001835724,0,,,,
TDF,TEMPLETON DRAGON FUND INC,0000919893,0,,,,
SILC,SILICOM LTD.,0000916793,0,,,,
CGEN,COMPUGEN LTD,0001119774,0,,,,
SSAC,SPACSphere Acquisition Corp.,0002081300,0,-110178.0,,594065.0,679243.0
WEXPF,WESTERN EXPLORATION INC.,0000842622,0,,,,
GFL,GFL Environmental Inc.,0001780232,0,,,,
PUGBY,Puig Brands S.A./ADR,0002029472,0,,,,
SCRNY,"SCREEN Holdings Co., Ltd./ADR",0001544379,0,,,,
SKM,SK TELECOM CO LTD,0001015650,0,,,,
EMA,EMERA INC,0001127248,0,,,,
QNT,Quantinuum Inc.,0002110105,0,,,,
NXXT,"NEXTNRG, INC.",0001817004,0,-85738617.0,81835279.0,11063353.0,33178198.0
THCH,TH International Ltd,0001877333,0,,,,
CWLXF,C21 Investments Inc.,0000831609,0,,,,
KEP,KOREA ELECTRIC POWER CORP,0000887225,0,,,,
TLK,PERUSAHAAN PERSEROAN PERSERO PT TELEKOMUNIKASI INDONESIA TBK,0001001807,0,,,,
JBS,JBS N.V.,0001791942,0,,,,
HTHT,H World Group Ltd,0001483994,0,,,,
BETRF,BetterLife Pharma Inc.,0001464165,0,-121182.0,,383817.0,429200.0
EMBJ,EMBRAER S.A.,0001355444,0,,,,
VXZ,BARCLAYS BANK PLC,0000312070,0,,,,
GRAB,Grab Holdings Ltd,0001855612,0,,,,
BWVTF,BARCLAYS BANK PLC,0000312070,0,,,,
ATMP,BARCLAYS BANK PLC,0000312070,0,,,,
HWKE,"Hawkeye Digital, Inc.",0001750777,0,-523327.0,0.0,57917.0,3135271.0
DEFT,"Defi Technologies, Inc.",0001888274,0,,,,
HMH,HMH Holding Inc,0002021880,0,,,,
BXSY,BEXIL INVESTMENT TRUST,0001059213,0,,,,
SRZN,"Surrozen, Inc./DE",0001824893,0,-242026000.0,3477000.0,98726000.0,286488000.0
ACIU,AC Immune SA,0001651625,0,,,,
WLCO,Wilco 63 Corp,0002101470,0,,,,
PMM,FRANKLIN MANAGED MUNICIPAL INCOME TRUST,0000844790,0,,,,
CAMVF,Cambria Gold Mines Inc.,0001407582,0,,,,
PSHG,Performance Shipping Inc.,0001481241,0,,,,
OHAC,Oceanhawk Acquisition Corp.,0002090787,0,,,,
QADR,QDRO Acquisition Corp.,0002083217,0,,,,
TAPR,BARCLAYS BANK PLC,0000312070,0,,,,
GRN,BARCLAYS BANK PLC,0000312070,0,,,,
GBUG,BARCLAYS BANK PLC,0000312070,0,,,,
DJP,BARCLAYS BANK PLC,0000312070,0,,,,
GIB,CGI INC,0001061574,0,,,,
TU,TELUS CORP,0000868675,0,,,,
BCEIF,BCE INC,0000718940,0,,,,
BCENF,BCE INC,0000718940,0,,,,
BCAEF,BCE INC,0000718940,0,,,,
BCEXF,BCE INC,0000718940,0,,,,
BCEPF,BCE INC,0000718940,0,,,,
BCEFF,BCE INC,0000718940,0,,,,
NIMUD,NON INVASIVE MONITORING SYSTEMS INC /FL/,0000720762,0,-222000.0,6000.0,7000.0,954000.0
UEPCO,UNION ELECTRIC CO,0000100826,0,,,,
UEPEM,UNION ELECTRIC CO,0000100826,0,,,,
JJETF,BARCLAYS BANK PLC,0000312070,0,,,,
BBIO,"BridgeBio Pharma, Inc.",0001743881,0,-732938000.0,502076000.0,936025000.0,3012606000.0
EQX,Equinox Gold Corp.,0001756607,0,,,,
AGI,ALAMOS GOLD INC,0001178819,0,,,,
VXX,BARCLAYS BANK PLC,0000312070,0,,,,
RCS,"PIMCO STRATEGIC INCOME FUND, INC.",0000916183,0,,,,
MMT,ABERDEEN MULTI-MARKET INCOME FUND,0000809173,0,,,,
SBMT,SILVER BOW MINING CORP.,0002067674,0,,,,
XSLL,Xsolla SPAC 1,0002088807,0,-76662.0,,223020.0,274682.0
NPCT,Nuveen Core Plus Impact Fund,0001835068,0,,,,
NHIV,NewHold Investment Corp IV,0002099767,0,,,,
ELLO,Ellomay Capital Ltd.,0000946394,0,,,,
TSI,TCW STRATEGIC INCOME FUND INC,0000809559,0,,,,
SCII,SC II Acquisition Corp.,0002076739,0,104840.0,,174187169.0,
SLGL,Sol-Gel Technologies Ltd.,0001684693,0,,,,
IPHA,Innate Pharma SA,0001598599,0,,,,
BONXF,BONTERRA RESOURCES INC.,0001544770,0,,,,
DSEEY,Daiwa Securities Group Inc.,0001481045,0,,,,
BHP,BHP Group Ltd,0000811809,0,,,,
MUFG,MITSUBISHI UFJ FINANCIAL GROUP INC,0000067088,0,,,,
SAP,SAP SE,0001000184,0,,,,
ARM,ARM HOLDINGS PLC /UK,0001973239,0,,,,
SHEL,Shell plc,0001306965,0,,,,
AZN,ASTRAZENECA PLC,0000901832,0,,,,
ABAKF,"ABRDN ASIA-PACIFIC INCOME FUND, INC.",0000790500,0,,,,
ECF-PA,ELLSWORTH GROWTH & INCOME FUND LTD,0000793040,0,,,,
NPPXF,NIPPON TELEGRAPH & TELEPHONE CORP,0000769594,0,,,,
BCPPF,BCE INC,0000718940,0,,,,
AILIP,Ameren Illinois Co,0000018654,0,,,,
AILIO,Ameren Illinois Co,0000018654,0,,,,
GRWTF,GREAT-WEST LIFECO INC.,0000850918,0,,,,
GRWLF,GREAT-WEST LIFECO INC.,0000850918,0,,,,
GRWFF,GREAT-WEST LIFECO INC.,0000850918,0,,,,
RMTHF,MAGIC SOFTWARE ENTERPRISES LTD,0000876779,0,,,,
ITRG,Integra Resources Corp.,0001722387,0,,,,
MUZE,Muzero Acquisition Corp,0002093484,0,-49541.0,,198950.0,223491.0
TG,TREDEGAR CORP,0000850429,0,,,,
NTPIF,NAM TAI PROPERTY INC.,0000829365,0,,,,
ACV,Virtus Diversified Income & Convertible Fund,0001636289,0,,,,
ERC,ALLSPRING MULTI-SECTOR INCOME FUND,0001227073,0,,,,
WLII,Willow Lane Acquisition Corp. II,0002083946,0,,,,
KF,KOREA FUND INC,0000748691,0,,,,
VRXA,Veraxa Biotech AG - Post de-SPAC,0002079109,0,,,,
PFSTY,Pfisterer Holdings SE/ADR,0002120422,0,,,,
HACBF,HACHIJUNI BANK LTD,0000793742,0,,,,
SBS,COMPANHIA DE SANEAMENTO BASICO DO ESTADO DE SAO PAULO-SABESP,0001170858,0,,,,
ASND,Ascendis Pharma A/S,0001612042,0,,,,
PS,PERSHING SQUARE INC.,0002026053,0,,,,
TIGO,MILLICOM INTERNATIONAL CELLULAR SA,0000912958,0,,,,
PKX,POSCO HOLDINGS INC.,0000889132,0,,,,
MGA,MAGNA INTERNATIONAL INC,0000749098,0,,,,
VAUCF,Viva Gold Corp.,0001723047,0,,,,
BEP,Brookfield Renewable Partners L.P.,0001533232,0,,,,
BAWAY,BAWAG Group AG/ADR,0001968385,0,,,,
PHYS,Sprott Physical Gold Trust,0001477049,0,,,,
INIO,INNIO N.V.,0002109150,0,,,,
ARNNY,ASR Nederland N.V./ADR,0001719117,0,,,,
WF,WOORI FINANCIAL GROUP INC.,0001264136,0,,,,
DIDIY,DiDi Global Inc.,0001764757,0,,,,
BSAC,BANCO SANTANDER CHILE,0001027552,0,,,,
ZTO,ZTO Express (Cayman) Inc.,0001677250,0,,,,
FUTU,Futu Holdings Ltd,0001754581,0,,,,
SRGBF,SURUGA BANK LTD/ADR/,0000095666,0,,,,
KYOAY,KYOCERA CORP,0000057083,0,,,,
GWLPF,GREAT-WEST LIFECO INC.,0000850918,0,,,,
TRGS,TRG Latin America Acquisitions Corp.,0002098780,0,,,,
TETOF,Tectonic Metals Inc.,0001783432,0,,,,
FXHO,UTime Ltd,0001789299,0,,,,
EBRGF,ENBRIDGE INC,0000895728,0,,,,
EBGEF,ENBRIDGE INC,0000895728,0,,,,
SOAGY,Sartorius AG/ADR,0001715801,0,,,,
AMOD,"ALPHA MODUS HOLDINGS, INC.",0001862463,0,-8021235.0,7138.0,815827.0,8595481.0
KSPI,Joint Stock Co Kaspi.kz,0001985487,0,,,,
YPF,YPF SOCIEDAD ANONIMA,0000904851,0,,,,
GMAB,GENMAB A/S,0001434265,0,,,,
SQM,CHEMICAL & MINING CO OF CHILE INC,0000909037,0,,,,
IHG,INTERCONTINENTAL HOTELS GROUP PLC /NEW/,0000858446,0,,,,
TRMOY,Tourmaline Oil Corp/ADR,0002071881,0,,,,
TELNY,TELENOR ASA,0001126113,0,,,,
BEKE,KE Holdings Inc.,0001809587,0,,,,
RCI,ROGERS COMMUNICATIONS INC,0000733099,0,,,,
ARXS,"Arxis, Inc.",0002093536,0,,,,
TDBCP,TORONTO DOMINION BANK,0000947263,0,,,,
RYLBF,ROYAL BANK OF CANADA,0001000275,0,,,,
LGVT,UBUYHOLDINGS INC,0000787496,0,-52725.0,,,
WOLTF,WOLTERS KLUWER N V /FI,0000861967,0,,,,
EBRZF,ENBRIDGE INC,0000895728,0,,,,
WRLGF,West Red Lake Gold Mines Ltd.,0001733968,0,,,,
ACB,AURORA CANNABIS INC,0001683541,0,,,,
TSKFF,Talisker Resources Ltd.,0001803800,0,,,,
RNLXY,Renalytix plc,0001811115,0,-33456000.0,2289000.0,7972000.0,15826000.0
THEO,BOA Acquisition Corp. II,0002080216,0,,,,
NUW,Nuveen AMT-Free Municipal Value Fund,0001450445,0,,,,
GLDG,GoldMining Inc.,0001538847,0,,,,
BRBI,BRBI BR Partners S.A.,0002058601,0,,,,
HHLKF,Hot Chili Ltd,0001562823,0,,,,
ADAG,Adagene Inc.,0001818838,0,,,,
SNTUF,Santander UK plc,0001087711,0,,,,
STNDF,Santander UK plc,0001087711,0,,,,
WIT,WIPRO LTD,0001123799,0,,,,
WTKWY,WOLTERS KLUWER N V /FI,0000861967,0,,,,
ENNPF,ENBRIDGE INC,0000895728,0,,,,
ENBRF,ENBRIDGE INC,0000895728,0,,,,
ENBHF,ENBRIDGE INC,0000895728,0,,,,
ENFFF,ENBRIDGE INC,0000895728,0,,,,
ENBNF,ENBRIDGE INC,0000895728,0,,,,
ENBSF,ENBRIDGE INC,0000895728,0,,,,
ENBOF,ENBRIDGE INC,0000895728,0,,,,
ENBMF,ENBRIDGE INC,0000895728,0,,,,
TEN-PF,TSAKOS ENERGY NAVIGATION LTD,0001166663,0,,,,
TEN-PE,TSAKOS ENERGY NAVIGATION LTD,0001166663,0,,,,
TSEM,TOWER SEMICONDUCTOR LTD,0000928876,0,,,,
HSAI,Hesai Group,0001861737,0,,,,
QZMRF,QUARTZ MOUNTAIN RESOURCES LTD,0000811522,0,,,,
PAAS,PAN AMERICAN SILVER CORP,0000771992,0,,,,
FNFPA,FIRST NILES FINANCIAL INC,0001065823,0,,,,
HKHHY,HEINEKEN HOLDING N V,0001142231,0,,,,
BCE,BCE INC,0000718940,0,,,,
EDPFY,EDP ENERGIAS DE PORTUGAL SA,0001039610,0,,,,
CNGKY,Cheung Kong Property Holdings Limited/ADR,0001653192,0,,,,
STLA,Stellantis N.V.,0001605484,0,,,,
ENBGF,ENBRIDGE INC,0000895728,0,,,,
ENBFF,ENBRIDGE INC,0000895728,0,,,,
EBBGF,ENBRIDGE INC,0000895728,0,,,,
ORANY,ORANGE,0001038143,0,,,,
NEWEN,NATIONAL GRID PLC,0001004315,0,,,,
NMKBP,NATIONAL GRID PLC,0001004315,0,,,,
NMKCP,NATIONAL GRID PLC,0001004315,0,,,,
NMPWP,NATIONAL GRID PLC,0001004315,0,,,,
MNUFF,MANULIFE FINANCIAL CORP,0001086888,0,,,,
BNH,BROOKFIELD Corp /ON/,0001001085,0,,,,
BKPA,BROOKFIELD Corp /ON/,0001001085,0,,,,
BRFAF,BROOKFIELD Corp /ON/,0001001085,0,,,,
TRP,TC ENERGY CORP,0001232384,0,,,,
TRPRF,TC ENERGY CORP,0001232384,0,,,,
TCENF,TC ENERGY CORP,0001232384,0,,,,
CSCIF,COSCIENS Biopharma Inc.,0001113423,0,,,,
SUNFF,SUN LIFE FINANCIAL INC,0001097362,0,,,,
SLVO,CREDIT SUISSE AG,0001053092,0,,,,
GLDI,CREDIT SUISSE AG,0001053092,0,,,,
SLFQF,SUN LIFE FINANCIAL INC,0001097362,0,,,,
CPZ,Calamos Long/Short Equity & Dynamic Income Trust,0001717457,0,,,,
RLTY,Cohen & Steers Real Estate Opportunities & Income Fund,0001866874,0,,,,
TCEYF,TC ENERGY CORP,0001232384,0,,,,
XOM,ExxonMobil Holdings Corp,0002115436,0,,,,
HSBC,HSBC HOLDINGS PLC,0001089113,0,,,,
MNLCF,MANULIFE FINANCIAL CORP,0001086888,0,,,,
MNUPF,MANULIFE FINANCIAL CORP,0001086888,0,,,,
TMSOF,THOMSON REUTERS CORP /CAN/,0001075124,0,,,,
UXIN,Uxin Ltd,0001729173,0,,,,
IPVV,"InterPrivate Investment Partners V, Inc.",0002105274,0,,,,
XPOF,"Xponential Fitness, Inc.",0001802156,0,-38683000.0,11092000.0,345634000.0,717587000.0
GORO,Goldgroup Mining Inc.,0001515964,0,,,,
PTHRF,Pantheon Resources plc,0001621910,0,,,,
FUFU,Bitfufu Inc.,0001921158,0,,,,
BDSX,BIODESIX INC,0001439725,0,-35265000.0,88499000.0,87476000.0,89941000.0
PTCCY,PETROCHINA CO LTD,0001108329,0,,,,
ASML,ASML HOLDING NV,0000937966,0,,,,
AER,AerCap Holdings N.V.,0001378789,0,,,,
BCH,BANK OF CHILE,0001161125,0,,,,
YRAIF,YARA INTERNATIONAL ASA,0001279956,0,,,,
